"","","SKU-DON Industries Ltd.","","","","","","","","","","","","Page  1"
"","","","","","","","---------------------- Functional Currency -----------------","","","","","","",""
"#","Product Description","Customer Name","Column1","Year","Prd.","Quantity","Revenue","Count","Column2","Count3","Costs","Margin","Column4",""
"1","Lobster - Baby, Boiled","Stanton, Predovic and Larson","null","2019","2","1.0000","16.00","1","0","12.00","4.00","null","25.00000",""
"2","Tea - Herbal Orange Spice","Stanton, Predovic and Larson","null","null","null","null","null","null","null","null","null","null","null",""
"3","Cookies - Assorted","Stanton, Predovic and Larson","null","null","null","null","null","null","null","null","null","null","null",""
"4","Cookies - Assorted","Stanton, Predovic and Larson","null","2019","5","0.6000","0.00","1","0","7.29","-7.29","null","0.00000",""
"5","Juice - V8 Splash","Stanton, Predovic and Larson","null","null","null","null","null","null","null","null","null","null","null",""
"6","Raspberries - Frozen","Stanton, Predovic and Larson","null","null","null","null","null","null","null","null","null","null","null",""
"7","null","null","Customer Total:","null","null","null","16.00","null","null","206.67","null","null","null",""
"8","White (Bianco)Truffle Oil 250 ml","Stanton, Predovic and Larson","null","null","null","null","null","null","null","null","null","null","null",""
"9","White (Bianco)Truffle Oil 250 ml","Predovic, Pollich and Gislason","null","null","null","null","null","null","null","null","null","null","null",""
"10","Butter - Salted, Micro","Predovic, Pollich and Gislason","null","null","null","null","null","null","null","null","null","null","null",""
"11","Butter - Salted, Micro","Predovic, Pollich and Gislason","null","2019","1","-132.0000","1,980.00","1","2","-867.89","-1,112.11","null","56.16717",""
"12","Fresh Chanterelle 1lb","Predovic, Pollich and Gislason","null","null","null","null","null","null","null","null","null","null","null",""
"13","Fresh Chanterelle 1lb","Predovic, Pollich and Gislason","null","null","null","null","null","null","null","null","null","null","null",""
"14","Flour - Corn, Fine","Predovic, Pollich and Gislason","null","null","null","null","null","null","null","null","null","null","null",""
"15","Flour - Corn, Fine","Predovic, Pollich and Gislason","null","2019","1","0.0000","3,675.00","3","3","-6,316.24","6,316.24","null","0.00000",""
"16","Fresh Matsutake 1kg","Predovic, Pollich and Gislason","null","null","null","null","null","null","null","null","null","null","null",""
"17","Fresh Matsutake 1kg","Predovic, Pollich and Gislason","null","null","null","null","null","null","null","null","null","null","null",""
"18","Sprouts - Onion","Predovic, Pollich and Gislason","null","null","null","null","null","null","null","null","null","null","null",""
"19","Sprouts - Onion","Predovic, Pollich and Gislason","null","2019","2","0.0000","0.00","0","3","0.00","0.00","null","0.00000",""
"20","Dried Morel (#1) 1kg","Predovic, Pollich and Gislason","null","null","null","null","null","null","null","null","null","null","null",""
"21","Dried Morel (#1) 1kg","Predovic, Pollich and Gislason","null","null","null","null","null","null","null","null","null","null","null",""
"22","Dried Morel (#1) 1kg","Predovic, Pollich and Gislason","null","null","null","null","null","null","null","null","null","null","null",""
"23","null","null","Customer Total:","null","null","null","5,655.00","null","null","-7,184.13","null","null","null",""
"24","Dried Morel (#1) 1kg","Predovic, Pollich and Gislason","null","null","null","null","null","null","null","null","null","null","null",""
"25","Dried Morel (#1) 1kg","Willms, Predovic and Rippin","null","null","null","null","null","null","null","null","null","null","null",""
"26","Octopus","Willms, Predovic and Rippin","null","null","null","null","null","null","null","null","null","null","null",""
"27","Octopus","Willms, Predovic and Rippin","null","2019","1","2.0000","37.00","2","0","32.89","4.11","null","11.10811",""
"28","Veal - Ground","Willms, Predovic and Rippin","null","null","null","null","null","null","null","null","null","null","null",""
"29","Veal - Ground","Willms, Predovic and Rippin","null","null","null","null","null","null","null","null","null","null","null",""
"30","Veal - Ground","Willms, Predovic and Rippin","null","2019","2","1.0000","22.50","1","0","16.47","6.03","null","26.80000",""
"31","Veal - Ground","Willms, Predovic and Rippin","null","null","null","null","null","null","null","null","null","null","null",""
"32","Veal - Ground","Willms, Predovic and Rippin","null","2019","4","2.0000","45.00","2","0","33.48","11.52","null","25.60000",""
"33","Veal - Ground","Willms, Predovic and Rippin","null","2019","5","3.0000","67.50","2","0","50.01","17.49","null","25.91111",""
"34","Veal - Ground","Willms, Predovic and Rippin","null","2019","6","1.0000","22.50","1","0","16.59","5.91","null","26.26667",""
"35","Tomatoes - Heirloom","Willms, Predovic and Rippin","null","null","null","null","null","null","null","null","null","null","null",""
"36","Tomatoes - Heirloom","Willms, Predovic and Rippin","null","2019","1","3.0000","36.90","3","0","28.43","8.47","null","22.95393",""
"37","Wine - Red, Metus Rose","Willms, Predovic and Rippin","null","null","null","null","null","null","null","null","null","null","null",""
"38","Wine - Red, Metus Rose","Willms, Predovic and Rippin","null","null","null","null","null","null","null","null","null","null","null",""
"39","Wine - Red, Metus Rose","Willms, Predovic and Rippin","null","2019","2","8.0000","112.00","6","0","76.48","35.52","null","31.71429",""
"40","Wine - Red, Metus Rose","Willms, Predovic and Rippin","null","null","null","null","null","null","null","null","null","null","null",""
"41","Wine - Red, Metus Rose","Willms, Predovic and Rippin","null","2019","3","3.0000","42.00","3","0","28.81","13.19","null","31.40476",""
"42","Wine - Red, Metus Rose","Willms, Predovic and Rippin","null","2019","4","3.0000","42.00","3","0","28.83","13.17","null","31.35714",""
"43","Wine - Red, Metus Rose","Willms, Predovic and Rippin","null","2019","5","1.0000","28.00","2","1","9.66","15.84","null","62.11765",""
"44","Wine - Red, Metus Rose","Willms, Predovic and Rippin","null","2019","6","1.0000","14.00","1","0","9.65","4.35","null","31.07143",""
"45","Soup - Campbells, Creamy","Willms, Predovic and Rippin","null","null","null","null","null","null","null","null","null","null","null",""
"46","Soup - Campbells, Creamy","Willms, Predovic and Rippin","null","2019","1","1.0000","16.00","1","0","11.01","4.99","null","31.18750",""
"47","Juice - V8, Tomato","Willms, Predovic and Rippin","null","null","null","null","null","null","null","null","null","null","null",""
"48","Juice - V8, Tomato","Willms, Predovic and Rippin","null","null","null","null","null","null","null","null","null","null","null",""
"49","Juice - V8, Tomato","Willms, Predovic and Rippin","null","2019","2","4.0000","77.00","1","0","44.00","33.00","null","42.85714",""
"50","Juice - V8, Tomato","Willms, Predovic and Rippin","null","null","null","null","null","null","null","null","null","null","null",""
"51","Juice - V8, Tomato","Willms, Predovic and Rippin","null","2019","4","1.0000","19.25","1","0","11.00","8.25","null","42.85714",""
"52","Kippers - Smoked","Willms, Predovic and Rippin","null","null","null","null","null","null","null","null","null","null","null",""
"53","Kippers - Smoked","Willms, Predovic and Rippin","null","2019","1","40.0000","746.50","9","1","580.00","146.00","null","20.11019",""
"54","Fresh Portabella - 5lbs","Willms, Predovic and Rippin","null","null","null","null","null","null","null","null","null","null","null",""
"55","Fresh Portabella - 5lbs","Willms, Predovic and Rippin","null","null","null","null","null","null","null","null","null","null","null",""
"56","Fresh Portabella - 5lbs","Willms, Predovic and Rippin","null","2019","2","7.0000","154.00","2","0","102.63","51.37","null","33.35714",""
"57","Fresh Portabella - 5lbs","Willms, Predovic and Rippin","null","null","null","null","null","null","null","null","null","null","null",""
"58","Fresh Portabella - 5lbs","Willms, Predovic and Rippin","null","2019","3","16.0000","352.00","3","0","234.09","117.91","null","33.49716",""
"59","Fresh Portabella - 5lbs","Willms, Predovic and Rippin","null","2019","4","29.0000","638.00","7","0","421.36","216.64","null","33.95611",""
"60","Fresh Portabella - 5lbs","Willms, Predovic and Rippin","null","2019","5","12.0000","264.00","2","0","174.25","89.75","null","33.99621",""
"61","Fresh Portabella - 5lbs","Willms, Predovic and Rippin","null","2019","6","12.0000","264.00","3","0","176.02","87.98","null","33.32576",""
"62","Lamb - Leg, Boneless","Willms, Predovic and Rippin","null","null","null","null","null","null","null","null","null","null","null",""
"63","Lamb - Leg, Boneless","Willms, Predovic and Rippin","null","2019","3","4.0000","68.00","1","0","57.83","10.17","null","14.95588",""
"64","Fresh Portabello 5lbs - White Spot","Willms, Predovic and Rippin","null","null","null","null","null","null","null","null","null","null","null",""
"65","Fresh Portabello 5lbs - White Spot","Willms, Predovic and Rippin","null","null","null","null","null","null","null","null","null","null","null",""
"66","Sugar - Palm","Willms, Predovic and Rippin","null","null","null","null","null","null","null","null","null","null","null",""
"67","Sugar - Palm","Willms, Predovic and Rippin","null","2019","1","7.0000","178.00","4","0","114.78","63.22","null","35.51685",""
"68","Tarragon - Fresh","Willms, Predovic and Rippin","null","null","null","null","null","null","null","null","null","null","null",""
"69","Tarragon - Fresh","Willms, Predovic and Rippin","null","null","null","null","null","null","null","null","null","null","null",""
"70","Tarragon - Fresh","Willms, Predovic and Rippin","null","2019","2","1.0000","9.00","1","0","17.42","-8.42","null","-93.55556",""
"71","Tarragon - Fresh","Willms, Predovic and Rippin","null","null","null","null","null","null","null","null","null","null","null",""
"72","Tarragon - Fresh","Willms, Predovic and Rippin","null","2019","3","7.0000","196.00","4","0","125.83","70.17","null","35.80102",""
"73","Tarragon - Fresh","Willms, Predovic and Rippin","null","2019","4","4.0000","114.00","2","0","73.60","40.40","null","35.43860",""
"74","Tarragon - Fresh","Willms, Predovic and Rippin","null","2019","5","4.0000","114.00","2","0","74.52","39.48","null","34.63158",""
"75","Tarragon - Fresh","Willms, Predovic and Rippin","null","2019","6","1.0000","28.50","1","0","18.71","9.79","null","34.35088",""
"76","Lobster - Tail 6 Oz","Willms, Predovic and Rippin","null","null","null","null","null","null","null","null","null","null","null",""
"77","Lobster - Tail 6 Oz","Willms, Predovic and Rippin","null","2019","2","1.0000","19.75","1","0","8.23","11.52","null","58.32911",""
"78","Flour - Chickpea","Willms, Predovic and Rippin","null","null","null","null","null","null","null","null","null","null","null",""
"79","Flour - Chickpea","Willms, Predovic and Rippin","null","null","null","null","null","null","null","null","null","null","null",""
"80","Flour - Chickpea","Willms, Predovic and Rippin","null","2019","3","1.0000","19.75","1","0","8.23","11.52","null","58.32911",""
"81","Flour - Chickpea","Willms, Predovic and Rippin","null","null","null","null","null","null","null","null","null","null","null",""
"82","Flour - Chickpea","Willms, Predovic and Rippin","null","2019","4","1.0000","19.75","1","0","8.23","11.52","null","58.32911",""
"83","Flour - Chickpea","Willms, Predovic and Rippin","null","2019","6","1.0000","19.75","1","0","8.23","11.52","null","58.32911",""
"84","Island Oasis - Cappucino Mix","Willms, Predovic and Rippin","null","null","null","null","null","null","null","null","null","null","null",""
"85","Island Oasis - Cappucino Mix","Willms, Predovic and Rippin","null","2019","1","1.0000","15.50","1","0","9.11","6.39","null","41.22581",""
"86","Tomato - Tricolor Cherry","Willms, Predovic and Rippin","null","null","null","null","null","null","null","null","null","null","null",""
"87","Tomato - Tricolor Cherry","Willms, Predovic and Rippin","null","null","null","null","null","null","null","null","null","null","null",""
"88","Pears - Bartlett","Willms, Predovic and Rippin","null","null","null","null","null","null","null","null","null","null","null",""
"89","Pears - Bartlett","Willms, Predovic and Rippin","null","2019","1","2.0000","57.00","1","0","29.89","27.11","null","47.56140",""
"90","Garbage Bag - Clear","Willms, Predovic and Rippin","null","null","null","null","null","null","null","null","null","null","null",""
"91","Garbage Bag - Clear","Willms, Predovic and Rippin","null","null","null","null","null","null","null","null","null","null","null",""
"92","Garbage Bag - Clear","Willms, Predovic and Rippin","null","2019","2","0.0000","-9.00","0","0","0.00","-9.00","null","100.00000",""
"93","Garbage Bag - Clear","Willms, Predovic and Rippin","null","null","null","null","null","null","null","null","null","null","null",""
"94","Garbage Bag - Clear","Willms, Predovic and Rippin","null","2019","3","1.0000","30.50","1","0","14.94","15.56","null","51.01639",""
"95","Hand Towel","Willms, Predovic and Rippin","null","null","null","null","null","null","null","null","null","null","null",""
"96","Hand Towel","Willms, Predovic and Rippin","null","2019","1","3.0000","125.00","3","0","82.51","42.49","null","33.99200",""
"97","Bulgar","Willms, Predovic and Rippin","null","null","null","null","null","null","null","null","null","null","null",""
"98","Bulgar","Willms, Predovic and Rippin","null","null","null","null","null","null","null","null","null","null","null",""
"99","Bulgar","Willms, Predovic and Rippin","null","2019","2","7.0000","273.00","5","0","200.33","72.67","null","26.61905",""
"100","Bulgar","Willms, Predovic and Rippin","null","null","null","null","null","null","null","null","null","null","null",""
"101","Bulgar","Willms, Predovic and Rippin","null","2019","3","5.0000","216.00","3","0","148.80","67.20","null","31.11111",""
"102","Bulgar","Willms, Predovic and Rippin","null","2019","4","2.0000","84.00","2","0","60.62","23.38","null","27.83333",""
"103","Bulgar","Willms, Predovic and Rippin","null","2019","5","3.0000","117.00","3","0","90.92","26.08","null","22.29060",""
"104","Tomatoes","Willms, Predovic and Rippin","null","null","null","null","null","null","null","null","null","null","null",""
"105","Tomatoes","Willms, Predovic and Rippin","null","2019","1","6.0000","84.00","1","0","24.05","59.95","null","71.36905",""
"106","Chinese Foods - Plain Fried Rice","Willms, Predovic and Rippin","null","null","null","null","null","null","null","null","null","null","null",""
"107","Chinese Foods - Plain Fried Rice","Willms, Predovic and Rippin","null","null","null","null","null","null","null","null","null","null","null",""
"108","Chinese Foods - Plain Fried Rice","Willms, Predovic and Rippin","null","2019","6","1.0000","13.00","1","0","4.01","8.99","null","69.15385",""
"109","Chinese Foods - Plain Fried Rice","Willms, Predovic and Rippin","null","null","null","null","null","null","null","null","null","null","null",""
"110","Flour - Buckwheat, Dark","Willms, Predovic and Rippin","null","null","null","null","null","null","null","null","null","null","null",""
"111","Flour - Buckwheat, Dark","Willms, Predovic and Rippin","null","2019","1","2.0000","96.00","2","0","56.25","39.75","null","41.40625",""
"112","Fiddlehead - Frozen","Willms, Predovic and Rippin","null","null","null","null","null","null","null","null","null","null","null",""
"113","Fiddlehead - Frozen","Willms, Predovic and Rippin","null","null","null","null","null","null","null","null","null","null","null",""
"114","Fiddlehead - Frozen","Willms, Predovic and Rippin","null","2019","2","5.0000","213.00","4","0","145.84","67.16","null","31.53052",""
"115","Fiddlehead - Frozen","Willms, Predovic and Rippin","null","null","null","null","null","null","null","null","null","null","null",""
"116","Fiddlehead - Frozen","Willms, Predovic and Rippin","null","2019","3","6.0000","264.00","4","0","176.04","87.96","null","33.31818",""
"117","Fiddlehead - Frozen","Willms, Predovic and Rippin","null","2019","4","4.0000","174.00","4","0","120.22","53.78","null","30.90805",""
"118","Fiddlehead - Frozen","Willms, Predovic and Rippin","null","2019","5","4.0000","172.10","4","0","121.10","51.00","null","29.63393",""
"119","Mix Pina Colada","Willms, Predovic and Rippin","null","null","null","null","null","null","null","null","null","null","null",""
"120","Mix Pina Colada","Willms, Predovic and Rippin","null","2019","6","1.0000","15.25","1","0","3.88","11.37","null","74.55738",""
"121","Lidsoupcont Rp12dn","Willms, Predovic and Rippin","null","null","null","null","null","null","null","null","null","null","null",""
"122","Lidsoupcont Rp12dn","Willms, Predovic and Rippin","null","null","null","null","null","null","null","null","null","null","null",""
"123","Kohlrabi","Willms, Predovic and Rippin","null","null","null","null","null","null","null","null","null","null","null",""
"124","Kohlrabi","Willms, Predovic and Rippin","null","2019","2","1.0000","14.00","1","0","4.13","9.87","null","70.50000",""
"125","Puree - Guava","Willms, Predovic and Rippin","null","null","null","null","null","null","null","null","null","null","null",""
"126","Puree - Guava","Willms, Predovic and Rippin","null","null","null","null","null","null","null","null","null","null","null",""
"127","Puree - Guava","Willms, Predovic and Rippin","null","2019","5","1.0000","14.00","1","0","4.13","9.87","null","70.50000",""
"128","Puree - Guava","Willms, Predovic and Rippin","null","null","null","null","null","null","null","null","null","null","null",""
"129","Squash - Sunburst","Willms, Predovic and Rippin","null","null","null","null","null","null","null","null","null","null","null",""
"130","Squash - Sunburst","Willms, Predovic and Rippin","null","2019","2","2.0000","45.00","1","0","20.67","24.33","null","54.06667",""
"131","Chocolate - Milk","Willms, Predovic and Rippin","null","null","null","null","null","null","null","null","null","null","null",""
"132","Chocolate - Milk","Willms, Predovic and Rippin","null","null","null","null","null","null","null","null","null","null","null",""
"133","Butter Balls Salted","Willms, Predovic and Rippin","null","null","null","null","null","null","null","null","null","null","null",""
"134","Butter Balls Salted","Willms, Predovic and Rippin","null","2019","2","4.0000","95.00","1","0","39.68","55.32","null","58.23158",""
"135","Cup - 4oz Translucent","Willms, Predovic and Rippin","null","null","null","null","null","null","null","null","null","null","null",""
"136","Cup - 4oz Translucent","Willms, Predovic and Rippin","null","null","null","null","null","null","null","null","null","null","null",""
"137","Caviar - Salmon","Willms, Predovic and Rippin","null","null","null","null","null","null","null","null","null","null","null",""
"138","Caviar - Salmon","Willms, Predovic and Rippin","null","2019","1","37.0000","847.25","9","0","412.45","434.80","null","51.31897",""
"139","Asparagus - Mexican","Willms, Predovic and Rippin","null","null","null","null","null","null","null","null","null","null","null",""
"140","Asparagus - Mexican","Willms, Predovic and Rippin","null","null","null","null","null","null","null","null","null","null","null",""
"141","Asparagus - Mexican","Willms, Predovic and Rippin","null","2019","2","12.0000","210.00","4","0","133.76","76.24","null","36.30476",""
"142","Asparagus - Mexican","Willms, Predovic and Rippin","null","null","null","null","null","null","null","null","null","null","null",""
"143","Asparagus - Mexican","Willms, Predovic and Rippin","null","2019","3","15.0000","281.25","8","0","167.23","114.02","null","40.54044",""
"144","Asparagus - Mexican","Willms, Predovic and Rippin","null","2019","4","25.0000","412.50","10","1","278.71","170.84","null","38.00245",""
"145","Asparagus - Mexican","Willms, Predovic and Rippin","null","2019","5","19.0000","356.25","8","0","211.83","144.42","null","40.53895",""
"146","Asparagus - Mexican","Willms, Predovic and Rippin","null","2019","6","7.0000","131.25","4","0","78.05","53.20","null","40.53333",""
"147","Pomegranates","Willms, Predovic and Rippin","null","null","null","null","null","null","null","null","null","null","null",""
"148","Pomegranates","Willms, Predovic and Rippin","null","2019","5","8.0000","200.00","3","0","104.28","95.72","null","47.86000",""
"149","Bread - Malt","Willms, Predovic and Rippin","null","null","null","null","null","null","null","null","null","null","null",""
"150","Bread - Malt","Willms, Predovic and Rippin","null","null","null","null","null","null","null","null","null","null","null",""
"151","Bread - Malt","Willms, Predovic and Rippin","null","2019","6","2.0000","22.00","1","0","26.47","-4.47","null","-20.31818",""
"152","Bread - Malt","Willms, Predovic and Rippin","null","null","null","null","null","null","null","null","null","null","null",""
"153","Cookies - Assorted","Willms, Predovic and Rippin","null","null","null","null","null","null","null","null","null","null","null",""
"154","Cookies - Assorted","Willms, Predovic and Rippin","null","2019","5","1.0000","30.00","1","0","12.15","17.85","null","59.50000",""
"155","Juice - V8 Splash","Willms, Predovic and Rippin","null","null","null","null","null","null","null","null","null","null","null",""
"156","Juice - V8 Splash","Willms, Predovic and Rippin","null","null","null","null","null","null","null","null","null","null","null",""
"157","Sugar - Icing","Willms, Predovic and Rippin","null","null","null","null","null","null","null","null","null","null","null",""
"158","Sugar - Icing","Willms, Predovic and Rippin","null","2019","1","14.0000","484.50","7","0","167.37","317.13","null","65.45511",""
"159","Evaporated Milk - Skim","Willms, Predovic and Rippin","null","null","null","null","null","null","null","null","null","null","null",""
"160","Evaporated Milk - Skim","Willms, Predovic and Rippin","null","null","null","null","null","null","null","null","null","null","null",""
"161","Evaporated Milk - Skim","Willms, Predovic and Rippin","null","2019","2","10.0000","365.00","4","0","119.55","245.45","null","67.24658",""
"162","Evaporated Milk - Skim","Willms, Predovic and Rippin","null","null","null","null","null","null","null","null","null","null","null",""
"163","Evaporated Milk - Skim","Willms, Predovic and Rippin","null","2019","3","24.0000","876.00","8","0","286.92","589.08","null","67.24658",""
"164","Evaporated Milk - Skim","Willms, Predovic and Rippin","null","2019","4","22.0000","803.00","6","0","263.00","540.00","null","67.24782",""
"165","Evaporated Milk - Skim","Willms, Predovic and Rippin","null","2019","5","22.0000","803.00","4","0","263.01","539.99","null","67.24658",""
"166","Evaporated Milk - Skim","Willms, Predovic and Rippin","null","2019","6","33.0000","1,204.50","6","0","394.51","809.99","null","67.24699",""
"167","Wine - Periguita Fonseca","Willms, Predovic and Rippin","null","null","null","null","null","null","null","null","null","null","null",""
"168","Wine - Periguita Fonseca","Willms, Predovic and Rippin","null","2019","1","8.0000","140.00","2","0","52.20","87.80","null","62.71429",""
"169","Wild Mix 3#/cs","Willms, Predovic and Rippin","null","null","null","null","null","null","null","null","null","null","null",""
"170","Wild Mix 3#/cs","Willms, Predovic and Rippin","null","null","null","null","null","null","null","null","null","null","null",""
"171","Wild Mix 3#/cs","Willms, Predovic and Rippin","null","2019","2","12.0000","264.00","4","0","78.31","185.69","null","70.33712",""
"172","Wild Mix 3#/cs","Willms, Predovic and Rippin","null","null","null","null","null","null","null","null","null","null","null",""
"173","Wild Mix 3#/cs","Willms, Predovic and Rippin","null","2019","5","2.0000","44.00","1","0","13.05","30.95","null","70.34091",""
"174","Wild Mix 3#/cs","Willms, Predovic and Rippin","null","2019","6","3.0000","66.00","2","0","19.58","46.42","null","70.33333",""
"175","Wine - Segura Viudas Aria Brut","Willms, Predovic and Rippin","null","null","null","null","null","null","null","null","null","null","null",""
"176","Wine - Segura Viudas Aria Brut","Willms, Predovic and Rippin","null","2019","4","0.0000","372.50","1","1","0.02","-0.02","null","0.00000",""
"177","Dried Portabello 5lb","Willms, Predovic and Rippin","null","null","null","null","null","null","null","null","null","null","null",""
"178","Dried Portabello 5lb","Willms, Predovic and Rippin","null","null","null","null","null","null","null","null","null","null","null",""
"179","Hot Chocolate - Individual","Willms, Predovic and Rippin","null","null","null","null","null","null","null","null","null","null","null",""
"180","Hot Chocolate - Individual","Willms, Predovic and Rippin","null","2019","4","1.0000","30.00","1","0","11.85","18.15","null","60.50000",""
"181","Cucumber - Pickling Ontario","Willms, Predovic and Rippin","null","null","null","null","null","null","null","null","null","null","null",""
"182","Cucumber - Pickling Ontario","Willms, Predovic and Rippin","null","null","null","null","null","null","null","null","null","null","null",""
"183","Yogurt - Peach, 175 Gr","Willms, Predovic and Rippin","null","null","null","null","null","null","null","null","null","null","null",""
"184","Yogurt - Peach, 175 Gr","Willms, Predovic and Rippin","null","2019","4","2.0000","70.00","1","0","62.86","7.14","null","10.20000",""
"185","Strawberries - California","Willms, Predovic and Rippin","null","null","null","null","null","null","null","null","null","null","null",""
"186","Strawberries - California","Willms, Predovic and Rippin","null","null","null","null","null","null","null","null","null","null","null",""
"187","Quail - Whole, Bone - In","Willms, Predovic and Rippin","null","null","null","null","null","null","null","null","null","null","null",""
"188","Quail - Whole, Bone - In","Willms, Predovic and Rippin","null","2019","4","2.0000","22.50","1","0","9.34","13.16","null","58.48889",""
"189","Fresh Fiddleheads 1lb","Willms, Predovic and Rippin","null","null","null","null","null","null","null","null","null","null","null",""
"190","Fresh Fiddleheads 1lb","Willms, Predovic and Rippin","null","null","null","null","null","null","null","null","null","null","null",""
"191","Milk - 2% 250 Ml","Willms, Predovic and Rippin","null","null","null","null","null","null","null","null","null","null","null",""
"192","Milk - 2% 250 Ml","Willms, Predovic and Rippin","null","2019","2","1.0000","10.75","1","0","40.22","-29.47","null","-274.13953",""
"193","Beer - Alexander Kieths, Pale Ale","Willms, Predovic and Rippin","null","null","null","null","null","null","null","null","null","null","null",""
"194","Beer - Alexander Kieths, Pale Ale","Willms, Predovic and Rippin","null","null","null","null","null","null","null","null","null","null","null",""
"195","Beer - Alexander Kieths, Pale Ale","Willms, Predovic and Rippin","null","2019","3","2.0000","21.50","1","0","80.43","-58.93","null","-274.09302",""
"196","Beer - Alexander Kieths, Pale Ale","Willms, Predovic and Rippin","null","null","null","null","null","null","null","null","null","null","null",""
"197","Muffin Mix - Lemon Cranberry","Willms, Predovic and Rippin","null","null","null","null","null","null","null","null","null","null","null",""
"198","Muffin Mix - Lemon Cranberry","Willms, Predovic and Rippin","null","2019","4","1.0000","17.25","1","0","6.49","10.76","null","62.37681",""
"199","Plasticknivesblack","Willms, Predovic and Rippin","null","null","null","null","null","null","null","null","null","null","null",""
"200","Plasticknivesblack","Willms, Predovic and Rippin","null","null","null","null","null","null","null","null","null","null","null",""
"201","Soup - Campbells, Lentil","Willms, Predovic and Rippin","null","null","null","null","null","null","null","null","null","null","null",""
"202","Soup - Campbells, Lentil","Willms, Predovic and Rippin","null","2019","1","1.0000","17.00","1","0","5.42","11.58","null","68.11765",""
"203","Hersey Shakes","Willms, Predovic and Rippin","null","null","null","null","null","null","null","null","null","null","null",""
"204","Hersey Shakes","Willms, Predovic and Rippin","null","null","null","null","null","null","null","null","null","null","null",""
"205","Rye Special Old","Willms, Predovic and Rippin","null","null","null","null","null","null","null","null","null","null","null",""
"206","Rye Special Old","Willms, Predovic and Rippin","null","2019","1","4.0000","74.00","2","0","53.51","20.49","null","27.68919",""
"207","Fresh Cape Gooseberries 12 pp/cs","Willms, Predovic and Rippin","null","null","null","null","null","null","null","null","null","null","null",""
"208","Fresh Cape Gooseberries 12 pp/cs","Willms, Predovic and Rippin","null","null","null","null","null","null","null","null","null","null","null",""
"209","Fresh Cape Gooseberries 12 pp/cs","Willms, Predovic and Rippin","null","2019","2","3.0000","58.50","1","0","40.55","17.95","null","30.68376",""
"210","Fresh Cape Gooseberries 12 pp/cs","Willms, Predovic and Rippin","null","null","null","null","null","null","null","null","null","null","null",""
"211","Fresh Cape Gooseberries 12 pp/cs","Willms, Predovic and Rippin","null","2019","4","5.0000","97.50","2","0","67.52","29.98","null","30.74872",""
"212","Fresh Cape Gooseberries 12 pp/cs","Willms, Predovic and Rippin","null","null","null","null","null","null","null","null","null","null","null",""
"213","null","null","Customer Total:","null","null","null","14,227.00","null","null","7,419.03","null","null","null",""
"214","Fresh Cape Gooseberries 12 pp/cs","Willms, Predovic and Rippin","null","null","null","null","null","null","null","null","null","null","null",""
"215","Fresh Cape Gooseberries 12 pp/cs","Zulauf-Wyman","null","null","null","null","null","null","null","null","null","null","null",""
"216","Wine - Fat Bastard Merlot","Zulauf-Wyman","null","null","null","null","null","null","null","null","null","null","null",""
"217","Wine - Fat Bastard Merlot","Zulauf-Wyman","null","2019","4","40.0000","719.60","1","0","235.60","484.00","null","67.25959",""
"218","Tahini Paste","Zulauf-Wyman","null","null","null","null","null","null","null","null","null","null","null",""
"219","Tahini Paste","Zulauf-Wyman","null","null","null","null","null","null","null","null","null","null","null",""
"220","Tahini Paste","Zulauf-Wyman","null","null","null","null","null","null","null","null","null","null","null",""
"221","null","null","Customer Total:","null","null","null","719.60","null","null","235.60","null","null","null",""
"222","Tahini Paste","Zulauf-Wyman","null","null","null","null","null","null","null","null","null","null","null",""
"223","Tahini Paste","Hammes and Sons","null","null","null","null","null","null","null","null","null","null","null",""
"224","Octopus","Hammes and Sons","null","null","null","null","null","null","null","null","null","null","null",""
"225","Octopus","Hammes and Sons","null","2019","3","3.0000","61.50","3","0","50.34","11.16","null","18.14634",""
"226","Veal - Ground","Hammes and Sons","null","null","null","null","null","null","null","null","null","null","null",""
"227","Veal - Ground","Hammes and Sons","null","null","null","null","null","null","null","null","null","null","null",""
"228","Veal - Ground","Hammes and Sons","null","2019","4","9.0000","184.50","9","0","150.38","34.12","null","18.49322",""
"229","Veal - Ground","Hammes and Sons","null","null","null","null","null","null","null","null","null","null","null",""
"230","Veal - Ground","Hammes and Sons","null","2019","5","7.0000","164.00","8","1","116.45","27.05","null","18.85017",""
"231","Veal - Ground","Hammes and Sons","null","2019","6","8.0000","164.00","8","0","132.80","31.20","null","19.02439",""
"232","Rum - Mount Gay Eclipes","Hammes and Sons","null","null","null","null","null","null","null","null","null","null","null",""
"233","Rum - Mount Gay Eclipes","Hammes and Sons","null","2019","1","184.0000","3,885.00","13","3","3,140.55","263.45","null","7.73942",""
"234","Wine - George Duboeuf Rose","Hammes and Sons","null","null","null","null","null","null","null","null","null","null","null",""
"235","Wine - George Duboeuf Rose","Hammes and Sons","null","null","null","null","null","null","null","null","null","null","null",""
"236","Wine - George Duboeuf Rose","Hammes and Sons","null","2019","2","162.0000","3,332.50","12","2","2,765.70","363.30","null","11.61074",""
"237","Wine - George Duboeuf Rose","Hammes and Sons","null","null","null","null","null","null","null","null","null","null","null",""
"238","Wine - George Duboeuf Rose","Hammes and Sons","null","2019","3","155.0000","3,100.00","10","0","2,662.85","437.15","null","14.10161",""
"239","Wine - George Duboeuf Rose","Hammes and Sons","null","2019","4","202.0000","4,040.00","10","0","3,469.86","570.14","null","14.11238",""
"240","Wine - George Duboeuf Rose","Hammes and Sons","null","2019","5","242.0000","4,840.00","13","0","4,192.40","647.60","null","13.38017",""
"241","Wine - George Duboeuf Rose","Hammes and Sons","null","2019","6","205.0000","4,100.00","11","0","3,544.95","555.05","null","13.53780",""
"242","Orange Roughy 4/6 Oz","Hammes and Sons","null","null","null","null","null","null","null","null","null","null","null",""
"243","Orange Roughy 4/6 Oz","Hammes and Sons","null","2019","1","-10.0000","0.00","0","1","-151.50","-1.00","null","0.65574",""
"244","Crab - Dungeness, Whole","Hammes and Sons","null","null","null","null","null","null","null","null","null","null","null",""
"245","Crab - Dungeness, Whole","Hammes and Sons","null","null","null","null","null","null","null","null","null","null","null",""
"246","Crab - Dungeness, Whole","Hammes and Sons","null","2019","4","50.0000","950.00","2","0","764.92","185.08","null","19.48211",""
"247","Crab - Dungeness, Whole","Hammes and Sons","null","null","null","null","null","null","null","null","null","null","null",""
"248","Crab - Dungeness, Whole","Hammes and Sons","null","2019","5","5.0000","95.00","1","0","76.46","18.54","null","19.51579",""
"249","Tomatoes - Heirloom","Hammes and Sons","null","null","null","null","null","null","null","null","null","null","null",""
"250","Tomatoes - Heirloom","Hammes and Sons","null","2019","1","1.0000","12.30","1","0","9.42","2.88","null","23.41463",""
"251","Wine - Red, Metus Rose","Hammes and Sons","null","null","null","null","null","null","null","null","null","null","null",""
"252","Wine - Red, Metus Rose","Hammes and Sons","null","null","null","null","null","null","null","null","null","null","null",""
"253","Wine - Red, Metus Rose","Hammes and Sons","null","2019","4","1.0000","12.30","1","0","9.61","2.69","null","21.86992",""
"254","Wine - Red, Metus Rose","Hammes and Sons","null","null","null","null","null","null","null","null","null","null","null",""
"255","Soup - Campbells, Creamy","Hammes and Sons","null","null","null","null","null","null","null","null","null","null","null",""
"256","Soup - Campbells, Creamy","Hammes and Sons","null","2019","1","10.0000","157.00","5","0","110.11","46.89","null","29.86624",""
"257","Juice - V8, Tomato","Hammes and Sons","null","null","null","null","null","null","null","null","null","null","null",""
"258","Juice - V8, Tomato","Hammes and Sons","null","null","null","null","null","null","null","null","null","null","null",""
"259","Juice - V8, Tomato","Hammes and Sons","null","2019","2","8.0000","131.00","4","0","88.00","43.00","null","32.82443",""
"260","Juice - V8, Tomato","Hammes and Sons","null","null","null","null","null","null","null","null","null","null","null",""
"261","Juice - V8, Tomato","Hammes and Sons","null","2019","3","9.0000","148.50","4","0","99.00","49.50","null","33.33333",""
"262","Juice - V8, Tomato","Hammes and Sons","null","2019","4","12.0000","198.00","5","0","132.00","66.00","null","33.33333",""
"263","Juice - V8, Tomato","Hammes and Sons","null","2019","5","14.0000","231.00","5","0","156.87","74.13","null","32.09091",""
"264","Juice - V8, Tomato","Hammes and Sons","null","2019","6","13.0000","214.50","4","0","146.51","67.99","null","31.69697",""
"265","Kippers - Smoked","Hammes and Sons","null","null","null","null","null","null","null","null","null","null","null",""
"266","Kippers - Smoked","Hammes and Sons","null","2019","1","2.0000","37.00","1","0","29.00","8.00","null","21.62162",""
"267","Fresh Portabella - 5lbs","Hammes and Sons","null","null","null","null","null","null","null","null","null","null","null",""
"268","Fresh Portabella - 5lbs","Hammes and Sons","null","null","null","null","null","null","null","null","null","null","null",""
"269","Fresh Portabella - 5lbs","Hammes and Sons","null","2019","5","4.0000","74.00","1","0","59.04","14.96","null","20.21622",""
"270","Fresh Portabella - 5lbs","Hammes and Sons","null","null","null","null","null","null","null","null","null","null","null",""
"271","Ecolab - Medallion","Hammes and Sons","null","null","null","null","null","null","null","null","null","null","null",""
"272","Ecolab - Medallion","Hammes and Sons","null","2019","1","19.0000","389.50","10","0","323.31","66.19","null","16.99358",""
"273","Cookie - Oatmeal","Hammes and Sons","null","null","null","null","null","null","null","null","null","null","null",""
"274","Cookie - Oatmeal","Hammes and Sons","null","null","null","null","null","null","null","null","null","null","null",""
"275","Cookie - Oatmeal","Hammes and Sons","null","2019","2","14.0000","327.50","8","0","238.23","89.27","null","27.25802",""
"276","Cookie - Oatmeal","Hammes and Sons","null","null","null","null","null","null","null","null","null","null","null",""
"277","Cookie - Oatmeal","Hammes and Sons","null","2019","3","18.0000","450.00","11","0","306.31","143.69","null","31.93111",""
"278","Cookie - Oatmeal","Hammes and Sons","null","2019","4","14.0000","350.00","10","0","238.26","111.74","null","31.92571",""
"279","Cookie - Oatmeal","Hammes and Sons","null","2019","5","12.0000","300.00","5","0","204.20","95.80","null","31.93333",""
"280","Cookie - Oatmeal","Hammes and Sons","null","2019","6","1.0000","25.00","1","0","17.02","7.98","null","31.92000",""
"281","Island Oasis - Cappucino Mix","Hammes and Sons","null","null","null","null","null","null","null","null","null","null","null",""
"282","Island Oasis - Cappucino Mix","Hammes and Sons","null","2019","1","5.0000","103.25","6","1","45.55","28.20","null","38.23729",""
"283","Tomato - Tricolor Cherry","Hammes and Sons","null","null","null","null","null","null","null","null","null","null","null",""
"284","Tomato - Tricolor Cherry","Hammes and Sons","null","null","null","null","null","null","null","null","null","null","null",""
"285","Tomato - Tricolor Cherry","Hammes and Sons","null","2019","2","5.0000","75.75","3","0","45.57","30.18","null","39.84158",""
"286","Tomato - Tricolor Cherry","Hammes and Sons","null","null","null","null","null","null","null","null","null","null","null",""
"287","Tomato - Tricolor Cherry","Hammes and Sons","null","2019","3","6.0000","94.50","6","0","54.66","39.84","null","42.15873",""
"288","Tomato - Tricolor Cherry","Hammes and Sons","null","2019","4","5.0000","80.75","5","0","45.55","35.20","null","43.59133",""
"289","Tomato - Tricolor Cherry","Hammes and Sons","null","2019","5","6.0000","99.00","6","0","54.66","44.34","null","44.78788",""
"290","Tomato - Tricolor Cherry","Hammes and Sons","null","2019","6","4.0000","66.00","3","0","36.45","29.55","null","44.77273",""
"291","Wine - Periguita Fonseca","Hammes and Sons","null","null","null","null","null","null","null","null","null","null","null",""
"292","Wine - Periguita Fonseca","Hammes and Sons","null","2019","3","1.0000","22.00","1","0","6.53","15.47","null","70.31818",""
"293","Wild Mix 3#/cs","Hammes and Sons","null","null","null","null","null","null","null","null","null","null","null",""
"294","Wild Mix 3#/cs","Hammes and Sons","null","null","null","null","null","null","null","null","null","null","null",""
"295","Pepper - Jalapeno","Hammes and Sons","null","null","null","null","null","null","null","null","null","null","null",""
"296","Pepper - Jalapeno","Hammes and Sons","null","2019","1","8.0000","61.50","4","0","51.91","9.59","null","15.59350",""
"297","Thyme - Fresh","Hammes and Sons","null","null","null","null","null","null","null","null","null","null","null",""
"298","Thyme - Fresh","Hammes and Sons","null","null","null","null","null","null","null","null","null","null","null",""
"299","Thyme - Fresh","Hammes and Sons","null","2019","2","4.0000","32.50","2","0","23.20","9.30","null","28.61538",""
"300","Thyme - Fresh","Hammes and Sons","null","null","null","null","null","null","null","null","null","null","null",""
"301","Thyme - Fresh","Hammes and Sons","null","2019","3","5.0000","42.50","2","0","29.00","13.50","null","31.76471",""
"302","Rye Special Old","Hammes and Sons","null","null","null","null","null","null","null","null","null","null","null",""
"303","Rye Special Old","Hammes and Sons","null","2019","2","1.0000","18.50","1","0","13.56","4.94","null","26.70270",""
"304","Fresh Cape Gooseberries 12 pp/cs","Hammes and Sons","null","null","null","null","null","null","null","null","null","null","null",""
"305","Fresh Cape Gooseberries 12 pp/cs","Hammes and Sons","null","null","null","null","null","null","null","null","null","null","null",""
"306","Fresh Cape Gooseberries 12 pp/cs","Hammes and Sons","null","2019","3","0.0000","23.00","1","1","0.00","0.00","null","0.00000",""
"307","Fresh Cape Gooseberries 12 pp/cs","Hammes and Sons","null","null","null","null","null","null","null","null","null","null","null",""
"308","Fresh Cape Gooseberries 12 pp/cs","Hammes and Sons","null","2019","4","1.0000","23.00","1","0","13.50","9.50","null","41.30435",""
"309","Fresh Cape Gooseberries 12 pp/cs","Hammes and Sons","null","2019","5","1.0000","19.50","1","0","13.40","6.10","null","31.28205",""
"310","Fresh Cape Gooseberries 12 pp/cs","Hammes and Sons","null","null","null","null","null","null","null","null","null","null","null",""
"311","null","null","Customer Total:","null","null","null","28,735.85","null","null","23,516.59","null","null","null",""
"312","Fresh Cape Gooseberries 12 pp/cs","Hammes and Sons","null","null","null","null","null","null","null","null","null","null","null",""
"313","Fresh Cape Gooseberries 12 pp/cs","Boyle Group","null","null","null","null","null","null","null","null","null","null","null",""
"314","Sugar - Sweet N Low, Individual","Boyle Group","null","null","null","null","null","null","null","null","null","null","null",""
"315","Sugar - Sweet N Low, Individual","Boyle Group","null","2019","1","300.0000","6,900.00","2","0","2,963.33","3,936.67","null","57.05319",""
"316","Onions - Vidalia","Boyle Group","null","null","null","null","null","null","null","null","null","null","null",""
"317","Onions - Vidalia","Boyle Group","null","null","null","null","null","null","null","null","null","null","null",""
"318","Onions - Vidalia","Boyle Group","null","2019","3","150.0000","3,450.00","2","0","1,481.67","1,968.33","null","57.05304",""
"319","Onions - Vidalia","Boyle Group","null","null","null","null","null","null","null","null","null","null","null",""
"320","Onions - Vidalia","Boyle Group","null","2019","6","50.0000","1,150.00","1","0","493.89","656.11","null","57.05304",""
"321","Arctic Char - Fresh, Whole","Boyle Group","null","null","null","null","null","null","null","null","null","null","null",""
"322","Arctic Char - Fresh, Whole","Boyle Group","null","2019","6","50.0000","675.00","1","0","276.83","398.17","null","58.98815",""
"323","Pants Custom Dry Clean","Boyle Group","null","null","null","null","null","null","null","null","null","null","null",""
"324","Pants Custom Dry Clean","Boyle Group","null","null","null","null","null","null","null","null","null","null","null",""
"325","Soup - French Can Pea","Boyle Group","null","null","null","null","null","null","null","null","null","null","null",""
"326","Soup - French Can Pea","Boyle Group","null","2019","1","200.0000","4,300.00","2","0","2,795.00","1,505.00","null","35.00000",""
"327","Ice Cream Bar - Hagen Daz","Boyle Group","null","null","null","null","null","null","null","null","null","null","null",""
"328","Ice Cream Bar - Hagen Daz","Boyle Group","null","null","null","null","null","null","null","null","null","null","null",""
"329","Ice Cream Bar - Hagen Daz","Boyle Group","null","2019","2","50.0000","1,075.00","1","0","698.75","376.25","null","35.00000",""
"330","Ice Cream Bar - Hagen Daz","Boyle Group","null","null","null","null","null","null","null","null","null","null","null",""
"331","Ice Cream Bar - Hagen Daz","Boyle Group","null","2019","3","150.0000","3,225.00","2","0","2,096.25","1,128.75","null","35.00000",""
"332","Ice Cream Bar - Hagen Daz","Boyle Group","null","2019","6","50.0000","1,075.00","1","0","698.75","376.25","null","35.00000",""
"333","Ecolab - Mikroklene 4/4 L","Boyle Group","null","null","null","null","null","null","null","null","null","null","null",""
"334","Ecolab - Mikroklene 4/4 L","Boyle Group","null","2019","6","50.0000","562.50","1","0","191.66","370.84","null","65.92711",""
"335","Shrimp - 150 - 250","Boyle Group","null","null","null","null","null","null","null","null","null","null","null",""
"336","Shrimp - 150 - 250","Boyle Group","null","null","null","null","null","null","null","null","null","null","null",""
"337","Shrimp - 150 - 250","Boyle Group","null","null","null","null","null","null","null","null","null","null","null",""
"338","null","null","Customer Total:","null","null","null","22,412.50","null","null","11,696.13","null","null","null",""
"339","Shrimp - 150 - 250","Boyle Group","null","null","null","null","null","null","null","null","null","null","null",""
"340","Shrimp - 150 - 250","Conn-Kling","null","null","null","null","null","null","null","null","null","null","null",""
"341","Bread Bowl Plain","Conn-Kling","null","null","null","null","null","null","null","null","null","null","null",""
"342","Bread Bowl Plain","Conn-Kling","null","2019","3","5.0000","50.00","1","0","26.63","23.37","null","46.74000",""
"343","Cinnamon - Ground","Conn-Kling","null","null","null","null","null","null","null","null","null","null","null",""
"344","Cinnamon - Ground","Conn-Kling","null","null","null","null","null","null","null","null","null","null","null",""
"345","Cinnamon - Ground","Conn-Kling","null","2019","4","5.0000","50.00","1","0","26.63","23.37","null","46.74000",""
"346","Cinnamon - Ground","Conn-Kling","null","null","null","null","null","null","null","null","null","null","null",""
"347","Cinnamon - Ground","Conn-Kling","null","2019","6","5.0000","50.00","1","0","26.53","23.47","null","46.94000",""
"348","Cookie Dough - Oatmeal Rasin","Conn-Kling","null","null","null","null","null","null","null","null","null","null","null",""
"349","Cookie Dough - Oatmeal Rasin","Conn-Kling","null","2019","4","8.0000","78.00","1","0","19.62","58.38","null","74.84615",""
"350","Mayonnaise - Individual Pkg","Conn-Kling","null","null","null","null","null","null","null","null","null","null","null",""
"351","Mayonnaise - Individual Pkg","Conn-Kling","null","null","null","null","null","null","null","null","null","null","null",""
"352","Mayonnaise - Individual Pkg","Conn-Kling","null","2019","6","5.0000","48.75","1","0","12.26","36.49","null","74.85128",""
"353","Mayonnaise - Individual Pkg","Conn-Kling","null","null","null","null","null","null","null","null","null","null","null",""
"354","Cherries - Fresh","Conn-Kling","null","null","null","null","null","null","null","null","null","null","null",""
"355","Cherries - Fresh","Conn-Kling","null","2019","3","15.0000","165.00","1","0","46.74","118.26","null","71.67273",""
"356","Sea Bass - Fillets","Conn-Kling","null","null","null","null","null","null","null","null","null","null","null",""
"357","Sea Bass - Fillets","Conn-Kling","null","null","null","null","null","null","null","null","null","null","null",""
"358","Sea Bass - Fillets","Conn-Kling","null","2019","4","5.0000","55.00","1","0","15.58","39.42","null","71.67273",""
"359","Sea Bass - Fillets","Conn-Kling","null","null","null","null","null","null","null","null","null","null","null",""
"360","Sea Bass - Fillets","Conn-Kling","null","2019","6","5.0000","55.00","1","0","15.58","39.42","null","71.67273",""
"361","Sugar - Sweet N Low, Individual","Conn-Kling","null","null","null","null","null","null","null","null","null","null","null",""
"362","Sugar - Sweet N Low, Individual","Conn-Kling","null","2019","3","20.0000","460.00","1","0","197.56","262.44","null","57.05217",""
"363","Onions - Vidalia","Conn-Kling","null","null","null","null","null","null","null","null","null","null","null",""
"364","Onions - Vidalia","Conn-Kling","null","null","null","null","null","null","null","null","null","null","null",""
"365","Onions - Vidalia","Conn-Kling","null","2019","4","10.0000","230.00","1","0","98.78","131.22","null","57.05217",""
"366","Onions - Vidalia","Conn-Kling","null","null","null","null","null","null","null","null","null","null","null",""
"367","Onions - Vidalia","Conn-Kling","null","2019","6","10.0000","230.00","1","0","98.78","131.22","null","57.05217",""
"368","Sage Derby","Conn-Kling","null","null","null","null","null","null","null","null","null","null","null",""
"369","Sage Derby","Conn-Kling","null","2019","3","10.0000","250.00","1","0","187.33","62.67","null","25.06800",""
"370","Cheese - Camembert","Conn-Kling","null","null","null","null","null","null","null","null","null","null","null",""
"371","Cheese - Camembert","Conn-Kling","null","null","null","null","null","null","null","null","null","null","null",""
"372","Cheese - Camembert","Conn-Kling","null","2019","6","8.0000","200.00","1","0","149.87","50.13","null","25.06500",""
"373","Cheese - Camembert","Conn-Kling","null","null","null","null","null","null","null","null","null","null","null",""
"374","Soup - French Can Pea","Conn-Kling","null","null","null","null","null","null","null","null","null","null","null",""
"375","Soup - French Can Pea","Conn-Kling","null","2019","3","8.0000","136.00","1","0","111.80","24.20","null","17.79412",""
"376","Ice Cream Bar - Hagen Daz","Conn-Kling","null","null","null","null","null","null","null","null","null","null","null",""
"377","Ice Cream Bar - Hagen Daz","Conn-Kling","null","null","null","null","null","null","null","null","null","null","null",""
"378","Ice Cream Bar - Hagen Daz","Conn-Kling","null","2019","6","10.0000","170.00","1","0","139.75","30.25","null","17.79412",""
"379","Ice Cream Bar - Hagen Daz","Conn-Kling","null","null","null","null","null","null","null","null","null","null","null",""
"380","Ice Cream Bar - Hagen Daz","Conn-Kling","null","null","null","null","null","null","null","null","null","null","null",""
"381","null","null","Customer Total:","null","null","null","2,227.75","null","null","1,173.44","null","null","null",""
"382","Ice Cream Bar - Hagen Daz","Conn-Kling","null","null","null","null","null","null","null","null","null","null","null",""
"383","Ice Cream Bar - Hagen Daz","Homenick, Frami and Zulauf","null","null","null","null","null","null","null","null","null","null","null",""
"384","Nut - Walnut, Pieces","Homenick, Frami and Zulauf","null","null","null","null","null","null","null","null","null","null","null",""
"385","Nut - Walnut, Pieces","Homenick, Frami and Zulauf","null","2019","4","20.0000","960.00","1","0","560.00","400.00","null","41.66667",""
"386","Table Cloth 120 Round White","Homenick, Frami and Zulauf","null","null","null","null","null","null","null","null","null","null","null",""
"387","Table Cloth 120 Round White","Homenick, Frami and Zulauf","null","null","null","null","null","null","null","null","null","null","null",""
"388","Table Cloth 120 Round White","Homenick, Frami and Zulauf","null","null","null","null","null","null","null","null","null","null","null",""
"389","null","null","Customer Total:","null","null","null","960.00","null","null","560.00","null","null","null",""
"390","Table Cloth 120 Round White","Homenick, Frami and Zulauf","null","null","null","null","null","null","null","null","null","null","null",""
"391","Table Cloth 120 Round White","Breitenberg-Mosciski","null","null","null","null","null","null","null","null","null","null","null",""
"392","Octopus","Breitenberg-Mosciski","null","null","null","null","null","null","null","null","null","null","null",""
"393","Octopus","Breitenberg-Mosciski","null","2019","1","130.0000","2,415.00","15","2","2,146.37","28.63","null","1.31632",""
"394","Veal - Ground","Breitenberg-Mosciski","null","null","null","null","null","null","null","null","null","null","null",""
"395","Veal - Ground","Breitenberg-Mosciski","null","null","null","null","null","null","null","null","null","null","null",""
"396","Veal - Ground","Breitenberg-Mosciski","null","2019","2","103.0000","1,844.00","12","0","1,696.12","147.88","null","8.01952",""
"397","Veal - Ground","Breitenberg-Mosciski","null","null","null","null","null","null","null","null","null","null","null",""
"398","Veal - Ground","Breitenberg-Mosciski","null","2019","3","85.0000","1,530.00","9","0","1,420.73","109.27","null","7.14183",""
"399","Veal - Ground","Breitenberg-Mosciski","null","2019","4","97.0000","1,746.00","11","0","1,621.41","124.59","null","7.13574",""
"400","Veal - Ground","Breitenberg-Mosciski","null","2019","5","90.0000","1,620.00","10","0","1,497.71","122.29","null","7.54877",""
"401","Veal - Ground","Breitenberg-Mosciski","null","2019","6","150.0000","2,700.00","14","0","2,490.65","209.35","null","7.75370",""
"402","Rum - Mount Gay Eclipes","Breitenberg-Mosciski","null","null","null","null","null","null","null","null","null","null","null",""
"403","Rum - Mount Gay Eclipes","Breitenberg-Mosciski","null","2019","4","8.0000","144.00","1","0","138.59","5.41","null","3.75694",""
"404","Wine - George Duboeuf Rose","Breitenberg-Mosciski","null","null","null","null","null","null","null","null","null","null","null",""
"405","Wine - George Duboeuf Rose","Breitenberg-Mosciski","null","null","null","null","null","null","null","null","null","null","null",""
"406","Tomatoes - Heirloom","Breitenberg-Mosciski","null","null","null","null","null","null","null","null","null","null","null",""
"407","Tomatoes - Heirloom","Breitenberg-Mosciski","null","2019","1","75.0000","862.50","4","0","713.32","149.18","null","17.29623",""
"408","Wine - Red, Metus Rose","Breitenberg-Mosciski","null","null","null","null","null","null","null","null","null","null","null",""
"409","Wine - Red, Metus Rose","Breitenberg-Mosciski","null","null","null","null","null","null","null","null","null","null","null",""
"410","Wine - Red, Metus Rose","Breitenberg-Mosciski","null","2019","2","60.0000","720.00","3","0","575.04","144.96","null","20.13333",""
"411","Wine - Red, Metus Rose","Breitenberg-Mosciski","null","null","null","null","null","null","null","null","null","null","null",""
"412","Wine - Red, Metus Rose","Breitenberg-Mosciski","null","2019","3","45.0000","551.25","3","0","431.35","119.90","null","21.75057",""
"413","Wine - Red, Metus Rose","Breitenberg-Mosciski","null","2019","4","10.0000","122.50","1","0","96.07","26.43","null","21.57551",""
"414","Wine - Red, Metus Rose","Breitenberg-Mosciski","null","2019","5","2.0000","24.50","1","0","19.37","5.13","null","20.93878",""
"415","Trout - Rainbow, Frozen","Breitenberg-Mosciski","null","null","null","null","null","null","null","null","null","null","null",""
"416","Trout - Rainbow, Frozen","Breitenberg-Mosciski","null","2019","4","15.0000","191.25","1","0","147.20","44.05","null","23.03268",""
"417","Fresh Jumbo Cremini 5#/cs","Breitenberg-Mosciski","null","null","null","null","null","null","null","null","null","null","null",""
"418","Fresh Jumbo Cremini 5#/cs","Breitenberg-Mosciski","null","null","null","null","null","null","null","null","null","null","null",""
"419","Bread - Raisin Walnut Pull","Breitenberg-Mosciski","null","null","null","null","null","null","null","null","null","null","null",""
"420","Bread - Raisin Walnut Pull","Breitenberg-Mosciski","null","2019","1","25.0000","392.50","5","0","266.45","126.05","null","32.11465",""
"421","Slt - Individual Portions","Breitenberg-Mosciski","null","null","null","null","null","null","null","null","null","null","null",""
"422","Slt - Individual Portions","Breitenberg-Mosciski","null","null","null","null","null","null","null","null","null","null","null",""
"423","Slt - Individual Portions","Breitenberg-Mosciski","null","2019","2","20.0000","302.80","3","0","213.16","89.64","null","29.60370",""
"424","Slt - Individual Portions","Breitenberg-Mosciski","null","null","null","null","null","null","null","null","null","null","null",""
"425","Slt - Individual Portions","Breitenberg-Mosciski","null","2019","4","18.0000","283.50","4","0","191.85","91.65","null","32.32804",""
"426","Slt - Individual Portions","Breitenberg-Mosciski","null","2019","5","6.0000","94.50","3","0","63.96","30.54","null","32.31746",""
"427","Slt - Individual Portions","Breitenberg-Mosciski","null","2019","6","4.0000","63.00","2","0","42.64","20.36","null","32.31746",""
"428","Soup - Campbells, Creamy","Breitenberg-Mosciski","null","null","null","null","null","null","null","null","null","null","null",""
"429","Soup - Campbells, Creamy","Breitenberg-Mosciski","null","2019","1","75.0000","1,087.50","10","0","825.71","261.79","null","24.07264",""
"430","Juice - V8, Tomato","Breitenberg-Mosciski","null","null","null","null","null","null","null","null","null","null","null",""
"431","Juice - V8, Tomato","Breitenberg-Mosciski","null","null","null","null","null","null","null","null","null","null","null",""
"432","Juice - V8, Tomato","Breitenberg-Mosciski","null","2019","2","50.0000","747.50","8","0","550.03","197.47","null","26.41739",""
"433","Juice - V8, Tomato","Breitenberg-Mosciski","null","null","null","null","null","null","null","null","null","null","null",""
"434","Juice - V8, Tomato","Breitenberg-Mosciski","null","2019","3","95.0000","1,425.00","10","0","1,045.03","379.97","null","26.66456",""
"435","Juice - V8, Tomato","Breitenberg-Mosciski","null","2019","4","70.0000","1,125.00","10","1","769.97","280.03","null","26.66952",""
"436","Juice - V8, Tomato","Breitenberg-Mosciski","null","2019","5","75.0000","1,125.00","9","0","832.02","292.98","null","26.04267",""
"437","Juice - V8, Tomato","Breitenberg-Mosciski","null","2019","6","95.0000","1,425.00","12","0","1,071.03","353.97","null","24.84000",""
"438","Kippers - Smoked","Breitenberg-Mosciski","null","null","null","null","null","null","null","null","null","null","null",""
"439","Kippers - Smoked","Breitenberg-Mosciski","null","2019","1","10.0000","205.00","2","1","145.00","35.00","null","19.44444",""
"440","Fresh Portabella - 5lbs","Breitenberg-Mosciski","null","null","null","null","null","null","null","null","null","null","null",""
"441","Fresh Portabella - 5lbs","Breitenberg-Mosciski","null","null","null","null","null","null","null","null","null","null","null",""
"442","Fresh Portabella - 5lbs","Breitenberg-Mosciski","null","2019","2","15.0000","270.00","1","0","222.91","47.09","null","17.44074",""
"443","Fresh Portabella - 5lbs","Breitenberg-Mosciski","null","null","null","null","null","null","null","null","null","null","null",""
"444","Fresh Portabella - 5lbs","Breitenberg-Mosciski","null","2019","3","84.0000","1,512.00","5","0","1,231.48","280.52","null","18.55291",""
"445","Fresh Portabella - 5lbs","Breitenberg-Mosciski","null","2019","5","50.0000","900.00","3","0","735.49","164.51","null","18.27889",""
"446","Fresh Portabella - 5lbs","Breitenberg-Mosciski","null","2019","6","15.0000","270.00","2","0","219.21","50.79","null","18.81111",""
"447","Cilantro / Coriander - Fresh","Breitenberg-Mosciski","null","null","null","null","null","null","null","null","null","null","null",""
"448","Cilantro / Coriander - Fresh","Breitenberg-Mosciski","null","2019","1","165.0000","3,198.00","15","3","2,037.15","642.35","null","23.97276",""
"449","Marjoram - Dried, Rubbed","Breitenberg-Mosciski","null","null","null","null","null","null","null","null","null","null","null",""
"450","Marjoram - Dried, Rubbed","Breitenberg-Mosciski","null","null","null","null","null","null","null","null","null","null","null",""
"451","Marjoram - Dried, Rubbed","Breitenberg-Mosciski","null","2019","2","135.0000","2,255.75","10","0","1,668.75","587.00","null","26.02239",""
"452","Marjoram - Dried, Rubbed","Breitenberg-Mosciski","null","null","null","null","null","null","null","null","null","null","null",""
"453","Marjoram - Dried, Rubbed","Breitenberg-Mosciski","null","2019","3","145.0000","2,540.00","10","0","1,841.25","698.75","null","27.50984",""
"454","Marjoram - Dried, Rubbed","Breitenberg-Mosciski","null","2019","4","120.0000","2,010.00","8","0","1,578.00","432.00","null","21.49254",""
"455","Marjoram - Dried, Rubbed","Breitenberg-Mosciski","null","2019","5","25.0000","418.75","3","0","339.75","79.00","null","18.86567",""
"456","Marjoram - Dried, Rubbed","Breitenberg-Mosciski","null","2019","6","90.0000","1,480.00","10","0","1,282.50","197.50","null","13.34459",""
"457","Lobster - Tail 6 Oz","Breitenberg-Mosciski","null","null","null","null","null","null","null","null","null","null","null",""
"458","Lobster - Tail 6 Oz","Breitenberg-Mosciski","null","2019","1","60.0000","1,140.00","9","2","471.96","576.79","null","54.99785",""
"459","Flour - Chickpea","Breitenberg-Mosciski","null","null","null","null","null","null","null","null","null","null","null",""
"460","Flour - Chickpea","Breitenberg-Mosciski","null","null","null","null","null","null","null","null","null","null","null",""
"461","Flour - Chickpea","Breitenberg-Mosciski","null","2019","2","60.0000","1,080.00","3","0","493.80","586.20","null","54.27778",""
"462","Flour - Chickpea","Breitenberg-Mosciski","null","null","null","null","null","null","null","null","null","null","null",""
"463","Flour - Chickpea","Breitenberg-Mosciski","null","2019","3","105.0000","1,890.00","7","0","864.15","1,025.85","null","54.27778",""
"464","Flour - Chickpea","Breitenberg-Mosciski","null","2019","4","45.0000","810.00","4","0","370.35","439.65","null","54.27778",""
"465","Flour - Chickpea","Breitenberg-Mosciski","null","2019","5","10.0000","180.00","1","0","82.30","97.70","null","54.27778",""
"466","Flour - Chickpea","Breitenberg-Mosciski","null","2019","6","5.0000","90.00","1","0","41.15","48.85","null","54.27778",""
"467","Island Oasis - Cappucino Mix","Breitenberg-Mosciski","null","null","null","null","null","null","null","null","null","null","null",""
"468","Island Oasis - Cappucino Mix","Breitenberg-Mosciski","null","2019","3","45.0000","663.75","3","0","410.17","253.58","null","38.20414",""
"469","Tomato - Tricolor Cherry","Breitenberg-Mosciski","null","null","null","null","null","null","null","null","null","null","null",""
"470","Tomato - Tricolor Cherry","Breitenberg-Mosciski","null","null","null","null","null","null","null","null","null","null","null",""
"471","Hand Towel","Breitenberg-Mosciski","null","null","null","null","null","null","null","null","null","null","null",""
"472","Hand Towel","Breitenberg-Mosciski","null","2019","4","20.0000","780.00","1","0","607.29","172.71","null","22.14231",""
"473","Bulgar","Breitenberg-Mosciski","null","null","null","null","null","null","null","null","null","null","null",""
"474","Bulgar","Breitenberg-Mosciski","null","null","null","null","null","null","null","null","null","null","null",""
"475","Bulgar","Breitenberg-Mosciski","null","2019","5","-20.0000","0.00","0","1","-607.29","-2.71","null","0.44426",""
"476","Bulgar","Breitenberg-Mosciski","null","null","null","null","null","null","null","null","null","null","null",""
"477","Tomatoes","Breitenberg-Mosciski","null","null","null","null","null","null","null","null","null","null","null",""
"478","Tomatoes","Breitenberg-Mosciski","null","2019","1","150.0000","1,445.00","10","1","555.47","639.53","null","53.51715",""
"479","Chinese Foods - Plain Fried Rice","Breitenberg-Mosciski","null","null","null","null","null","null","null","null","null","null","null",""
"480","Chinese Foods - Plain Fried Rice","Breitenberg-Mosciski","null","null","null","null","null","null","null","null","null","null","null",""
"481","Chinese Foods - Plain Fried Rice","Breitenberg-Mosciski","null","2019","2","88.0000","765.00","8","1","352.79","395.21","null","52.83556",""
"482","Chinese Foods - Plain Fried Rice","Breitenberg-Mosciski","null","null","null","null","null","null","null","null","null","null","null",""
"483","Chinese Foods - Plain Fried Rice","Breitenberg-Mosciski","null","2019","3","120.0000","1,020.00","9","0","481.08","538.92","null","52.83529",""
"484","Chinese Foods - Plain Fried Rice","Breitenberg-Mosciski","null","2019","4","105.0000","1,062.50","10","1","375.11","517.39","null","57.97087",""
"485","Chinese Foods - Plain Fried Rice","Breitenberg-Mosciski","null","2019","5","110.0000","935.00","11","0","440.99","494.01","null","52.83529",""
"486","Chinese Foods - Plain Fried Rice","Breitenberg-Mosciski","null","2019","6","170.0000","1,445.00","13","0","681.54","763.46","null","52.83460",""
"487","Flour - Buckwheat, Dark","Breitenberg-Mosciski","null","null","null","null","null","null","null","null","null","null","null",""
"488","Flour - Buckwheat, Dark","Breitenberg-Mosciski","null","2019","4","20.0000","870.00","1","0","602.35","267.65","null","30.76437",""
"489","Fiddlehead - Frozen","Breitenberg-Mosciski","null","null","null","null","null","null","null","null","null","null","null",""
"490","Fiddlehead - Frozen","Breitenberg-Mosciski","null","null","null","null","null","null","null","null","null","null","null",""
"491","Fiddlehead - Frozen","Breitenberg-Mosciski","null","2019","5","-20.0000","0.00","0","1","-602.35","-97.65","null","13.95000",""
"492","Fiddlehead - Frozen","Breitenberg-Mosciski","null","null","null","null","null","null","null","null","null","null","null",""
"493","Mix Pina Colada","Breitenberg-Mosciski","null","null","null","null","null","null","null","null","null","null","null",""
"494","Mix Pina Colada","Breitenberg-Mosciski","null","2019","1","195.0000","1,882.50","15","2","706.99","840.51","null","54.31405",""
"495","Lidsoupcont Rp12dn","Breitenberg-Mosciski","null","null","null","null","null","null","null","null","null","null","null",""
"496","Lidsoupcont Rp12dn","Breitenberg-Mosciski","null","null","null","null","null","null","null","null","null","null","null",""
"497","Lidsoupcont Rp12dn","Breitenberg-Mosciski","null","2019","2","100.0000","850.00","9","0","387.50","462.50","null","54.41176",""
"498","Lidsoupcont Rp12dn","Breitenberg-Mosciski","null","null","null","null","null","null","null","null","null","null","null",""
"499","Lidsoupcont Rp12dn","Breitenberg-Mosciski","null","2019","3","150.0000","1,275.00","10","0","581.25","693.75","null","54.41176",""
"500","Lidsoupcont Rp12dn","Breitenberg-Mosciski","null","2019","4","110.0000","1,105.00","10","1","377.62","557.38","null","59.61283",""
"501","Lidsoupcont Rp12dn","Breitenberg-Mosciski","null","2019","5","130.0000","1,105.00","12","0","503.75","601.25","null","54.41176",""
"502","Lidsoupcont Rp12dn","Breitenberg-Mosciski","null","2019","6","175.0000","1,487.50","13","0","678.13","809.37","null","54.41143",""
"503","Grand Marnier","Breitenberg-Mosciski","null","null","null","null","null","null","null","null","null","null","null",""
"504","Grand Marnier","Breitenberg-Mosciski","null","2019","1","435.0000","8,492.50","24","2","6,851.25","925.00","null","11.89519",""
"505","Puff Pastry - Sheets","Breitenberg-Mosciski","null","null","null","null","null","null","null","null","null","null","null",""
"506","Puff Pastry - Sheets","Breitenberg-Mosciski","null","null","null","null","null","null","null","null","null","null","null",""
"507","Puff Pastry - Sheets","Breitenberg-Mosciski","null","2019","2","359.0000","7,213.75","18","1","5,654.25","1,439.80","null","20.29588",""
"508","Puff Pastry - Sheets","Breitenberg-Mosciski","null","null","null","null","null","null","null","null","null","null","null",""
"509","Puff Pastry - Sheets","Breitenberg-Mosciski","null","2019","3","420.0000","8,379.00","20","0","6,615.00","1,764.00","null","21.05263",""
"510","Puff Pastry - Sheets","Breitenberg-Mosciski","null","2019","4","325.0000","6,483.75","18","0","5,118.75","1,365.00","null","21.05263",""
"511","Puff Pastry - Sheets","Breitenberg-Mosciski","null","2019","5","295.0000","5,885.25","18","0","4,646.25","1,239.00","null","21.05263",""
"512","Puff Pastry - Sheets","Breitenberg-Mosciski","null","2019","6","250.0000","4,987.50","18","0","3,937.50","1,050.00","null","21.05263",""
"513","Corn - Cream, Canned","Breitenberg-Mosciski","null","null","null","null","null","null","null","null","null","null","null",""
"514","Corn - Cream, Canned","Breitenberg-Mosciski","null","2019","5","3.0000","55.50","1","0","24.16","31.34","null","56.46847",""
"515","Bread - Sticks, Thin, Plain","Breitenberg-Mosciski","null","null","null","null","null","null","null","null","null","null","null",""
"516","Bread - Sticks, Thin, Plain","Breitenberg-Mosciski","null","null","null","null","null","null","null","null","null","null","null",""
"517","Tomatoes - Grape","Breitenberg-Mosciski","null","null","null","null","null","null","null","null","null","null","null",""
"518","Tomatoes - Grape","Breitenberg-Mosciski","null","2019","4","0.0000","107.50","1","1","0.00","0.00","null","0.00000",""
"519","Zucchini - Mini, Green","Breitenberg-Mosciski","null","null","null","null","null","null","null","null","null","null","null",""
"520","Zucchini - Mini, Green","Breitenberg-Mosciski","null","null","null","null","null","null","null","null","null","null","null",""
"521","Caviar - Salmon","Breitenberg-Mosciski","null","null","null","null","null","null","null","null","null","null","null",""
"522","Caviar - Salmon","Breitenberg-Mosciski","null","2019","1","43.0000","989.00","9","0","479.34","509.66","null","51.53286",""
"523","Asparagus - Mexican","Breitenberg-Mosciski","null","null","null","null","null","null","null","null","null","null","null",""
"524","Asparagus - Mexican","Breitenberg-Mosciski","null","null","null","null","null","null","null","null","null","null","null",""
"525","Asparagus - Mexican","Breitenberg-Mosciski","null","2019","2","39.0000","940.50","10","0","434.78","505.72","null","53.77140",""
"526","Asparagus - Mexican","Breitenberg-Mosciski","null","null","null","null","null","null","null","null","null","null","null",""
"527","Asparagus - Mexican","Breitenberg-Mosciski","null","2019","3","45.0000","1,102.50","8","0","501.64","600.86","null","54.49977",""
"528","Asparagus - Mexican","Breitenberg-Mosciski","null","2019","4","27.0000","661.50","7","0","300.99","360.51","null","54.49887",""
"529","Asparagus - Mexican","Breitenberg-Mosciski","null","2019","5","22.0000","493.00","6","0","245.24","247.76","null","50.25558",""
"530","Asparagus - Mexican","Breitenberg-Mosciski","null","2019","6","11.0000","269.50","6","0","122.64","146.86","null","54.49351",""
"531","Sauce - Cranberry","Breitenberg-Mosciski","null","null","null","null","null","null","null","null","null","null","null",""
"532","Sauce - Cranberry","Breitenberg-Mosciski","null","2019","1","235.0000","5,705.00","17","1","3,860.58","1,838.17","null","32.25567",""
"533","Carbonated Water - Wildberry","Breitenberg-Mosciski","null","null","null","null","null","null","null","null","null","null","null",""
"534","Carbonated Water - Wildberry","Breitenberg-Mosciski","null","null","null","null","null","null","null","null","null","null","null",""
"535","Carbonated Water - Wildberry","Breitenberg-Mosciski","null","2019","2","195.0000","4,916.25","13","0","3,203.46","1,712.79","null","34.83936",""
"536","Carbonated Water - Wildberry","Breitenberg-Mosciski","null","null","null","null","null","null","null","null","null","null","null",""
"537","Carbonated Water - Wildberry","Breitenberg-Mosciski","null","2019","3","150.0000","3,825.00","13","0","2,464.20","1,360.80","null","35.57647",""
"538","Carbonated Water - Wildberry","Breitenberg-Mosciski","null","2019","4","195.0000","4,972.50","16","0","3,203.46","1,769.04","null","35.57647",""
"539","Carbonated Water - Wildberry","Breitenberg-Mosciski","null","2019","5","235.0000","5,992.50","19","0","3,860.58","2,131.92","null","35.57647",""
"540","Carbonated Water - Wildberry","Breitenberg-Mosciski","null","2019","6","210.0000","5,355.00","18","0","3,449.88","1,905.12","null","35.57647",""
"541","Sugar - Icing","Breitenberg-Mosciski","null","null","null","null","null","null","null","null","null","null","null",""
"542","Sugar - Icing","Breitenberg-Mosciski","null","2019","1","45.0000","1,465.00","15","1","537.93","913.32","null","62.93333",""
"543","Evaporated Milk - Skim","Breitenberg-Mosciski","null","null","null","null","null","null","null","null","null","null","null",""
"544","Evaporated Milk - Skim","Breitenberg-Mosciski","null","null","null","null","null","null","null","null","null","null","null",""
"545","Evaporated Milk - Skim","Breitenberg-Mosciski","null","2019","2","43.0000","1,516.00","11","1","514.03","967.47","null","65.30341",""
"546","Evaporated Milk - Skim","Breitenberg-Mosciski","null","null","null","null","null","null","null","null","null","null","null",""
"547","Evaporated Milk - Skim","Breitenberg-Mosciski","null","2019","3","36.0000","1,242.00","10","0","430.34","811.66","null","65.35105",""
"548","Evaporated Milk - Skim","Breitenberg-Mosciski","null","2019","4","25.0000","872.50","7","0","298.85","573.65","null","65.74785",""
"549","Evaporated Milk - Skim","Breitenberg-Mosciski","null","2019","5","13.0000","448.50","5","0","155.40","293.10","null","65.35117",""
"550","Evaporated Milk - Skim","Breitenberg-Mosciski","null","2019","6","13.0000","448.50","11","0","155.37","293.13","null","65.35786",""
"551","Wine - Periguita Fonseca","Breitenberg-Mosciski","null","null","null","null","null","null","null","null","null","null","null",""
"552","Wine - Periguita Fonseca","Breitenberg-Mosciski","null","2019","1","165.0000","2,745.00","17","1","1,052.67","1,589.83","null","60.16386",""
"553","Wild Mix 3#/cs","Breitenberg-Mosciski","null","null","null","null","null","null","null","null","null","null","null",""
"554","Wild Mix 3#/cs","Breitenberg-Mosciski","null","null","null","null","null","null","null","null","null","null","null",""
"555","Wild Mix 3#/cs","Breitenberg-Mosciski","null","2019","2","130.0000","2,276.25","13","0","848.28","1,427.97","null","62.73344",""
"556","Wild Mix 3#/cs","Breitenberg-Mosciski","null","null","null","null","null","null","null","null","null","null","null",""
"557","Wild Mix 3#/cs","Breitenberg-Mosciski","null","2019","3","140.0000","2,485.00","16","0","913.54","1,571.46","null","63.23783",""
"558","Wild Mix 3#/cs","Breitenberg-Mosciski","null","2019","4","155.0000","2,840.00","19","1","987.44","1,763.81","null","64.10940",""
"559","Wild Mix 3#/cs","Breitenberg-Mosciski","null","2019","5","160.0000","2,840.00","12","0","1,044.03","1,795.97","null","63.23838",""
"560","Wild Mix 3#/cs","Breitenberg-Mosciski","null","2019","6","180.0000","3,195.00","18","0","1,174.55","2,020.45","null","63.23787",""
"561","Mcguinness - Blue Curacao","Breitenberg-Mosciski","null","null","null","null","null","null","null","null","null","null","null",""
"562","Mcguinness - Blue Curacao","Breitenberg-Mosciski","null","2019","3","1.0000","34.25","1","0","25.61","8.64","null","25.22628",""
"563","Muffin Mix - Oatmeal","Breitenberg-Mosciski","null","null","null","null","null","null","null","null","null","null","null",""
"564","Muffin Mix - Oatmeal","Breitenberg-Mosciski","null","null","null","null","null","null","null","null","null","null","null",""
"565","Wine - Sawmill Creek Autumn","Breitenberg-Mosciski","null","null","null","null","null","null","null","null","null","null","null",""
"566","Wine - Sawmill Creek Autumn","Breitenberg-Mosciski","null","2019","3","1.0000","20.00","1","0","10.04","9.96","null","49.80000",""
"567","Dried Juniper Berries 1#/pp","Breitenberg-Mosciski","null","null","null","null","null","null","null","null","null","null","null",""
"568","Dried Juniper Berries 1#/pp","Breitenberg-Mosciski","null","null","null","null","null","null","null","null","null","null","null",""
"569","Cheese - Gouda","Breitenberg-Mosciski","null","null","null","null","null","null","null","null","null","null","null",""
"570","Cheese - Gouda","Breitenberg-Mosciski","null","2019","3","1.0000","21.25","1","0","14.92","6.33","null","29.78824",""
"571","Wine - White, Riesling, Henry Of","Breitenberg-Mosciski","null","null","null","null","null","null","null","null","null","null","null",""
"572","Wine - White, Riesling, Henry Of","Breitenberg-Mosciski","null","null","null","null","null","null","null","null","null","null","null",""
"573","Soup - Base Broth Beef","Breitenberg-Mosciski","null","null","null","null","null","null","null","null","null","null","null",""
"574","Soup - Base Broth Beef","Breitenberg-Mosciski","null","2019","4","21.0000","1,428.00","1","0","391.97","1,036.03","null","72.55112",""
"575","Flour - All Purpose","Breitenberg-Mosciski","null","null","null","null","null","null","null","null","null","null","null",""
"576","Flour - All Purpose","Breitenberg-Mosciski","null","null","null","null","null","null","null","null","null","null","null",""
"577","Cranberries - Frozen","Breitenberg-Mosciski","null","null","null","null","null","null","null","null","null","null","null",""
"578","Cranberries - Frozen","Breitenberg-Mosciski","null","2019","6","2.0000","45.00","1","0","19.17","25.83","null","57.40000",""
"579","V8 Pet","Breitenberg-Mosciski","null","null","null","null","null","null","null","null","null","null","null",""
"580","V8 Pet","Breitenberg-Mosciski","null","null","null","null","null","null","null","null","null","null","null",""
"581","Muffin Mix - Lemon Cranberry","Breitenberg-Mosciski","null","null","null","null","null","null","null","null","null","null","null",""
"582","Muffin Mix - Lemon Cranberry","Breitenberg-Mosciski","null","2019","6","1.0000","18.00","1","0","6.49","11.51","null","63.94444",""
"583","Plasticknivesblack","Breitenberg-Mosciski","null","null","null","null","null","null","null","null","null","null","null",""
"584","Plasticknivesblack","Breitenberg-Mosciski","null","null","null","null","null","null","null","null","null","null","null",""
"585","Tea - Vanilla Chai","Breitenberg-Mosciski","null","null","null","null","null","null","null","null","null","null","null",""
"586","Tea - Vanilla Chai","Breitenberg-Mosciski","null","2019","4","60.0000","255.00","1","1","271.16","748.84","null","73.41569",""
"587","Chicken - Base, Ultimate","Breitenberg-Mosciski","null","null","null","null","null","null","null","null","null","null","null",""
"588","Chicken - Base, Ultimate","Breitenberg-Mosciski","null","null","null","null","null","null","null","null","null","null","null",""
"589","Soda Water - Club Soda, 355 Ml","Breitenberg-Mosciski","null","null","null","null","null","null","null","null","null","null","null",""
"590","Soda Water - Club Soda, 355 Ml","Breitenberg-Mosciski","null","2019","1","251.0000","17,446.00","23","2","4,492.50","11,973.50","null","72.71651",""
"591","Muffin Batt - Choc Chk","Breitenberg-Mosciski","null","null","null","null","null","null","null","null","null","null","null",""
"592","Muffin Batt - Choc Chk","Breitenberg-Mosciski","null","null","null","null","null","null","null","null","null","null","null",""
"593","Muffin Batt - Choc Chk","Breitenberg-Mosciski","null","2019","2","219.0000","14,832.00","18","2","3,959.01","10,872.99","null","73.30765",""
"594","Muffin Batt - Choc Chk","Breitenberg-Mosciski","null","null","null","null","null","null","null","null","null","null","null",""
"595","Muffin Batt - Choc Chk","Breitenberg-Mosciski","null","2019","3","188.0000","12,784.00","17","0","3,398.60","9,385.40","null","73.41521",""
"596","Muffin Batt - Choc Chk","Breitenberg-Mosciski","null","2019","4","193.0000","13,124.00","19","0","3,488.98","9,635.02","null","73.41527",""
"597","Muffin Batt - Choc Chk","Breitenberg-Mosciski","null","2019","5","227.0000","15,436.00","19","0","4,103.63","11,332.37","null","73.41520",""
"598","Muffin Batt - Choc Chk","Breitenberg-Mosciski","null","2019","6","239.8500","16,388.00","21","1","4,330.76","11,979.04","null","73.44688",""
"599","Pepper - Jalapeno","Breitenberg-Mosciski","null","null","null","null","null","null","null","null","null","null","null",""
"600","Pepper - Jalapeno","Breitenberg-Mosciski","null","2019","1","325.0000","2,607.50","19","2","2,180.22","237.28","null","9.81510",""
"601","Thyme - Fresh","Breitenberg-Mosciski","null","null","null","null","null","null","null","null","null","null","null",""
"602","Thyme - Fresh","Breitenberg-Mosciski","null","null","null","null","null","null","null","null","null","null","null",""
"603","Thyme - Fresh","Breitenberg-Mosciski","null","2019","2","180.0000","1,350.00","12","0","718.32","631.68","null","46.79111",""
"604","Thyme - Fresh","Breitenberg-Mosciski","null","null","null","null","null","null","null","null","null","null","null",""
"605","Thyme - Fresh","Breitenberg-Mosciski","null","2019","3","273.0000","2,100.00","14","1","1,586.86","460.64","null","22.49768",""
"606","Thyme - Fresh","Breitenberg-Mosciski","null","2019","4","390.0000","3,000.00","19","1","1,988.05","936.95","null","32.03248",""
"607","Thyme - Fresh","Breitenberg-Mosciski","null","2019","5","410.0000","3,075.00","19","0","2,288.75","786.25","null","25.56911",""
"608","Thyme - Fresh","Breitenberg-Mosciski","null","2019","6","345.0000","2,587.50","14","0","1,868.50","719.00","null","27.78744",""
"609","Rye Special Old","Breitenberg-Mosciski","null","null","null","null","null","null","null","null","null","null","null",""
"610","Rye Special Old","Breitenberg-Mosciski","null","2019","1","70.0000","1,322.50","7","2","971.80","243.20","null","20.01646",""
"611","Fresh Cape Gooseberries 12 pp/cs","Breitenberg-Mosciski","null","null","null","null","null","null","null","null","null","null","null",""
"612","Fresh Cape Gooseberries 12 pp/cs","Breitenberg-Mosciski","null","null","null","null","null","null","null","null","null","null","null",""
"613","Fresh Cape Gooseberries 12 pp/cs","Breitenberg-Mosciski","null","2019","2","10.0000","175.00","1","0","135.06","39.94","null","22.82286",""
"614","Fresh Cape Gooseberries 12 pp/cs","Breitenberg-Mosciski","null","null","null","null","null","null","null","null","null","null","null",""
"615","Fresh Cape Gooseberries 12 pp/cs","Breitenberg-Mosciski","null","2019","3","25.0000","437.50","3","0","337.64","99.86","null","22.82514",""
"616","Fresh Cape Gooseberries 12 pp/cs","Breitenberg-Mosciski","null","2019","4","5.0000","175.00","2","1","97.01","-9.51","null","-10.86857",""
"617","Fresh Cape Gooseberries 12 pp/cs","Breitenberg-Mosciski","null","2019","5","25.0000","437.50","1","0","203.84","233.66","null","53.40800",""
"618","Fresh Cape Gooseberries 12 pp/cs","Breitenberg-Mosciski","null","2019","6","5.0000","87.50","1","0","64.71","22.79","null","26.04571",""
"619","Lemon Grass","Breitenberg-Mosciski","null","null","null","null","null","null","null","null","null","null","null",""
"620","Lemon Grass","Breitenberg-Mosciski","null","2019","5","15.0000","262.50","1","0","133.98","128.52","null","48.96000",""
"621","Island Oasis - Peach Daiquiri","Breitenberg-Mosciski","null","null","null","null","null","null","null","null","null","null","null",""
"622","Island Oasis - Peach Daiquiri","Breitenberg-Mosciski","null","null","null","null","null","null","null","null","null","null","null",""
"623","Tea - Lemon Scented","Breitenberg-Mosciski","null","null","null","null","null","null","null","null","null","null","null",""
"624","Tea - Lemon Scented","Breitenberg-Mosciski","null","2019","1","1.0000","12.50","1","0","8.51","3.99","null","31.92000",""
"625","Syrup - Monin - Blue Curacao","Breitenberg-Mosciski","null","null","null","null","null","null","null","null","null","null","null",""
"626","Syrup - Monin - Blue Curacao","Breitenberg-Mosciski","null","null","null","null","null","null","null","null","null","null","null",""
"627","Syrup - Monin - Blue Curacao","Breitenberg-Mosciski","null","2019","2","4.0000","84.00","1","0","34.04","49.96","null","59.47619",""
"628","Syrup - Monin - Blue Curacao","Breitenberg-Mosciski","null","null","null","null","null","null","null","null","null","null","null",""
"629","Syrup - Monin - Blue Curacao","Breitenberg-Mosciski","null","2019","3","3.0000","45.00","1","0","25.53","19.47","null","43.26667",""
"630","Syrup - Monin - Blue Curacao","Breitenberg-Mosciski","null","2019","5","4.0000","84.00","2","0","35.00","49.00","null","58.33333",""
"631","Syrup - Monin - Blue Curacao","Breitenberg-Mosciski","null","2019","6","0.0000","63.00","1","1","0.00","0.00","null","0.00000",""
"632","Trout - Rainbow, Fresh","Breitenberg-Mosciski","null","null","null","null","null","null","null","null","null","null","null",""
"633","Trout - Rainbow, Fresh","Breitenberg-Mosciski","null","2019","1","0.0000","60.00","1","1","0.00","0.00","null","0.00000",""
"634","Nougat - Paste / Cream","Breitenberg-Mosciski","null","null","null","null","null","null","null","null","null","null","null",""
"635","Nougat - Paste / Cream","Breitenberg-Mosciski","null","null","null","null","null","null","null","null","null","null","null",""
"636","Nougat - Paste / Cream","Breitenberg-Mosciski","null","2019","2","0.0000","84.50","1","1","-1.32","1.32","null","0.00000",""
"637","Nougat - Paste / Cream","Breitenberg-Mosciski","null","null","null","null","null","null","null","null","null","null","null",""
"638","Nougat - Paste / Cream","Breitenberg-Mosciski","null","null","null","null","null","null","null","null","null","null","null",""
"639","null","null","Customer Total:","null","null","null","268,565.80","null","null","139,299.09","null","null","null",""
"640","Nougat - Paste / Cream","Breitenberg-Mosciski","null","null","null","null","null","null","null","null","null","null","null",""
"641","Nougat - Paste / Cream","Haley Inc","null","null","null","null","null","null","null","null","null","null","null",""
"642","Soupcontfoam16oz 116con","Haley Inc","null","null","null","null","null","null","null","null","null","null","null",""
"643","Soupcontfoam16oz 116con","Haley Inc","null","2019","5","1.0000","27.50","1","0","17.46","10.04","null","36.50909",""
"644","Lime Cordial - Roses","Haley Inc","null","null","null","null","null","null","null","null","null","null","null",""
"645","Lime Cordial - Roses","Haley Inc","null","null","null","null","null","null","null","null","null","null","null",""
"646","Lime Cordial - Roses","Haley Inc","null","2019","6","6.0000","165.00","2","0","104.75","60.25","null","36.51515",""
"647","Lime Cordial - Roses","Haley Inc","null","null","null","null","null","null","null","null","null","null","null",""
"648","Pears - Bartlett","Haley Inc","null","null","null","null","null","null","null","null","null","null","null",""
"649","Pears - Bartlett","Haley Inc","null","2019","6","12.0000","312.00","1","0","179.31","132.69","null","42.52885",""
"650","Garbage Bag - Clear","Haley Inc","null","null","null","null","null","null","null","null","null","null","null",""
"651","Garbage Bag - Clear","Haley Inc","null","null","null","null","null","null","null","null","null","null","null",""
"652","Tomatoes","Haley Inc","null","null","null","null","null","null","null","null","null","null","null",""
"653","Tomatoes","Haley Inc","null","2019","6","5.0000","65.00","2","0","20.05","44.95","null","69.15385",""
"654","Chinese Foods - Plain Fried Rice","Haley Inc","null","null","null","null","null","null","null","null","null","null","null",""
"655","Chinese Foods - Plain Fried Rice","Haley Inc","null","null","null","null","null","null","null","null","null","null","null",""
"656","Flour - Buckwheat, Dark","Haley Inc","null","null","null","null","null","null","null","null","null","null","null",""
"657","Flour - Buckwheat, Dark","Haley Inc","null","2019","3","6.0000","261.00","2","0","176.05","84.95","null","32.54789",""
"658","Fiddlehead - Frozen","Haley Inc","null","null","null","null","null","null","null","null","null","null","null",""
"659","Fiddlehead - Frozen","Haley Inc","null","null","null","null","null","null","null","null","null","null","null",""
"660","Mix Pina Colada","Haley Inc","null","null","null","null","null","null","null","null","null","null","null",""
"661","Mix Pina Colada","Haley Inc","null","2019","6","5.0000","76.25","2","0","19.38","56.87","null","74.58361",""
"662","Lidsoupcont Rp12dn","Haley Inc","null","null","null","null","null","null","null","null","null","null","null",""
"663","Lidsoupcont Rp12dn","Haley Inc","null","null","null","null","null","null","null","null","null","null","null",""
"664","Icecream Cone - Areo Chocolate","Haley Inc","null","null","null","null","null","null","null","null","null","null","null",""
"665","Icecream Cone - Areo Chocolate","Haley Inc","null","2019","1","20.0000","358.80","7","0","134.80","224.00","null","62.43032",""
"666","Cheese - Camembert","Haley Inc","null","null","null","null","null","null","null","null","null","null","null",""
"667","Cheese - Camembert","Haley Inc","null","null","null","null","null","null","null","null","null","null","null",""
"668","Cheese - Camembert","Haley Inc","null","2019","2","16.0000","268.80","4","0","107.84","160.96","null","59.88095",""
"669","Cheese - Camembert","Haley Inc","null","null","null","null","null","null","null","null","null","null","null",""
"670","Cheese - Camembert","Haley Inc","null","2019","3","17.0000","285.60","6","0","114.58","171.02","null","59.88095",""
"671","Cheese - Camembert","Haley Inc","null","2019","4","19.0000","337.80","6","0","128.06","209.74","null","62.08999",""
"672","Cheese - Camembert","Haley Inc","null","2019","5","15.0000","252.00","4","0","101.10","150.90","null","59.88095",""
"673","Cheese - Camembert","Haley Inc","null","2019","6","10.0000","168.00","5","0","67.40","100.60","null","59.88095",""
"674","Bread Country Roll","Haley Inc","null","null","null","null","null","null","null","null","null","null","null",""
"675","Bread Country Roll","Haley Inc","null","2019","1","3.0000","64.90","3","0","37.38","27.52","null","42.40370",""
"676","Juice - Apple Cider","Haley Inc","null","null","null","null","null","null","null","null","null","null","null",""
"677","Juice - Apple Cider","Haley Inc","null","null","null","null","null","null","null","null","null","null","null",""
"678","Juice - Apple Cider","Haley Inc","null","2019","2","2.0000","30.40","1","0","24.93","5.47","null","17.99342",""
"679","Juice - Apple Cider","Haley Inc","null","null","null","null","null","null","null","null","null","null","null",""
"680","Juice - Apple Cider","Haley Inc","null","2019","4","1.0000","15.20","1","0","12.46","2.74","null","18.02632",""
"681","Juice - Apple Cider","Haley Inc","null","2019","6","1.0000","15.20","1","0","12.46","2.74","null","18.02632",""
"682","Lettuce - Green Leaf","Haley Inc","null","null","null","null","null","null","null","null","null","null","null",""
"683","Lettuce - Green Leaf","Haley Inc","null","2019","2","1.0000","56.00","1","0","22.39","33.61","null","60.01786",""
"684","Ecolab - Balanced Fusion","Haley Inc","null","null","null","null","null","null","null","null","null","null","null",""
"685","Ecolab - Balanced Fusion","Haley Inc","null","null","null","null","null","null","null","null","null","null","null",""
"686","Ecolab - Balanced Fusion","Haley Inc","null","2019","3","1.0000","56.00","1","0","21.96","34.04","null","60.78571",""
"687","Ecolab - Balanced Fusion","Haley Inc","null","null","null","null","null","null","null","null","null","null","null",""
"688","Ecolab - Balanced Fusion","Haley Inc","null","2019","5","3.0000","168.00","1","0","65.19","102.81","null","61.19643",""
"689","V8 Splash Strawberry Banana","Haley Inc","null","null","null","null","null","null","null","null","null","null","null",""
"690","V8 Splash Strawberry Banana","Haley Inc","null","2019","1","1.0000","35.00","1","0","16.33","18.67","null","53.34286",""
"691","Soup Knorr Chili With Beans","Haley Inc","null","null","null","null","null","null","null","null","null","null","null",""
"692","Soup Knorr Chili With Beans","Haley Inc","null","null","null","null","null","null","null","null","null","null","null",""
"693","Rice - Jasmine Sented","Haley Inc","null","null","null","null","null","null","null","null","null","null","null",""
"694","Rice - Jasmine Sented","Haley Inc","null","2019","1","46.0000","1,380.00","5","0","302.71","1,077.29","null","78.06449",""
"695","Mackerel Whole Fresh","Haley Inc","null","null","null","null","null","null","null","null","null","null","null",""
"696","Mackerel Whole Fresh","Haley Inc","null","null","null","null","null","null","null","null","null","null","null",""
"697","Mackerel Whole Fresh","Haley Inc","null","2019","2","33.0000","990.00","3","0","217.18","772.82","null","78.06263",""
"698","Mackerel Whole Fresh","Haley Inc","null","null","null","null","null","null","null","null","null","null","null",""
"699","Mackerel Whole Fresh","Haley Inc","null","2019","3","20.0000","600.00","2","0","131.62","468.38","null","78.06333",""
"700","Mackerel Whole Fresh","Haley Inc","null","2019","4","32.0000","960.00","4","0","210.61","749.39","null","78.06146",""
"701","Mackerel Whole Fresh","Haley Inc","null","2019","5","44.0000","1,320.00","5","0","289.57","1,030.43","null","78.06288",""
"702","Mackerel Whole Fresh","Haley Inc","null","2019","6","63.0000","1,890.00","5","0","414.63","1,475.37","null","78.06190",""
"703","Beer - Creemore","Haley Inc","null","null","null","null","null","null","null","null","null","null","null",""
"704","Beer - Creemore","Haley Inc","null","2019","2","2.0000","25.00","1","0","9.68","15.32","null","61.28000",""
"705","Dried Star Anise 1#/pp","Haley Inc","null","null","null","null","null","null","null","null","null","null","null",""
"706","Dried Star Anise 1#/pp","Haley Inc","null","null","null","null","null","null","null","null","null","null","null",""
"707","Dried Star Anise 1#/pp","Haley Inc","null","2019","5","1.0000","10.40","1","0","4.84","5.56","null","53.46154",""
"708","Dried Star Anise 1#/pp","Haley Inc","null","null","null","null","null","null","null","null","null","null","null",""
"709","Wine - Fat Bastard Merlot","Haley Inc","null","null","null","null","null","null","null","null","null","null","null",""
"710","Wine - Fat Bastard Merlot","Haley Inc","null","2019","2","1.0000","18.75","1","0","5.89","12.86","null","68.58667",""
"711","Tahini Paste","Haley Inc","null","null","null","null","null","null","null","null","null","null","null",""
"712","Tahini Paste","Haley Inc","null","null","null","null","null","null","null","null","null","null","null",""
"713","Tahini Paste","Haley Inc","null","2019","5","11.0000","206.25","2","0","64.79","141.46","null","68.58667",""
"714","Tahini Paste","Haley Inc","null","null","null","null","null","null","null","null","null","null","null",""
"715","Syrup - Monin - Blue Curacao","Haley Inc","null","null","null","null","null","null","null","null","null","null","null",""
"716","Syrup - Monin - Blue Curacao","Haley Inc","null","2019","6","8.0000","440.00","1","0","320.00","120.00","null","27.27273",""
"717","Fresh Garlic Peeled 6x5lbs/cs A+","Haley Inc","null","null","null","null","null","null","null","null","null","null","null",""
"718","Fresh Garlic Peeled 6x5lbs/cs A+","Haley Inc","null","null","null","null","null","null","null","null","null","null","null",""
"719","Gatorade - Xfactor Berry","Haley Inc","null","null","null","null","null","null","null","null","null","null","null",""
"720","Gatorade - Xfactor Berry","Haley Inc","null","2019","4","31.0000","1,446.25","5","0","746.26","699.99","null","48.40035",""
"721","Muffins - Assorted","Haley Inc","null","null","null","null","null","null","null","null","null","null","null",""
"722","Muffins - Assorted","Haley Inc","null","null","null","null","null","null","null","null","null","null","null",""
"723","Muffins - Assorted","Haley Inc","null","2019","5","2.0000","91.50","1","0","48.13","43.37","null","47.39891",""
"724","Muffins - Assorted","Haley Inc","null","null","null","null","null","null","null","null","null","null","null",""
"725","Cranberries - Frozen","Haley Inc","null","null","null","null","null","null","null","null","null","null","null",""
"726","Cranberries - Frozen","Haley Inc","null","2019","1","17.0000","387.00","2","0","157.37","229.63","null","59.33592",""
"727","V8 Pet","Haley Inc","null","null","null","null","null","null","null","null","null","null","null",""
"728","V8 Pet","Haley Inc","null","null","null","null","null","null","null","null","null","null","null",""
"729","V8 Pet","Haley Inc","null","2019","2","22.0000","462.00","2","0","203.68","258.32","null","55.91342",""
"730","V8 Pet","Haley Inc","null","null","null","null","null","null","null","null","null","null","null",""
"731","V8 Pet","Haley Inc","null","2019","3","5.0000","105.00","1","0","60.52","44.48","null","42.36190",""
"732","V8 Pet","Haley Inc","null","2019","4","19.0000","462.00","7","1","186.87","212.13","null","53.16541",""
"733","V8 Pet","Haley Inc","null","2019","5","11.0000","231.00","2","0","106.69","124.31","null","53.81385",""
"734","V8 Pet","Haley Inc","null","2019","6","18.0000","378.00","2","0","171.24","206.76","null","54.69841",""
"735","Muffin Mix - Lemon Cranberry","Haley Inc","null","null","null","null","null","null","null","null","null","null","null",""
"736","Muffin Mix - Lemon Cranberry","Haley Inc","null","2019","1","5.0000","67.50","1","0","32.43","35.07","null","51.95556",""
"737","Plasticknivesblack","Haley Inc","null","null","null","null","null","null","null","null","null","null","null",""
"738","Plasticknivesblack","Haley Inc","null","null","null","null","null","null","null","null","null","null","null",""
"739","Plasticknivesblack","Haley Inc","null","2019","4","2.0000","27.00","1","0","12.97","14.03","null","51.96296",""
"740","Plasticknivesblack","Haley Inc","null","null","null","null","null","null","null","null","null","null","null",""
"741","Plasticknivesblack","Haley Inc","null","2019","5","14.0000","189.00","3","0","90.79","98.21","null","51.96296",""
"742","Pepper - Jalapeno","Haley Inc","null","null","null","null","null","null","null","null","null","null","null",""
"743","Pepper - Jalapeno","Haley Inc","null","2019","1","65.0000","522.50","4","0","498.13","24.37","null","4.66411",""
"744","Thyme - Fresh","Haley Inc","null","null","null","null","null","null","null","null","null","null","null",""
"745","Thyme - Fresh","Haley Inc","null","null","null","null","null","null","null","null","null","null","null",""
"746","Thyme - Fresh","Haley Inc","null","2019","2","101.0000","757.50","8","0","558.93","198.57","null","26.21386",""
"747","Thyme - Fresh","Haley Inc","null","null","null","null","null","null","null","null","null","null","null",""
"748","Thyme - Fresh","Haley Inc","null","2019","3","30.0000","225.00","4","0","174.00","51.00","null","22.66667",""
"749","Thyme - Fresh","Haley Inc","null","2019","4","51.0000","382.50","6","0","263.84","118.66","null","31.02222",""
"750","Thyme - Fresh","Haley Inc","null","2019","5","133.0000","997.50","10","0","714.90","282.60","null","28.33083",""
"751","Thyme - Fresh","Haley Inc","null","2019","6","131.0000","982.50","10","0","694.30","288.20","null","29.33333",""
"752","Rye Special Old","Haley Inc","null","null","null","null","null","null","null","null","null","null","null",""
"753","Rye Special Old","Haley Inc","null","2019","1","240.0000","4,360.00","7","0","3,235.98","1,124.02","null","25.78028",""
"754","Fresh Cape Gooseberries 12 pp/cs","Haley Inc","null","null","null","null","null","null","null","null","null","null","null",""
"755","Fresh Cape Gooseberries 12 pp/cs","Haley Inc","null","null","null","null","null","null","null","null","null","null","null",""
"756","Fresh Cape Gooseberries 12 pp/cs","Haley Inc","null","2019","2","137.0000","2,497.50","4","0","1,852.05","645.45","null","25.84384",""
"757","Fresh Cape Gooseberries 12 pp/cs","Haley Inc","null","null","null","null","null","null","null","null","null","null","null",""
"758","Fresh Cape Gooseberries 12 pp/cs","Haley Inc","null","2019","3","150.0000","2,625.00","5","0","2,025.84","599.16","null","22.82514",""
"759","Fresh Cape Gooseberries 12 pp/cs","Haley Inc","null","2019","4","200.0000","3,500.00","6","0","2,700.87","799.13","null","22.83229",""
"760","Fresh Cape Gooseberries 12 pp/cs","Haley Inc","null","2019","5","240.0000","4,260.00","8","0","2,962.58","1,297.42","null","30.45587",""
"761","Fresh Cape Gooseberries 12 pp/cs","Haley Inc","null","2019","6","240.0000","4,470.00","8","0","3,073.09","1,396.91","null","31.25078",""
"762","Vacuum Bags 12x16","Haley Inc","null","null","null","null","null","null","null","null","null","null","null",""
"763","Vacuum Bags 12x16","Haley Inc","null","2019","6","90.0000","2,160.00","1","0","1,529.27","630.73","null","29.20046",""
"764","Fresh Garlic 10kg","Haley Inc","null","null","null","null","null","null","null","null","null","null","null",""
"765","Fresh Garlic 10kg","Haley Inc","null","null","null","null","null","null","null","null","null","null","null",""
"766","Mince Meat - Filling","Haley Inc","null","null","null","null","null","null","null","null","null","null","null",""
"767","Mince Meat - Filling","Haley Inc","null","2019","1","2.0000","70.00","1","0","39.88","30.12","null","43.02857",""
"768","Beef Wellington","Haley Inc","null","null","null","null","null","null","null","null","null","null","null",""
"769","Beef Wellington","Haley Inc","null","null","null","null","null","null","null","null","null","null","null",""
"770","Beef Wellington","Haley Inc","null","2019","2","8.0000","280.00","3","0","176.39","103.61","null","37.00357",""
"771","Beef Wellington","Haley Inc","null","null","null","null","null","null","null","null","null","null","null",""
"772","Beef Wellington","Haley Inc","null","2019","3","2.0000","70.00","1","0","44.10","25.90","null","37.00000",""
"773","Beef Wellington","Haley Inc","null","2019","4","12.0000","444.00","1","0","248.22","195.78","null","44.09459",""
"774","Beef Wellington","Haley Inc","null","2019","5","10.0000","370.00","1","0","206.85","163.15","null","44.09459",""
"775","Beef Wellington","Haley Inc","null","2019","6","12.0000","444.00","1","0","246.95","197.05","null","44.38063",""
"776","Vinegar - Balsamic, White","Haley Inc","null","null","null","null","null","null","null","null","null","null","null",""
"777","Vinegar - Balsamic, White","Haley Inc","null","2019","4","20.0000","740.00","1","0","512.39","227.61","null","30.75811",""
"778","White (Bianco)Truffle Oil 250 ml","Haley Inc","null","null","null","null","null","null","null","null","null","null","null",""
"779","White (Bianco)Truffle Oil 250 ml","Haley Inc","null","null","null","null","null","null","null","null","null","null","null",""
"780","White (Bianco)Truffle Oil 250 ml","Haley Inc","null","2019","5","40.0000","1,480.00","1","0","1,024.78","455.22","null","30.75811",""
"781","White (Bianco)Truffle Oil 250 ml","Haley Inc","null","null","null","null","null","null","null","null","null","null","null",""
"782","White (Bianco)Truffle Oil 250 ml","Haley Inc","null","2019","6","30.0000","1,110.00","1","0","798.06","311.94","null","28.10270",""
"783","White (Bianco)Truffle Oil 250 ml","Haley Inc","null","null","null","null","null","null","null","null","null","null","null",""
"784","null","null","Customer Total:","null","null","null","47,453.10","null","null","28,753.75","null","null","null",""
"785","White (Bianco)Truffle Oil 250 ml","Haley Inc","null","null","null","null","null","null","null","null","null","null","null",""
"786","White (Bianco)Truffle Oil 250 ml","Monahan-Tromp","null","null","null","null","null","null","null","null","null","null","null",""
"787","Lettuce Romaine Chopped","Monahan-Tromp","null","null","null","null","null","null","null","null","null","null","null",""
"788","Lettuce Romaine Chopped","Monahan-Tromp","null","2019","1","40.0000","540.00","1","0","306.79","233.21","null","43.18704",""
"789","Fresh Mini Cremini 5lbs","Monahan-Tromp","null","null","null","null","null","null","null","null","null","null","null",""
"790","Fresh Mini Cremini 5lbs","Monahan-Tromp","null","null","null","null","null","null","null","null","null","null","null",""
"791","Fresh Mini Cremini 5lbs","Monahan-Tromp","null","2019","6","1.0000","13.50","1","0","7.57","5.93","null","43.92593",""
"792","Fresh Mini Cremini 5lbs","Monahan-Tromp","null","null","null","null","null","null","null","null","null","null","null",""
"793","Cookies - Amaretto","Monahan-Tromp","null","null","null","null","null","null","null","null","null","null","null",""
"794","Cookies - Amaretto","Monahan-Tromp","null","2019","1","170.0000","2,576.25","8","0","865.30","1,710.95","null","66.41242",""
"795","Island Oasis - Magarita Mix","Monahan-Tromp","null","null","null","null","null","null","null","null","null","null","null",""
"796","Island Oasis - Magarita Mix","Monahan-Tromp","null","null","null","null","null","null","null","null","null","null","null",""
"797","Island Oasis - Magarita Mix","Monahan-Tromp","null","2019","2","130.0000","1,917.50","6","0","661.70","1,255.80","null","65.49153",""
"798","Island Oasis - Magarita Mix","Monahan-Tromp","null","null","null","null","null","null","null","null","null","null","null",""
"799","Island Oasis - Magarita Mix","Monahan-Tromp","null","2019","3","170.0000","2,507.50","8","0","865.30","1,642.20","null","65.49153",""
"800","Island Oasis - Magarita Mix","Monahan-Tromp","null","2019","4","140.0000","2,245.00","8","0","712.60","1,532.40","null","68.25835",""
"801","Island Oasis - Magarita Mix","Monahan-Tromp","null","2019","5","230.0000","3,852.50","8","0","1,170.70","2,681.80","null","69.61194",""
"802","Island Oasis - Magarita Mix","Monahan-Tromp","null","2019","6","215.0000","3,601.25","8","0","1,094.35","2,506.90","null","69.61194",""
"803","Island Oasis - Cappucino Mix","Monahan-Tromp","null","null","null","null","null","null","null","null","null","null","null",""
"804","Island Oasis - Cappucino Mix","Monahan-Tromp","null","2019","1","252.0000","5,050.08","9","0","2,296.98","2,753.10","null","54.51597",""
"805","Tomato - Tricolor Cherry","Monahan-Tromp","null","null","null","null","null","null","null","null","null","null","null",""
"806","Tomato - Tricolor Cherry","Monahan-Tromp","null","null","null","null","null","null","null","null","null","null","null",""
"807","Tomato - Tricolor Cherry","Monahan-Tromp","null","2019","2","210.0000","4,208.40","7","0","1,914.15","2,294.25","null","54.51597",""
"808","Tomato - Tricolor Cherry","Monahan-Tromp","null","null","null","null","null","null","null","null","null","null","null",""
"809","Tomato - Tricolor Cherry","Monahan-Tromp","null","2019","3","240.0000","4,809.60","8","0","2,187.60","2,622.00","null","54.51597",""
"810","Tomato - Tricolor Cherry","Monahan-Tromp","null","2019","4","252.0000","5,050.08","9","0","2,296.98","2,753.10","null","54.51597",""
"811","Tomato - Tricolor Cherry","Monahan-Tromp","null","2019","5","288.0000","5,771.52","9","0","2,625.12","3,146.40","null","54.51597",""
"812","Tomato - Tricolor Cherry","Monahan-Tromp","null","2019","6","276.0000","5,531.04","9","0","2,515.74","3,015.30","null","54.51597",""
"813","Tomatoes","Monahan-Tromp","null","null","null","null","null","null","null","null","null","null","null",""
"814","Tomatoes","Monahan-Tromp","null","2019","1","66.0000","1,131.74","7","0","264.60","867.14","null","76.62007",""
"815","Chinese Foods - Plain Fried Rice","Monahan-Tromp","null","null","null","null","null","null","null","null","null","null","null",""
"816","Chinese Foods - Plain Fried Rice","Monahan-Tromp","null","null","null","null","null","null","null","null","null","null","null",""
"817","Chinese Foods - Plain Fried Rice","Monahan-Tromp","null","2019","2","50.0000","837.50","5","0","200.45","637.05","null","76.06567",""
"818","Chinese Foods - Plain Fried Rice","Monahan-Tromp","null","null","null","null","null","null","null","null","null","null","null",""
"819","Chinese Foods - Plain Fried Rice","Monahan-Tromp","null","2019","3","52.0000","871.00","5","0","208.46","662.54","null","76.06659",""
"820","Chinese Foods - Plain Fried Rice","Monahan-Tromp","null","2019","4","74.0000","1,360.90","9","0","296.65","1,064.25","null","78.20193",""
"821","Chinese Foods - Plain Fried Rice","Monahan-Tromp","null","2019","5","82.0000","1,578.50","7","0","328.73","1,249.77","null","79.17453",""
"822","Chinese Foods - Plain Fried Rice","Monahan-Tromp","null","2019","6","98.0000","1,886.50","8","0","392.88","1,493.62","null","79.17413",""
"823","Mix Pina Colada","Monahan-Tromp","null","null","null","null","null","null","null","null","null","null","null",""
"824","Mix Pina Colada","Monahan-Tromp","null","2019","1","8.0000","135.17","4","0","31.02","104.15","null","77.05112",""
"825","Lidsoupcont Rp12dn","Monahan-Tromp","null","null","null","null","null","null","null","null","null","null","null",""
"826","Lidsoupcont Rp12dn","Monahan-Tromp","null","null","null","null","null","null","null","null","null","null","null",""
"827","Lidsoupcont Rp12dn","Monahan-Tromp","null","2019","2","4.0000","64.00","3","0","15.51","48.49","null","75.76563",""
"828","Lidsoupcont Rp12dn","Monahan-Tromp","null","null","null","null","null","null","null","null","null","null","null",""
"829","Lidsoupcont Rp12dn","Monahan-Tromp","null","2019","3","7.0000","112.00","4","0","27.14","84.86","null","75.76786",""
"830","Lidsoupcont Rp12dn","Monahan-Tromp","null","2019","4","7.0000","123.85","4","0","27.14","96.71","null","78.08639",""
"831","Lidsoupcont Rp12dn","Monahan-Tromp","null","2019","5","7.0000","139.65","5","0","27.14","112.51","null","80.56570",""
"832","Lidsoupcont Rp12dn","Monahan-Tromp","null","2019","6","10.0000","199.50","4","0","38.76","160.74","null","80.57143",""
"833","Chocolate - Milk, Callets","Monahan-Tromp","null","null","null","null","null","null","null","null","null","null","null",""
"834","Chocolate - Milk, Callets","Monahan-Tromp","null","2019","3","2.0000","42.00","1","0","28.50","13.50","null","32.14286",""
"835","Coconut - Shredded, Sweet","Monahan-Tromp","null","null","null","null","null","null","null","null","null","null","null",""
"836","Coconut - Shredded, Sweet","Monahan-Tromp","null","null","null","null","null","null","null","null","null","null","null",""
"837","Caviar - Salmon","Monahan-Tromp","null","null","null","null","null","null","null","null","null","null","null",""
"838","Caviar - Salmon","Monahan-Tromp","null","2019","2","6.0000","147.00","3","0","66.89","80.11","null","54.49660",""
"839","Asparagus - Mexican","Monahan-Tromp","null","null","null","null","null","null","null","null","null","null","null",""
"840","Asparagus - Mexican","Monahan-Tromp","null","null","null","null","null","null","null","null","null","null","null",""
"841","Asparagus - Mexican","Monahan-Tromp","null","2019","3","10.0000","245.00","5","0","111.49","133.51","null","54.49388",""
"842","Asparagus - Mexican","Monahan-Tromp","null","null","null","null","null","null","null","null","null","null","null",""
"843","Asparagus - Mexican","Monahan-Tromp","null","2019","4","3.0000","73.50","2","0","33.45","40.05","null","54.48980",""
"844","Asparagus - Mexican","Monahan-Tromp","null","2019","5","4.0000","98.00","2","0","44.60","53.40","null","54.48980",""
"845","Asparagus - Mexican","Monahan-Tromp","null","2019","6","1.0000","23.75","1","0","11.15","12.60","null","53.05263",""
"846","Cheese - Woolwich Goat, Log","Monahan-Tromp","null","null","null","null","null","null","null","null","null","null","null",""
"847","Cheese - Woolwich Goat, Log","Monahan-Tromp","null","2019","4","50.0000","963.50","4","0","499.50","464.00","null","48.15776",""
"848","Wine - Bouchard La Vignee Pinot","Monahan-Tromp","null","null","null","null","null","null","null","null","null","null","null",""
"849","Wine - Bouchard La Vignee Pinot","Monahan-Tromp","null","null","null","null","null","null","null","null","null","null","null",""
"850","Wine - Bouchard La Vignee Pinot","Monahan-Tromp","null","2019","5","100.0000","1,927.00","6","0","999.00","928.00","null","48.15776",""
"851","Wine - Bouchard La Vignee Pinot","Monahan-Tromp","null","null","null","null","null","null","null","null","null","null","null",""
"852","Wine - Bouchard La Vignee Pinot","Monahan-Tromp","null","2019","6","90.0000","1,734.30","7","0","899.10","835.20","null","48.15776",""
"853","Tomatoes - Diced, Canned","Monahan-Tromp","null","null","null","null","null","null","null","null","null","null","null",""
"854","Tomatoes - Diced, Canned","Monahan-Tromp","null","2019","1","90.0000","1,734.30","7","0","578.43","1,155.87","null","66.64764",""
"855","Jam - Raspberry","Monahan-Tromp","null","null","null","null","null","null","null","null","null","null","null",""
"856","Jam - Raspberry","Monahan-Tromp","null","null","null","null","null","null","null","null","null","null","null",""
"857","Jam - Raspberry","Monahan-Tromp","null","2019","2","76.0000","1,464.52","7","0","488.45","976.07","null","66.64778",""
"858","Jam - Raspberry","Monahan-Tromp","null","null","null","null","null","null","null","null","null","null","null",""
"859","Jam - Raspberry","Monahan-Tromp","null","2019","3","70.0000","1,348.90","7","0","449.89","899.01","null","66.64764",""
"860","Jam - Raspberry","Monahan-Tromp","null","2019","4","20.0000","385.40","1","0","128.54","256.86","null","66.64764",""
"861","Sugar - Icing","Monahan-Tromp","null","null","null","null","null","null","null","null","null","null","null",""
"862","Sugar - Icing","Monahan-Tromp","null","2019","1","368.0000","13,026.64","9","0","4,399.28","8,627.36","null","66.22859",""
"863","Evaporated Milk - Skim","Monahan-Tromp","null","null","null","null","null","null","null","null","null","null","null",""
"864","Evaporated Milk - Skim","Monahan-Tromp","null","null","null","null","null","null","null","null","null","null","null",""
"865","Evaporated Milk - Skim","Monahan-Tromp","null","2019","2","264.0000","9,240.00","7","0","3,156.01","6,083.99","null","65.84405",""
"866","Evaporated Milk - Skim","Monahan-Tromp","null","null","null","null","null","null","null","null","null","null","null",""
"867","Evaporated Milk - Skim","Monahan-Tromp","null","2019","3","392.0000","13,720.00","8","0","4,686.19","9,033.81","null","65.84410",""
"868","Evaporated Milk - Skim","Monahan-Tromp","null","2019","4","424.0000","14,840.00","9","0","5,068.74","9,771.26","null","65.84407",""
"869","Evaporated Milk - Skim","Monahan-Tromp","null","2019","5","440.0000","15,400.00","9","0","5,260.00","10,140.00","null","65.84416",""
"870","Evaporated Milk - Skim","Monahan-Tromp","null","2019","6","480.0000","16,800.00","9","0","5,738.19","11,061.81","null","65.84411",""
"871","Wine - Periguita Fonseca","Monahan-Tromp","null","null","null","null","null","null","null","null","null","null","null",""
"872","Wine - Periguita Fonseca","Monahan-Tromp","null","2019","1","276.0000","5,620.20","9","0","1,800.90","3,819.30","null","67.95666",""
"873","Wild Mix 3#/cs","Monahan-Tromp","null","null","null","null","null","null","null","null","null","null","null",""
"874","Wild Mix 3#/cs","Monahan-Tromp","null","null","null","null","null","null","null","null","null","null","null",""
"875","Wild Mix 3#/cs","Monahan-Tromp","null","2019","2","198.0000","4,059.00","7","0","1,291.95","2,767.05","null","68.17073",""
"876","Wild Mix 3#/cs","Monahan-Tromp","null","null","null","null","null","null","null","null","null","null","null",""
"877","Wild Mix 3#/cs","Monahan-Tromp","null","2019","3","216.0000","4,428.00","8","0","1,409.40","3,018.60","null","68.17073",""
"878","Wild Mix 3#/cs","Monahan-Tromp","null","2019","4","253.0000","5,178.75","10","0","1,650.83","3,527.92","null","68.12300",""
"879","Wild Mix 3#/cs","Monahan-Tromp","null","2019","5","276.0000","5,658.00","8","0","1,800.90","3,857.10","null","68.17073",""
"880","Wild Mix 3#/cs","Monahan-Tromp","null","2019","6","324.0000","6,642.00","9","0","2,114.11","4,527.89","null","68.17058",""
"881","Bread Country Roll","Monahan-Tromp","null","null","null","null","null","null","null","null","null","null","null",""
"882","Bread Country Roll","Monahan-Tromp","null","2019","4","10.0000","192.70","1","0","124.63","68.07","null","35.32434",""
"883","Juice - Apple Cider","Monahan-Tromp","null","null","null","null","null","null","null","null","null","null","null",""
"884","Juice - Apple Cider","Monahan-Tromp","null","null","null","null","null","null","null","null","null","null","null",""
"885","Asparagus - White, Canned","Monahan-Tromp","null","null","null","null","null","null","null","null","null","null","null",""
"886","Asparagus - White, Canned","Monahan-Tromp","null","2019","4","0.0000","-23.75","0","0","0.00","-23.75","null","100.00000",""
"887","Misty Mountain Mix","Monahan-Tromp","null","null","null","null","null","null","null","null","null","null","null",""
"888","Misty Mountain Mix","Monahan-Tromp","null","null","null","null","null","null","null","null","null","null","null",""
"889","Lemonade - Pineapple Passion","Monahan-Tromp","null","null","null","null","null","null","null","null","null","null","null",""
"890","Lemonade - Pineapple Passion","Monahan-Tromp","null","2019","3","5.0000","98.75","1","0","42.90","55.85","null","56.55696",""
"891","Mushroom - Morels, Dry","Monahan-Tromp","null","null","null","null","null","null","null","null","null","null","null",""
"892","Mushroom - Morels, Dry","Monahan-Tromp","null","null","null","null","null","null","null","null","null","null","null",""
"893","Wine - Trimbach Pinot Blanc","Monahan-Tromp","null","null","null","null","null","null","null","null","null","null","null",""
"894","Wine - Trimbach Pinot Blanc","Monahan-Tromp","null","2019","3","1.0000","75.00","1","0","42.07","32.93","null","43.90667",""
"895","Apricots - Dried","Monahan-Tromp","null","null","null","null","null","null","null","null","null","null","null",""
"896","Apricots - Dried","Monahan-Tromp","null","null","null","null","null","null","null","null","null","null","null",""
"897","Apricots - Dried","Monahan-Tromp","null","2019","4","3.0000","225.00","1","0","126.21","98.79","null","43.90667",""
"898","Apricots - Dried","Monahan-Tromp","null","null","null","null","null","null","null","null","null","null","null",""
"899","Sea Urchin","Monahan-Tromp","null","null","null","null","null","null","null","null","null","null","null",""
"900","Sea Urchin","Monahan-Tromp","null","2019","5","7.0000","77.00","2","0","29.65","47.35","null","61.49351",""
"901","Juice - V8 Splash","Monahan-Tromp","null","null","null","null","null","null","null","null","null","null","null",""
"902","Juice - V8 Splash","Monahan-Tromp","null","null","null","null","null","null","null","null","null","null","null",""
"903","Juice - V8 Splash","Monahan-Tromp","null","2019","6","2.0000","22.00","1","0","8.47","13.53","null","61.50000",""
"904","Juice - V8 Splash","Monahan-Tromp","null","null","null","null","null","null","null","null","null","null","null",""
"905","Pepper - Chillies, Crushed","Monahan-Tromp","null","null","null","null","null","null","null","null","null","null","null",""
"906","Pepper - Chillies, Crushed","Monahan-Tromp","null","2019","2","6.0000","443.75","5","0","253.97","189.78","null","42.76732",""
"907","Liners - Banana, Paper","Monahan-Tromp","null","null","null","null","null","null","null","null","null","null","null",""
"908","Liners - Banana, Paper","Monahan-Tromp","null","null","null","null","null","null","null","null","null","null","null",""
"909","Liners - Banana, Paper","Monahan-Tromp","null","2019","3","2.0000","150.00","2","0","84.66","65.34","null","43.56000",""
"910","Liners - Banana, Paper","Monahan-Tromp","null","null","null","null","null","null","null","null","null","null","null",""
"911","Hot Chocolate - Individual","Monahan-Tromp","null","null","null","null","null","null","null","null","null","null","null",""
"912","Hot Chocolate - Individual","Monahan-Tromp","null","2019","1","2.0000","58.00","1","0","23.70","34.30","null","59.13793",""
"913","Cucumber - Pickling Ontario","Monahan-Tromp","null","null","null","null","null","null","null","null","null","null","null",""
"914","Cucumber - Pickling Ontario","Monahan-Tromp","null","null","null","null","null","null","null","null","null","null","null",""
"915","Cucumber - Pickling Ontario","Monahan-Tromp","null","2019","2","1.0000","29.00","1","0","11.85","17.15","null","59.13793",""
"916","Cucumber - Pickling Ontario","Monahan-Tromp","null","null","null","null","null","null","null","null","null","null","null",""
"917","Cucumber - Pickling Ontario","Monahan-Tromp","null","2019","3","3.0000","87.00","1","0","35.56","51.44","null","59.12644",""
"918","Cucumber - Pickling Ontario","Monahan-Tromp","null","2019","4","2.0000","58.00","2","0","23.70","34.30","null","59.13793",""
"919","V8 Splash Strawberry Banana","Monahan-Tromp","null","null","null","null","null","null","null","null","null","null","null",""
"920","V8 Splash Strawberry Banana","Monahan-Tromp","null","2019","1","1.0000","29.00","1","0","15.79","13.21","null","45.55172",""
"921","Soup Knorr Chili With Beans","Monahan-Tromp","null","null","null","null","null","null","null","null","null","null","null",""
"922","Soup Knorr Chili With Beans","Monahan-Tromp","null","null","null","null","null","null","null","null","null","null","null",""
"923","Soup Knorr Chili With Beans","Monahan-Tromp","null","2019","3","1.0000","45.00","1","0","19.11","25.89","null","57.53333",""
"924","Soup Knorr Chili With Beans","Monahan-Tromp","null","null","null","null","null","null","null","null","null","null","null",""
"925","Soup Knorr Chili With Beans","Monahan-Tromp","null","2019","6","1.0000","45.00","1","0","18.42","26.58","null","59.06667",""
"926","Beef - Kindney, Whole","Monahan-Tromp","null","null","null","null","null","null","null","null","null","null","null",""
"927","Beef - Kindney, Whole","Monahan-Tromp","null","2019","1","1.0000","28.46","1","0","14.20","14.26","null","50.10541",""
"928","Dried Black Trumpet 8 oz/pp","Monahan-Tromp","null","null","null","null","null","null","null","null","null","null","null",""
"929","Dried Black Trumpet 8 oz/pp","Monahan-Tromp","null","null","null","null","null","null","null","null","null","null","null",""
"930","Mcguinness - Blue Curacao","Monahan-Tromp","null","null","null","null","null","null","null","null","null","null","null",""
"931","Mcguinness - Blue Curacao","Monahan-Tromp","null","2019","2","2.0000","67.50","2","0","51.22","16.28","null","24.11852",""
"932","Muffin Mix - Oatmeal","Monahan-Tromp","null","null","null","null","null","null","null","null","null","null","null",""
"933","Muffin Mix - Oatmeal","Monahan-Tromp","null","null","null","null","null","null","null","null","null","null","null",""
"934","Muffin Mix - Oatmeal","Monahan-Tromp","null","2019","3","4.0000","135.00","3","0","102.44","32.56","null","24.11852",""
"935","Muffin Mix - Oatmeal","Monahan-Tromp","null","null","null","null","null","null","null","null","null","null","null",""
"936","Wine La Vielle Ferme Cote Du","Monahan-Tromp","null","null","null","null","null","null","null","null","null","null","null",""
"937","Wine La Vielle Ferme Cote Du","Monahan-Tromp","null","2019","5","1.0000","96.00","1","0","107.53","-11.53","null","-12.01042",""
"938","Olives - Kalamata","Monahan-Tromp","null","null","null","null","null","null","null","null","null","null","null",""
"939","Olives - Kalamata","Monahan-Tromp","null","null","null","null","null","null","null","null","null","null","null",""
"940","Pork - Chop, Frenched","Monahan-Tromp","null","null","null","null","null","null","null","null","null","null","null",""
"941","Pork - Chop, Frenched","Monahan-Tromp","null","2019","5","1.0000","96.00","1","0","99.01","-3.01","null","-3.13542",""
"942","Dried Morel (#2) 1lb","Monahan-Tromp","null","null","null","null","null","null","null","null","null","null","null",""
"943","Dried Morel (#2) 1lb","Monahan-Tromp","null","null","null","null","null","null","null","null","null","null","null",""
"944","Coriander - Ground","Monahan-Tromp","null","null","null","null","null","null","null","null","null","null","null",""
"945","Coriander - Ground","Monahan-Tromp","null","2019","6","1.0000","24.48","1","0","122.49","-98.01","null","-400.36765",""
"946","Dried Specialty Mix 1#/pp","Monahan-Tromp","null","null","null","null","null","null","null","null","null","null","null",""
"947","Dried Specialty Mix 1#/pp","Monahan-Tromp","null","null","null","null","null","null","null","null","null","null","null",""
"948","Cheese - Swiss","Monahan-Tromp","null","null","null","null","null","null","null","null","null","null","null",""
"949","Cheese - Swiss","Monahan-Tromp","null","2019","3","4.0000","101.00","1","0","31.35","69.65","null","68.96040",""
"950","Potatoes - Idaho 80 Count","Monahan-Tromp","null","null","null","null","null","null","null","null","null","null","null",""
"951","Potatoes - Idaho 80 Count","Monahan-Tromp","null","null","null","null","null","null","null","null","null","null","null",""
"952","Potatoes - Idaho 80 Count","Monahan-Tromp","null","2019","4","1.0000","25.25","1","0","7.84","17.41","null","68.95050",""
"953","Potatoes - Idaho 80 Count","Monahan-Tromp","null","null","null","null","null","null","null","null","null","null","null",""
"954","Potatoes - Idaho 80 Count","Monahan-Tromp","null","2019","5","3.0000","75.75","2","0","23.51","52.24","null","68.96370",""
"955","Wine - Sawmill Creek Autumn","Monahan-Tromp","null","null","null","null","null","null","null","null","null","null","null",""
"956","Wine - Sawmill Creek Autumn","Monahan-Tromp","null","2019","1","4.0000","91.00","4","0","40.16","50.84","null","55.86813",""
"957","Dried Juniper Berries 1#/pp","Monahan-Tromp","null","null","null","null","null","null","null","null","null","null","null",""
"958","Dried Juniper Berries 1#/pp","Monahan-Tromp","null","null","null","null","null","null","null","null","null","null","null",""
"959","Dried Juniper Berries 1#/pp","Monahan-Tromp","null","2019","2","3.0000","75.00","2","0","30.12","44.88","null","59.84000",""
"960","Dried Juniper Berries 1#/pp","Monahan-Tromp","null","null","null","null","null","null","null","null","null","null","null",""
"961","Dried Juniper Berries 1#/pp","Monahan-Tromp","null","2019","3","4.0000","100.00","3","0","43.21","56.79","null","56.79000",""
"962","Dried Juniper Berries 1#/pp","Monahan-Tromp","null","2019","4","3.0000","75.00","2","0","33.17","41.83","null","55.77333",""
"963","Dried Juniper Berries 1#/pp","Monahan-Tromp","null","2019","5","13.0000","325.00","2","0","143.72","181.28","null","55.77846",""
"964","Cheese - Gouda","Monahan-Tromp","null","null","null","null","null","null","null","null","null","null","null",""
"965","Cheese - Gouda","Monahan-Tromp","null","2019","1","1.0000","21.00","1","0","14.92","6.08","null","28.95238",""
"966","Wine - White, Riesling, Henry Of","Monahan-Tromp","null","null","null","null","null","null","null","null","null","null","null",""
"967","Wine - White, Riesling, Henry Of","Monahan-Tromp","null","null","null","null","null","null","null","null","null","null","null",""
"968","Wine - White, Riesling, Henry Of","Monahan-Tromp","null","2019","3","1.0000","24.50","1","0","14.92","9.58","null","39.10204",""
"969","Wine - White, Riesling, Henry Of","Monahan-Tromp","null","null","null","null","null","null","null","null","null","null","null",""
"970","Wine - White, Riesling, Henry Of","Monahan-Tromp","null","2019","6","1.0000","24.50","1","0","14.92","9.58","null","39.10204",""
"971","Wine - Bourgogne 2002, La","Monahan-Tromp","null","null","null","null","null","null","null","null","null","null","null",""
"972","Wine - Bourgogne 2002, La","Monahan-Tromp","null","2019","3","0.0000","35.75","1","1","0.00","0.00","null","0.00000",""
"973","Dried Barberry - 1 kilogram","Monahan-Tromp","null","null","null","null","null","null","null","null","null","null","null",""
"974","Dried Barberry - 1 kilogram","Monahan-Tromp","null","null","null","null","null","null","null","null","null","null","null",""
"975","Wine - Fat Bastard Merlot","Monahan-Tromp","null","null","null","null","null","null","null","null","null","null","null",""
"976","Wine - Fat Bastard Merlot","Monahan-Tromp","null","2019","1","6.0000","111.60","6","0","35.34","76.26","null","68.33333",""
"977","Tahini Paste","Monahan-Tromp","null","null","null","null","null","null","null","null","null","null","null",""
"978","Tahini Paste","Monahan-Tromp","null","null","null","null","null","null","null","null","null","null","null",""
"979","Tahini Paste","Monahan-Tromp","null","2019","2","5.0000","93.00","4","0","29.45","63.55","null","68.33333",""
"980","Tahini Paste","Monahan-Tromp","null","2019","3","4.0000","74.40","4","0","23.56","50.84","null","68.33333",""
"981","Tahini Paste","Monahan-Tromp","null","2019","4","3.0000","55.80","3","0","17.67","38.13","null","68.33333",""
"982","Tahini Paste","Monahan-Tromp","null","2019","5","4.0000","74.40","3","0","23.56","50.84","null","68.33333",""
"983","Tahini Paste","Monahan-Tromp","null","2019","6","7.0000","148.80","7","1","38.82","91.38","null","70.18433",""
"984","Cleaner - Comet","Monahan-Tromp","null","null","null","null","null","null","null","null","null","null","null",""
"985","Cleaner - Comet","Monahan-Tromp","null","2019","4","2.0000","90.00","1","0","37.34","52.66","null","58.51111",""
"986","Wine - Pinot Noir Latour","Monahan-Tromp","null","null","null","null","null","null","null","null","null","null","null",""
"987","Wine - Pinot Noir Latour","Monahan-Tromp","null","null","null","null","null","null","null","null","null","null","null",""
"988","Wine - Pinot Noir Latour","Monahan-Tromp","null","2019","6","3.0000","135.00","3","0","56.01","78.99","null","58.51111",""
"989","Wine - Pinot Noir Latour","Monahan-Tromp","null","null","null","null","null","null","null","null","null","null","null",""
"990","Yogurt - Peach, 175 Gr","Monahan-Tromp","null","null","null","null","null","null","null","null","null","null","null",""
"991","Yogurt - Peach, 175 Gr","Monahan-Tromp","null","2019","2","1.0000","30.00","1","0","19.38","10.62","null","35.40000",""
"992","Strawberries - California","Monahan-Tromp","null","null","null","null","null","null","null","null","null","null","null",""
"993","Strawberries - California","Monahan-Tromp","null","null","null","null","null","null","null","null","null","null","null",""
"994","Yokaline","Monahan-Tromp","null","null","null","null","null","null","null","null","null","null","null",""
"995","Yokaline","Monahan-Tromp","null","2019","5","1.0000","9.00","1","0","3.10","5.90","null","65.55556",""
"996","Liquid Aminios Acid - Braggs","Monahan-Tromp","null","null","null","null","null","null","null","null","null","null","null",""
"997","Liquid Aminios Acid - Braggs","Monahan-Tromp","null","null","null","null","null","null","null","null","null","null","null",""
"998","Pork Ham Prager","Monahan-Tromp","null","null","null","null","null","null","null","null","null","null","null",""
"999","Pork Ham Prager","Monahan-Tromp","null","2019","6","1.0000","18.75","1","0","9.68","9.07","null","48.37333",""
"1000","Grapefruit - White","Monahan-Tromp","null","null","null","null","null","null","null","null","null","null","null",""
"1001","Grapefruit - White","Monahan-Tromp","null","null","null","null","null","null","null","null","null","null","null",""
"1002","Juice - Mango","Monahan-Tromp","null","null","null","null","null","null","null","null","null","null","null",""
"1003","Juice - Mango","Monahan-Tromp","null","2019","1","50.0000","870.00","7","0","251.79","618.21","null","71.05862",""
"1004","Longos - Lasagna Beef","Monahan-Tromp","null","null","null","null","null","null","null","null","null","null","null",""
"1005","Longos - Lasagna Beef","Monahan-Tromp","null","null","null","null","null","null","null","null","null","null","null",""
"1006","Longos - Lasagna Beef","Monahan-Tromp","null","2019","2","60.0000","1,080.00","6","0","330.63","749.37","null","69.38611",""
"1007","Longos - Lasagna Beef","Monahan-Tromp","null","null","null","null","null","null","null","null","null","null","null",""
"1008","Longos - Lasagna Beef","Monahan-Tromp","null","2019","3","75.0000","1,350.00","8","0","433.61","916.39","null","67.88074",""
"1009","Longos - Lasagna Beef","Monahan-Tromp","null","2019","4","75.0000","1,350.00","8","0","465.65","884.35","null","65.50741",""
"1010","Longos - Lasagna Beef","Monahan-Tromp","null","2019","5","81.0000","1,458.60","10","0","526.09","932.51","null","63.93185",""
"1011","Longos - Lasagna Beef","Monahan-Tromp","null","2019","6","80.0000","1,440.00","9","0","534.24","905.76","null","62.90000",""
"1012","Cranberries - Frozen","Monahan-Tromp","null","null","null","null","null","null","null","null","null","null","null",""
"1013","Cranberries - Frozen","Monahan-Tromp","null","2019","1","7.0000","163.50","3","0","64.79","98.71","null","60.37309",""
"1014","V8 Pet","Monahan-Tromp","null","null","null","null","null","null","null","null","null","null","null",""
"1015","V8 Pet","Monahan-Tromp","null","null","null","null","null","null","null","null","null","null","null",""
"1016","V8 Pet","Monahan-Tromp","null","2019","3","4.0000","102.00","3","0","48.50","53.50","null","52.45098",""
"1017","V8 Pet","Monahan-Tromp","null","null","null","null","null","null","null","null","null","null","null",""
"1018","V8 Pet","Monahan-Tromp","null","2019","5","2.0000","55.00","2","0","19.41","35.59","null","64.70909",""
"1019","V8 Pet","Monahan-Tromp","null","2019","6","4.0000","110.00","2","0","37.69","72.31","null","65.73636",""
"1020","Pepper - Jalapeno","Monahan-Tromp","null","null","null","null","null","null","null","null","null","null","null",""
"1021","Pepper - Jalapeno","Monahan-Tromp","null","2019","1","390.0000","3,465.00","9","0","2,766.64","698.36","null","20.15469",""
"1022","Thyme - Fresh","Monahan-Tromp","null","null","null","null","null","null","null","null","null","null","null",""
"1023","Thyme - Fresh","Monahan-Tromp","null","null","null","null","null","null","null","null","null","null","null",""
"1024","Thyme - Fresh","Monahan-Tromp","null","2019","2","280.0000","2,520.00","7","0","1,531.38","988.62","null","39.23095",""
"1025","Thyme - Fresh","Monahan-Tromp","null","null","null","null","null","null","null","null","null","null","null",""
"1026","Thyme - Fresh","Monahan-Tromp","null","2019","3","360.0000","3,240.00","8","0","2,071.99","1,168.01","null","36.04969",""
"1027","Thyme - Fresh","Monahan-Tromp","null","2019","4","440.0000","3,960.00","9","0","2,445.49","1,514.51","null","38.24520",""
"1028","Thyme - Fresh","Monahan-Tromp","null","2019","5","440.0000","3,960.00","9","0","2,275.66","1,684.34","null","42.53384",""
"1029","Thyme - Fresh","Monahan-Tromp","null","2019","6","490.0000","4,410.00","9","0","2,667.00","1,743.00","null","39.52381",""
"1030","Beef - Kindney, Whole","Monahan-Tromp","null","null","null","null","null","null","null","null","null","null","null",""
"1031","Beef - Kindney, Whole","Monahan-Tromp","null","2019","6","0.0000","10.00","1","1","2.21","-2.21","null","0.00000",""
"1032","Sardines","Monahan-Tromp","null","null","null","null","null","null","null","null","null","null","null",""
"1033","Sardines","Monahan-Tromp","null","null","null","null","null","null","null","null","null","null","null",""
"1034","Ice Cream Bar - Hagen Daz","Monahan-Tromp","null","null","null","null","null","null","null","null","null","null","null",""
"1035","Ice Cream Bar - Hagen Daz","Monahan-Tromp","null","2019","4","4.0000","160.00","3","0","102.57","57.43","null","35.89375",""
"1036","Artichokes - Knobless, White","Monahan-Tromp","null","null","null","null","null","null","null","null","null","null","null",""
"1037","Artichokes - Knobless, White","Monahan-Tromp","null","null","null","null","null","null","null","null","null","null","null",""
"1038","Trout - Rainbow, Fresh","Monahan-Tromp","null","null","null","null","null","null","null","null","null","null","null",""
"1039","Trout - Rainbow, Fresh","Monahan-Tromp","null","2019","6","5.0000","420.00","3","0","212.75","207.25","null","49.34524",""
"1040","Nougat - Paste / Cream","Monahan-Tromp","null","null","null","null","null","null","null","null","null","null","null",""
"1041","Nougat - Paste / Cream","Monahan-Tromp","null","null","null","null","null","null","null","null","null","null","null",""
"1042","Wine - Cave Springs Dry Riesling","Monahan-Tromp","null","null","null","null","null","null","null","null","null","null","null",""
"1043","Wine - Cave Springs Dry Riesling","Monahan-Tromp","null","2019","1","4.0000","68.00","1","0","31.00","37.00","null","54.41176",""
"1044","IQF Huckleberries 1lb","Monahan-Tromp","null","null","null","null","null","null","null","null","null","null","null",""
"1045","IQF Huckleberries 1lb","Monahan-Tromp","null","null","null","null","null","null","null","null","null","null","null",""
"1046","Food Colouring - Orange","Monahan-Tromp","null","null","null","null","null","null","null","null","null","null","null",""
"1047","Food Colouring - Orange","Monahan-Tromp","null","2019","1","3.0000","225.00","1","0","77.50","147.50","null","65.55556",""
"1048","Paper Towel Touchless","Monahan-Tromp","null","null","null","null","null","null","null","null","null","null","null",""
"1049","Paper Towel Touchless","Monahan-Tromp","null","null","null","null","null","null","null","null","null","null","null",""
"1050","Paper Towel Touchless","Monahan-Tromp","null","2019","2","4.0000","300.00","3","0","103.33","196.67","null","65.55667",""
"1051","Paper Towel Touchless","Monahan-Tromp","null","null","null","null","null","null","null","null","null","null","null",""
"1052","Paper Towel Touchless","Monahan-Tromp","null","2019","3","4.0000","300.00","2","0","103.33","196.67","null","65.55667",""
"1053","Paper Towel Touchless","Monahan-Tromp","null","2019","5","2.0000","150.00","2","0","51.66","98.34","null","65.56000",""
"1054","Lamb - Shoulder","Monahan-Tromp","null","null","null","null","null","null","null","null","null","null","null",""
"1055","Lamb - Shoulder","Monahan-Tromp","null","2019","3","1.0000","65.00","1","0","40.41","24.59","null","37.83077",""
"1056","Onions - Dried, Chopped","Monahan-Tromp","null","null","null","null","null","null","null","null","null","null","null",""
"1057","Onions - Dried, Chopped","Monahan-Tromp","null","null","null","null","null","null","null","null","null","null","null",""
"1058","Onions - Dried, Chopped","Monahan-Tromp","null","2019","4","4.0000","260.00","3","0","161.65","98.35","null","37.82692",""
"1059","Onions - Dried, Chopped","Monahan-Tromp","null","null","null","null","null","null","null","null","null","null","null",""
"1060","Onions - Dried, Chopped","Monahan-Tromp","null","2019","5","2.0000","130.00","1","0","80.83","49.17","null","37.82308",""
"1061","Vinegar - Balsamic, White","Monahan-Tromp","null","null","null","null","null","null","null","null","null","null","null",""
"1062","Vinegar - Balsamic, White","Monahan-Tromp","null","2019","3","1.0000","40.50","1","0","25.62","14.88","null","36.74074",""
"1063","White (Bianco)Truffle Oil 250 ml","Monahan-Tromp","null","null","null","null","null","null","null","null","null","null","null",""
"1064","White (Bianco)Truffle Oil 250 ml","Monahan-Tromp","null","null","null","null","null","null","null","null","null","null","null",""
"1065","Soup - Campbells","Monahan-Tromp","null","null","null","null","null","null","null","null","null","null","null",""
"1066","Soup - Campbells","Monahan-Tromp","null","2019","4","50.0000","2,376.50","1","0","700.89","1,675.61","null","70.50747",""
"1067","Snapple Lemon Tea","Monahan-Tromp","null","null","null","null","null","null","null","null","null","null","null",""
"1068","Snapple Lemon Tea","Monahan-Tromp","null","null","null","null","null","null","null","null","null","null","null",""
"1069","Snapple Lemon Tea","Monahan-Tromp","null","null","null","null","null","null","null","null","null","null","null",""
"1070","null","null","Customer Total:","null","null","null","218,826.78","null","null","84,308.49","null","null","null",""
"1071","Snapple Lemon Tea","Monahan-Tromp","null","null","null","null","null","null","null","null","null","null","null",""
"1072","Snapple Lemon Tea","Emmerich LLC","null","null","null","null","null","null","null","null","null","null","null",""
"1073","Cookies - Amaretto","Emmerich LLC","null","null","null","null","null","null","null","null","null","null","null",""
"1074","Cookies - Amaretto","Emmerich LLC","null","2019","1","31.0000","468.95","9","0","157.79","311.16","null","66.35249",""
"1075","Island Oasis - Magarita Mix","Emmerich LLC","null","null","null","null","null","null","null","null","null","null","null",""
"1076","Island Oasis - Magarita Mix","Emmerich LLC","null","null","null","null","null","null","null","null","null","null","null",""
"1077","Island Oasis - Magarita Mix","Emmerich LLC","null","2019","2","20.0000","295.00","7","0","101.80","193.20","null","65.49153",""
"1078","Island Oasis - Magarita Mix","Emmerich LLC","null","null","null","null","null","null","null","null","null","null","null",""
"1079","Island Oasis - Magarita Mix","Emmerich LLC","null","2019","3","30.0000","442.50","8","0","152.70","289.80","null","65.49153",""
"1080","Island Oasis - Magarita Mix","Emmerich LLC","null","2019","4","8.0000","122.00","3","0","40.72","81.28","null","66.62295",""
"1081","Island Oasis - Magarita Mix","Emmerich LLC","null","2019","5","1.0000","16.75","1","0","5.09","11.66","null","69.61194",""
"1082","Island Oasis - Magarita Mix","Emmerich LLC","null","2019","6","4.0000","67.00","2","0","20.36","46.64","null","69.61194",""
"1083","Island Oasis - Cappucino Mix","Emmerich LLC","null","null","null","null","null","null","null","null","null","null","null",""
"1084","Island Oasis - Cappucino Mix","Emmerich LLC","null","2019","1","148.0000","3,457.00","15","0","1,347.87","2,109.13","null","61.01041",""
"1085","Tomato - Tricolor Cherry","Emmerich LLC","null","null","null","null","null","null","null","null","null","null","null",""
"1086","Tomato - Tricolor Cherry","Emmerich LLC","null","null","null","null","null","null","null","null","null","null","null",""
"1087","Tomato - Tricolor Cherry","Emmerich LLC","null","2019","2","69.0000","1,621.50","9","0","628.92","992.58","null","61.21369",""
"1088","Tomato - Tricolor Cherry","Emmerich LLC","null","null","null","null","null","null","null","null","null","null","null",""
"1089","Tomato - Tricolor Cherry","Emmerich LLC","null","2019","3","69.0000","1,621.50","11","0","628.91","992.59","null","61.21431",""
"1090","Tomato - Tricolor Cherry","Emmerich LLC","null","2019","4","56.0000","1,316.00","8","0","510.43","805.57","null","61.21353",""
"1091","Tomato - Tricolor Cherry","Emmerich LLC","null","2019","5","72.0000","1,692.00","12","0","656.26","1,035.74","null","61.21395",""
"1092","Tomato - Tricolor Cherry","Emmerich LLC","null","2019","6","65.0000","1,527.50","12","0","592.45","935.05","null","61.21440",""
"1093","Tomatoes","Emmerich LLC","null","null","null","null","null","null","null","null","null","null","null",""
"1094","Tomatoes","Emmerich LLC","null","2019","1","4.0000","67.20","3","0","16.04","51.16","null","76.13095",""
"1095","Chinese Foods - Plain Fried Rice","Emmerich LLC","null","null","null","null","null","null","null","null","null","null","null",""
"1096","Chinese Foods - Plain Fried Rice","Emmerich LLC","null","null","null","null","null","null","null","null","null","null","null",""
"1097","Chinese Foods - Plain Fried Rice","Emmerich LLC","null","2019","2","2.0000","33.50","2","0","8.02","25.48","null","76.05970",""
"1098","Chinese Foods - Plain Fried Rice","Emmerich LLC","null","null","null","null","null","null","null","null","null","null","null",""
"1099","Chinese Foods - Plain Fried Rice","Emmerich LLC","null","2019","3","3.0000","50.25","3","0","12.03","38.22","null","76.05970",""
"1100","Chinese Foods - Plain Fried Rice","Emmerich LLC","null","2019","6","3.0000","55.17","1","0","12.03","43.14","null","78.19467",""
"1101","Mix Pina Colada","Emmerich LLC","null","null","null","null","null","null","null","null","null","null","null",""
"1102","Mix Pina Colada","Emmerich LLC","null","2019","6","6.0000","110.34","4","0","23.27","87.07","null","78.91064",""
"1103","Lidsoupcont Rp12dn","Emmerich LLC","null","null","null","null","null","null","null","null","null","null","null",""
"1104","Lidsoupcont Rp12dn","Emmerich LLC","null","null","null","null","null","null","null","null","null","null","null",""
"1105","Kohlrabi","Emmerich LLC","null","null","null","null","null","null","null","null","null","null","null",""
"1106","Kohlrabi","Emmerich LLC","null","2019","2","3.0000","37.65","2","0","12.40","25.25","null","67.06507",""
"1107","Puree - Guava","Emmerich LLC","null","null","null","null","null","null","null","null","null","null","null",""
"1108","Puree - Guava","Emmerich LLC","null","null","null","null","null","null","null","null","null","null","null",""
"1109","Puree - Guava","Emmerich LLC","null","2019","6","1.0000","12.55","1","0","4.13","8.42","null","67.09163",""
"1110","Puree - Guava","Emmerich LLC","null","null","null","null","null","null","null","null","null","null","null",""
"1111","Chocolate - Milk, Callets","Emmerich LLC","null","null","null","null","null","null","null","null","null","null","null",""
"1112","Chocolate - Milk, Callets","Emmerich LLC","null","2019","1","133.0000","2,793.00","16","0","1,664.24","1,128.76","null","40.41389",""
"1113","Coconut - Shredded, Sweet","Emmerich LLC","null","null","null","null","null","null","null","null","null","null","null",""
"1114","Coconut - Shredded, Sweet","Emmerich LLC","null","null","null","null","null","null","null","null","null","null","null",""
"1115","Coconut - Shredded, Sweet","Emmerich LLC","null","2019","2","57.0000","1,197.00","8","0","711.90","485.10","null","40.52632",""
"1116","Coconut - Shredded, Sweet","Emmerich LLC","null","null","null","null","null","null","null","null","null","null","null",""
"1117","Coconut - Shredded, Sweet","Emmerich LLC","null","2019","3","92.0000","2,024.45","13","0","1,213.65","810.80","null","40.05038",""
"1118","Coconut - Shredded, Sweet","Emmerich LLC","null","2019","4","67.0000","1,551.05","10","0","852.45","698.60","null","45.04046",""
"1119","Coconut - Shredded, Sweet","Emmerich LLC","null","2019","5","102.0000","2,361.30","12","0","1,359.45","1,001.85","null","42.42790",""
"1120","Coconut - Shredded, Sweet","Emmerich LLC","null","2019","6","93.0000","2,152.95","13","0","1,193.25","959.70","null","44.57605",""
"1121","Caviar - Salmon","Emmerich LLC","null","null","null","null","null","null","null","null","null","null","null",""
"1122","Caviar - Salmon","Emmerich LLC","null","2019","1","1.0000","24.50","1","0","11.15","13.35","null","54.48980",""
"1123","Asparagus - Mexican","Emmerich LLC","null","null","null","null","null","null","null","null","null","null","null",""
"1124","Asparagus - Mexican","Emmerich LLC","null","null","null","null","null","null","null","null","null","null","null",""
"1125","Asparagus - Mexican","Emmerich LLC","null","2019","2","1.0000","24.50","1","0","11.15","13.35","null","54.48980",""
"1126","Asparagus - Mexican","Emmerich LLC","null","null","null","null","null","null","null","null","null","null","null",""
"1127","Asparagus - Mexican","Emmerich LLC","null","2019","3","4.0000","98.00","3","0","44.60","53.40","null","54.48980",""
"1128","Asparagus - Mexican","Emmerich LLC","null","2019","4","2.0000","49.00","2","0","22.30","26.70","null","54.48980",""
"1129","Asparagus - Mexican","Emmerich LLC","null","2019","5","6.0000","147.00","4","0","66.90","80.10","null","54.48980",""
"1130","Asparagus - Mexican","Emmerich LLC","null","2019","6","3.0000","73.50","3","0","33.45","40.05","null","54.48980",""
"1131","Muffin Orange Individual","Emmerich LLC","null","null","null","null","null","null","null","null","null","null","null",""
"1132","Muffin Orange Individual","Emmerich LLC","null","2019","3","3.0000","135.00","1","0","0.00","135.00","null","100.00000",""
"1133","Wild Mushroom for Mixes 1lb","Emmerich LLC","null","null","null","null","null","null","null","null","null","null","null",""
"1134","Wild Mushroom for Mixes 1lb","Emmerich LLC","null","null","null","null","null","null","null","null","null","null","null",""
"1135","Wine - Periguita Fonseca","Emmerich LLC","null","null","null","null","null","null","null","null","null","null","null",""
"1136","Wine - Periguita Fonseca","Emmerich LLC","null","2019","1","413.0000","7,421.61","16","0","2,694.87","4,726.74","null","63.68888",""
"1137","Wild Mix 3#/cs","Emmerich LLC","null","null","null","null","null","null","null","null","null","null","null",""
"1138","Wild Mix 3#/cs","Emmerich LLC","null","null","null","null","null","null","null","null","null","null","null",""
"1139","Wild Mix 3#/cs","Emmerich LLC","null","2019","2","229.0000","4,115.13","10","0","1,494.23","2,620.90","null","63.68936",""
"1140","Wild Mix 3#/cs","Emmerich LLC","null","null","null","null","null","null","null","null","null","null","null",""
"1141","Wild Mix 3#/cs","Emmerich LLC","null","2019","3","337.0000","6,055.89","13","0","2,198.94","3,856.95","null","63.68923",""
"1142","Wild Mix 3#/cs","Emmerich LLC","null","2019","4","227.0000","4,079.19","11","0","1,481.18","2,598.01","null","63.68936",""
"1143","Wild Mix 3#/cs","Emmerich LLC","null","2019","5","334.0000","6,001.98","14","0","2,179.36","3,822.62","null","63.68932",""
"1144","Wild Mix 3#/cs","Emmerich LLC","null","2019","6","300.0000","5,391.00","13","0","1,957.52","3,433.48","null","63.68911",""
"1145","Sping Loaded Cup Dispenser","Emmerich LLC","null","null","null","null","null","null","null","null","null","null","null",""
"1146","Sping Loaded Cup Dispenser","Emmerich LLC","null","2019","3","15.0000","269.55","1","0","172.36","97.19","null","36.05639",""
"1147","Wild Mix 3#/cs FSA","Emmerich LLC","null","null","null","null","null","null","null","null","null","null","null",""
"1148","Wild Mix 3#/cs FSA","Emmerich LLC","null","null","null","null","null","null","null","null","null","null","null",""
"1149","Lettuce - Green Leaf","Emmerich LLC","null","null","null","null","null","null","null","null","null","null","null",""
"1150","Lettuce - Green Leaf","Emmerich LLC","null","2019","5","2.0000","117.50","1","0","43.33","74.17","null","63.12340",""
"1151","Ecolab - Balanced Fusion","Emmerich LLC","null","null","null","null","null","null","null","null","null","null","null",""
"1152","Ecolab - Balanced Fusion","Emmerich LLC","null","null","null","null","null","null","null","null","null","null","null",""
"1153","V8 Splash Strawberry Banana","Emmerich LLC","null","null","null","null","null","null","null","null","null","null","null",""
"1154","V8 Splash Strawberry Banana","Emmerich LLC","null","2019","1","2.0000","70.00","2","0","31.58","38.42","null","54.88571",""
"1155","Soup Knorr Chili With Beans","Emmerich LLC","null","null","null","null","null","null","null","null","null","null","null",""
"1156","Soup Knorr Chili With Beans","Emmerich LLC","null","null","null","null","null","null","null","null","null","null","null",""
"1157","Soup Knorr Chili With Beans","Emmerich LLC","null","2019","2","3.0000","105.00","3","0","47.37","57.63","null","54.88571",""
"1158","Soup Knorr Chili With Beans","Emmerich LLC","null","null","null","null","null","null","null","null","null","null","null",""
"1159","Soup Knorr Chili With Beans","Emmerich LLC","null","2019","3","3.0000","105.00","2","0","56.99","48.01","null","45.72381",""
"1160","Soup Knorr Chili With Beans","Emmerich LLC","null","2019","4","1.0000","35.00","1","0","18.77","16.23","null","46.37143",""
"1161","Soup Knorr Chili With Beans","Emmerich LLC","null","2019","5","2.0000","70.00","2","0","37.54","32.46","null","46.37143",""
"1162","Soup Knorr Chili With Beans","Emmerich LLC","null","2019","6","2.0000","70.00","2","0","36.84","33.16","null","47.37143",""
"1163","Lemonade - Kiwi, 591 Ml","Emmerich LLC","null","null","null","null","null","null","null","null","null","null","null",""
"1164","Lemonade - Kiwi, 591 Ml","Emmerich LLC","null","2019","1","1.0000","65.50","1","0","48.78","16.72","null","25.52672",""
"1165","Lemons","Emmerich LLC","null","null","null","null","null","null","null","null","null","null","null",""
"1166","Lemons","Emmerich LLC","null","null","null","null","null","null","null","null","null","null","null",""
"1167","Lemons","Emmerich LLC","null","2019","2","2.0000","131.00","1","0","97.57","33.43","null","25.51908",""
"1168","Lemons","Emmerich LLC","null","null","null","null","null","null","null","null","null","null","null",""
"1169","Lemons","Emmerich LLC","null","2019","6","1.0000","65.50","1","0","42.27","23.23","null","35.46565",""
"1170","Wine La Vielle Ferme Cote Du","Emmerich LLC","null","null","null","null","null","null","null","null","null","null","null",""
"1171","Wine La Vielle Ferme Cote Du","Emmerich LLC","null","2019","1","2.0000","424.00","2","0","215.06","208.94","null","49.27830",""
"1172","Olives - Kalamata","Emmerich LLC","null","null","null","null","null","null","null","null","null","null","null",""
"1173","Olives - Kalamata","Emmerich LLC","null","null","null","null","null","null","null","null","null","null","null",""
"1174","Olives - Kalamata","Emmerich LLC","null","2019","6","1.0000","212.00","1","0","107.53","104.47","null","49.27830",""
"1175","Olives - Kalamata","Emmerich LLC","null","null","null","null","null","null","null","null","null","null","null",""
"1176","Pears - Bartlett","Emmerich LLC","null","null","null","null","null","null","null","null","null","null","null",""
"1177","Pears - Bartlett","Emmerich LLC","null","2019","1","57.0000","2,213.25","14","0","1,065.54","1,147.71","null","51.85632",""
"1178","Food Colouring - Orange","Emmerich LLC","null","null","null","null","null","null","null","null","null","null","null",""
"1179","Food Colouring - Orange","Emmerich LLC","null","null","null","null","null","null","null","null","null","null","null",""
"1180","Food Colouring - Orange","Emmerich LLC","null","2019","2","33.0000","1,163.25","9","0","616.77","546.48","null","46.97872",""
"1181","Food Colouring - Orange","Emmerich LLC","null","null","null","null","null","null","null","null","null","null","null",""
"1182","Food Colouring - Orange","Emmerich LLC","null","2019","3","35.0000","1,360.50","12","0","654.15","706.35","null","51.91841",""
"1183","Food Colouring - Orange","Emmerich LLC","null","2019","4","42.0000","1,890.00","10","0","784.98","1,105.02","null","58.46667",""
"1184","Food Colouring - Orange","Emmerich LLC","null","2019","5","21.0000","945.00","5","0","392.49","552.51","null","58.46667",""
"1185","Food Colouring - Orange","Emmerich LLC","null","2019","6","33.0000","1,485.00","7","0","616.77","868.23","null","58.46667",""
"1186","Wine - Sawmill Creek Autumn","Emmerich LLC","null","null","null","null","null","null","null","null","null","null","null",""
"1187","Wine - Sawmill Creek Autumn","Emmerich LLC","null","2019","1","3.0000","45.75","2","0","30.12","15.63","null","34.16393",""
"1188","Dried Juniper Berries 1#/pp","Emmerich LLC","null","null","null","null","null","null","null","null","null","null","null",""
"1189","Dried Juniper Berries 1#/pp","Emmerich LLC","null","null","null","null","null","null","null","null","null","null","null",""
"1190","Dried Juniper Berries 1#/pp","Emmerich LLC","null","2019","3","1.0000","15.25","1","0","11.06","4.19","null","27.47541",""
"1191","Dried Juniper Berries 1#/pp","Emmerich LLC","null","null","null","null","null","null","null","null","null","null","null",""
"1192","Dried Juniper Berries 1#/pp","Emmerich LLC","null","2019","4","1.0000","15.25","1","0","11.06","4.19","null","27.47541",""
"1193","Dried Juniper Berries 1#/pp","Emmerich LLC","null","2019","5","1.0000","15.25","1","0","11.06","4.19","null","27.47541",""
"1194","Dried Juniper Berries 1#/pp","Emmerich LLC","null","2019","6","3.0000","45.75","3","0","33.17","12.58","null","27.49727",""
"1195","Wine - Fat Bastard Merlot","Emmerich LLC","null","null","null","null","null","null","null","null","null","null","null",""
"1196","Wine - Fat Bastard Merlot","Emmerich LLC","null","2019","1","3.0000","54.20","3","0","17.67","36.53","null","67.39852",""
"1197","Tahini Paste","Emmerich LLC","null","null","null","null","null","null","null","null","null","null","null",""
"1198","Tahini Paste","Emmerich LLC","null","null","null","null","null","null","null","null","null","null","null",""
"1199","Tahini Paste","Emmerich LLC","null","2019","3","5.0000","93.00","3","0","29.45","63.55","null","68.33333",""
"1200","Tahini Paste","Emmerich LLC","null","null","null","null","null","null","null","null","null","null","null",""
"1201","Tahini Paste","Emmerich LLC","null","2019","4","2.0000","37.20","1","0","11.78","25.42","null","68.33333",""
"1202","Tahini Paste","Emmerich LLC","null","2019","5","1.0000","18.60","1","0","5.89","12.71","null","68.33333",""
"1203","Tahini Paste","Emmerich LLC","null","2019","6","4.0000","74.40","1","0","23.56","50.84","null","68.33333",""
"1204","Juice - Mango","Emmerich LLC","null","null","null","null","null","null","null","null","null","null","null",""
"1205","Juice - Mango","Emmerich LLC","null","2019","1","13.0000","213.00","10","0","65.18","147.82","null","69.39906",""
"1206","Longos - Lasagna Beef","Emmerich LLC","null","null","null","null","null","null","null","null","null","null","null",""
"1207","Longos - Lasagna Beef","Emmerich LLC","null","null","null","null","null","null","null","null","null","null","null",""
"1208","Longos - Lasagna Beef","Emmerich LLC","null","2019","2","9.0000","162.00","6","0","49.18","112.82","null","69.64198",""
"1209","Longos - Lasagna Beef","Emmerich LLC","null","null","null","null","null","null","null","null","null","null","null",""
"1210","Longos - Lasagna Beef","Emmerich LLC","null","2019","3","4.0000","72.00","4","0","22.86","49.14","null","68.25000",""
"1211","Quail - Whole, Bone - In","Emmerich LLC","null","null","null","null","null","null","null","null","null","null","null",""
"1212","Quail - Whole, Bone - In","Emmerich LLC","null","2019","5","5.0000","50.75","3","0","22.85","27.90","null","54.97537",""
"1213","Fresh Fiddleheads 1lb","Emmerich LLC","null","null","null","null","null","null","null","null","null","null","null",""
"1214","Fresh Fiddleheads 1lb","Emmerich LLC","null","null","null","null","null","null","null","null","null","null","null",""
"1215","Cranberries - Frozen","Emmerich LLC","null","null","null","null","null","null","null","null","null","null","null",""
"1216","Cranberries - Frozen","Emmerich LLC","null","2019","2","2.0000","51.00","1","0","18.52","32.48","null","63.68627",""
"1217","V8 Pet","Emmerich LLC","null","null","null","null","null","null","null","null","null","null","null",""
"1218","V8 Pet","Emmerich LLC","null","null","null","null","null","null","null","null","null","null","null",""
"1219","V8 Pet","Emmerich LLC","null","2019","3","1.0000","25.50","1","0","12.19","13.31","null","52.19608",""
"1220","V8 Pet","Emmerich LLC","null","null","null","null","null","null","null","null","null","null","null",""
"1221","V8 Pet","Emmerich LLC","null","2019","4","7.0000","178.50","2","0","68.86","109.64","null","61.42297",""
"1222","V8 Pet","Emmerich LLC","null","2019","5","7.0000","192.50","3","0","68.83","123.67","null","64.24416",""
"1223","V8 Pet","Emmerich LLC","null","2019","6","1.0000","27.50","1","0","9.59","17.91","null","65.12727",""
"1224","Tea - Vanilla Chai","Emmerich LLC","null","null","null","null","null","null","null","null","null","null","null",""
"1225","Tea - Vanilla Chai","Emmerich LLC","null","2019","1","19.0000","292.40","9","0","85.88","206.52","null","70.62927",""
"1226","Chicken - Base, Ultimate","Emmerich LLC","null","null","null","null","null","null","null","null","null","null","null",""
"1227","Chicken - Base, Ultimate","Emmerich LLC","null","null","null","null","null","null","null","null","null","null","null",""
"1228","Chicken - Base, Ultimate","Emmerich LLC","null","2019","2","30.0000","465.00","10","0","135.59","329.41","null","70.84086",""
"1229","Chicken - Base, Ultimate","Emmerich LLC","null","null","null","null","null","null","null","null","null","null","null",""
"1230","Chicken - Base, Ultimate","Emmerich LLC","null","2019","3","33.0000","511.50","11","0","149.16","362.34","null","70.83871",""
"1231","Chicken - Base, Ultimate","Emmerich LLC","null","2019","4","26.0000","403.00","8","0","117.51","285.49","null","70.84119",""
"1232","Chicken - Base, Ultimate","Emmerich LLC","null","2019","5","32.0000","496.00","11","0","144.64","351.36","null","70.83871",""
"1233","Chicken - Base, Ultimate","Emmerich LLC","null","2019","6","43.0000","666.50","10","0","194.35","472.15","null","70.84021",""
"1234","Soup - Campbells, Lentil","Emmerich LLC","null","null","null","null","null","null","null","null","null","null","null",""
"1235","Soup - Campbells, Lentil","Emmerich LLC","null","2019","3","5.0000","77.50","1","0","27.12","50.38","null","65.00645",""
"1236","Hersey Shakes","Emmerich LLC","null","null","null","null","null","null","null","null","null","null","null",""
"1237","Hersey Shakes","Emmerich LLC","null","null","null","null","null","null","null","null","null","null","null",""
"1238","Pepper - Jalapeno","Emmerich LLC","null","null","null","null","null","null","null","null","null","null","null",""
"1239","Pepper - Jalapeno","Emmerich LLC","null","2019","1","504.0000","4,435.50","15","0","3,311.45","1,124.05","null","25.34213",""
"1240","Thyme - Fresh","Emmerich LLC","null","null","null","null","null","null","null","null","null","null","null",""
"1241","Thyme - Fresh","Emmerich LLC","null","null","null","null","null","null","null","null","null","null","null",""
"1242","Thyme - Fresh","Emmerich LLC","null","2019","2","350.0000","3,150.00","10","0","1,966.54","1,183.46","null","37.57016",""
"1243","Thyme - Fresh","Emmerich LLC","null","null","null","null","null","null","null","null","null","null","null",""
"1244","Thyme - Fresh","Emmerich LLC","null","2019","3","486.0000","4,374.00","14","0","2,818.80","1,555.20","null","35.55556",""
"1245","Thyme - Fresh","Emmerich LLC","null","2019","4","405.0000","3,645.00","11","0","2,162.59","1,482.41","null","40.66968",""
"1246","Thyme - Fresh","Emmerich LLC","null","2019","5","600.0000","5,400.00","14","0","3,191.43","2,208.57","null","40.89944",""
"1247","Thyme - Fresh","Emmerich LLC","null","2019","6","565.0000","5,085.00","13","0","3,104.50","1,980.50","null","38.94789",""
"1248","Wine - Cotes Du Rhone","Emmerich LLC","null","null","null","null","null","null","null","null","null","null","null",""
"1249","Wine - Cotes Du Rhone","Emmerich LLC","null","2019","1","50.0000","450.00","1","0","290.00","160.00","null","35.55556",""
"1250","Fresh Golden Pea Shoots 1#/cs","Emmerich LLC","null","null","null","null","null","null","null","null","null","null","null",""
"1251","Fresh Golden Pea Shoots 1#/cs","Emmerich LLC","null","null","null","null","null","null","null","null","null","null","null",""
"1252","Ice Cream Bar - Hagen Daz","Emmerich LLC","null","null","null","null","null","null","null","null","null","null","null",""
"1253","Ice Cream Bar - Hagen Daz","Emmerich LLC","null","2019","5","65.0000","2,632.50","1","0","1,354.22","1,278.28","null","48.55764",""
"1254","Artichokes - Knobless, White","Emmerich LLC","null","null","null","null","null","null","null","null","null","null","null",""
"1255","Artichokes - Knobless, White","Emmerich LLC","null","null","null","null","null","null","null","null","null","null","null",""
"1256","Wine - Cave Springs Dry Riesling","Emmerich LLC","null","null","null","null","null","null","null","null","null","null","null",""
"1257","Wine - Cave Springs Dry Riesling","Emmerich LLC","null","2019","4","1.0000","17.00","1","0","7.75","9.25","null","54.41176",""
"1258","IQF Huckleberries 1lb","Emmerich LLC","null","null","null","null","null","null","null","null","null","null","null",""
"1259","IQF Huckleberries 1lb","Emmerich LLC","null","null","null","null","null","null","null","null","null","null","null",""
"1260","IQF Huckleberries 1lb","Emmerich LLC","null","null","null","null","null","null","null","null","null","null","null",""
"1261","null","null","Customer Total:","null","null","null","102,995.76","null","null","48,792.91","null","null","null",""
"1262","IQF Huckleberries 1lb","Emmerich LLC","null","null","null","null","null","null","null","null","null","null","null",""
"1745","Snapple Lemon Tea","Jones, Hilpert and Dach","null","null","null","null","null","null","null","null","null","null","null",""
"1746","Cookies - Amaretto","Jones, Hilpert and Dach","null","null","null","null","null","null","null","null","null","null","null",""
"1747","Cookies - Amaretto","Jones, Hilpert and Dach","null","2019","3","2.0000","29.50","1","0","10.18","19.32","null","65.49153",""
"1748","Island Oasis - Magarita Mix","Jones, Hilpert and Dach","null","null","null","null","null","null","null","null","null","null","null",""
"1749","Island Oasis - Magarita Mix","Jones, Hilpert and Dach","null","null","null","null","null","null","null","null","null","null","null",""
"1750","Island Oasis - Magarita Mix","Jones, Hilpert and Dach","null","2019","4","2.0000","29.50","1","0","10.18","19.32","null","65.49153",""
"1751","Island Oasis - Magarita Mix","Jones, Hilpert and Dach","null","null","null","null","null","null","null","null","null","null","null",""
"1752","Island Oasis - Magarita Mix","Jones, Hilpert and Dach","null","2019","6","2.0000","29.50","1","0","10.18","19.32","null","65.49153",""
"1753","Island Oasis - Cappucino Mix","Jones, Hilpert and Dach","null","null","null","null","null","null","null","null","null","null","null",""
"1754","Island Oasis - Cappucino Mix","Jones, Hilpert and Dach","null","2019","1","39.0000","936.00","8","0","355.47","580.53","null","62.02244",""
"1755","Tomato - Tricolor Cherry","Jones, Hilpert and Dach","null","null","null","null","null","null","null","null","null","null","null",""
"1756","Tomato - Tricolor Cherry","Jones, Hilpert and Dach","null","null","null","null","null","null","null","null","null","null","null",""
"1757","Tomato - Tricolor Cherry","Jones, Hilpert and Dach","null","2019","2","27.0000","648.00","4","0","246.09","401.91","null","62.02315",""
"1758","Tomato - Tricolor Cherry","Jones, Hilpert and Dach","null","null","null","null","null","null","null","null","null","null","null",""
"1759","Tomato - Tricolor Cherry","Jones, Hilpert and Dach","null","2019","3","46.0000","1,104.00","7","0","419.27","684.73","null","62.02264",""
"1760","Tomato - Tricolor Cherry","Jones, Hilpert and Dach","null","2019","4","31.0000","744.00","9","0","282.55","461.45","null","62.02285",""
"1761","Tomato - Tricolor Cherry","Jones, Hilpert and Dach","null","2019","5","51.0000","1,224.00","10","0","464.85","759.15","null","62.02206",""
"1762","Tomato - Tricolor Cherry","Jones, Hilpert and Dach","null","2019","6","49.0000","1,176.00","11","0","446.60","729.40","null","62.02381",""
"1763","Tomatoes","Jones, Hilpert and Dach","null","null","null","null","null","null","null","null","null","null","null",""
"1764","Tomatoes","Jones, Hilpert and Dach","null","2019","1","1.0000","16.75","1","0","4.01","12.74","null","76.05970",""
"1765","Chinese Foods - Plain Fried Rice","Jones, Hilpert and Dach","null","null","null","null","null","null","null","null","null","null","null",""
"1766","Chinese Foods - Plain Fried Rice","Jones, Hilpert and Dach","null","null","null","null","null","null","null","null","null","null","null",""
"1767","Chinese Foods - Plain Fried Rice","Jones, Hilpert and Dach","null","2019","3","1.0000","16.75","1","0","4.01","12.74","null","76.05970",""
"1768","Chinese Foods - Plain Fried Rice","Jones, Hilpert and Dach","null","null","null","null","null","null","null","null","null","null","null",""
"1769","Chocolate - Milk, Callets","Jones, Hilpert and Dach","null","null","null","null","null","null","null","null","null","null","null",""
"1770","Chocolate - Milk, Callets","Jones, Hilpert and Dach","null","2019","1","74.0000","1,591.00","10","0","924.75","666.25","null","41.87618",""
"1771","Coconut - Shredded, Sweet","Jones, Hilpert and Dach","null","null","null","null","null","null","null","null","null","null","null",""
"1772","Coconut - Shredded, Sweet","Jones, Hilpert and Dach","null","null","null","null","null","null","null","null","null","null","null",""
"1773","Coconut - Shredded, Sweet","Jones, Hilpert and Dach","null","2019","2","64.0000","1,376.00","10","0","797.25","578.75","null","42.06032",""
"1774","Coconut - Shredded, Sweet","Jones, Hilpert and Dach","null","null","null","null","null","null","null","null","null","null","null",""
"1775","Coconut - Shredded, Sweet","Jones, Hilpert and Dach","null","2019","3","76.0000","1,675.25","11","0","998.85","676.40","null","40.37606",""
"1776","Coconut - Shredded, Sweet","Jones, Hilpert and Dach","null","2019","4","63.0000","1,458.45","8","0","821.85","636.60","null","43.64908",""
"1777","Coconut - Shredded, Sweet","Jones, Hilpert and Dach","null","2019","5","90.0000","2,083.50","11","0","1,213.20","870.30","null","41.77106",""
"1778","Coconut - Shredded, Sweet","Jones, Hilpert and Dach","null","2019","6","109.0000","2,523.35","11","0","1,403.10","1,120.25","null","44.39535",""
"1779","Wine - Periguita Fonseca","Jones, Hilpert and Dach","null","null","null","null","null","null","null","null","null","null","null",""
"1780","Wine - Periguita Fonseca","Jones, Hilpert and Dach","null","2019","1","82.0000","1,473.54","11","0","535.05","938.49","null","63.68948",""
"1781","Wild Mix 3#/cs","Jones, Hilpert and Dach","null","null","null","null","null","null","null","null","null","null","null",""
"1782","Wild Mix 3#/cs","Jones, Hilpert and Dach","null","null","null","null","null","null","null","null","null","null","null",""
"1783","Wild Mix 3#/cs","Jones, Hilpert and Dach","null","2019","2","82.0000","1,473.54","9","0","535.05","938.49","null","63.68948",""
"1784","Wild Mix 3#/cs","Jones, Hilpert and Dach","null","null","null","null","null","null","null","null","null","null","null",""
"1785","Wild Mix 3#/cs","Jones, Hilpert and Dach","null","2019","3","42.0000","754.74","8","0","274.05","480.69","null","63.68948",""
"1786","Wild Mix 3#/cs","Jones, Hilpert and Dach","null","2019","4","62.0000","1,114.14","11","0","404.55","709.59","null","63.68948",""
"1787","Wild Mix 3#/cs","Jones, Hilpert and Dach","null","2019","5","68.0000","1,221.96","10","0","443.70","778.26","null","63.68948",""
"1788","Wild Mix 3#/cs","Jones, Hilpert and Dach","null","2019","6","62.0000","1,114.14","13","0","404.55","709.59","null","63.68948",""
"1789","Sea Urchin","Jones, Hilpert and Dach","null","null","null","null","null","null","null","null","null","null","null",""
"1790","Sea Urchin","Jones, Hilpert and Dach","null","2019","1","1.0000","10.00","1","0","4.24","5.76","null","57.60000",""
"1791","Juice - V8 Splash","Jones, Hilpert and Dach","null","null","null","null","null","null","null","null","null","null","null",""
"1792","Juice - V8 Splash","Jones, Hilpert and Dach","null","null","null","null","null","null","null","null","null","null","null",""
"1793","Juice - V8 Splash","Jones, Hilpert and Dach","null","2019","5","1.0000","10.00","1","0","4.24","5.76","null","57.60000",""
"1794","Juice - V8 Splash","Jones, Hilpert and Dach","null","null","null","null","null","null","null","null","null","null","null",""
"1795","Juice - V8 Splash","Jones, Hilpert and Dach","null","2019","6","6.0000","60.00","1","0","25.41","34.59","null","57.65000",""
"1796","V8 Splash Strawberry Banana","Jones, Hilpert and Dach","null","null","null","null","null","null","null","null","null","null","null",""
"1797","V8 Splash Strawberry Banana","Jones, Hilpert and Dach","null","2019","3","5.0000","182.50","1","0","78.93","103.57","null","56.75068",""
"1798","Soup Knorr Chili With Beans","Jones, Hilpert and Dach","null","null","null","null","null","null","null","null","null","null","null",""
"1799","Soup Knorr Chili With Beans","Jones, Hilpert and Dach","null","null","null","null","null","null","null","null","null","null","null",""
"1800","Pears - Bartlett","Jones, Hilpert and Dach","null","null","null","null","null","null","null","null","null","null","null",""
"1801","Pears - Bartlett","Jones, Hilpert and Dach","null","2019","1","6.0000","211.50","3","0","112.15","99.35","null","46.97400",""
"1802","Food Colouring - Orange","Jones, Hilpert and Dach","null","null","null","null","null","null","null","null","null","null","null",""
"1803","Food Colouring - Orange","Jones, Hilpert and Dach","null","null","null","null","null","null","null","null","null","null","null",""
"1804","Food Colouring - Orange","Jones, Hilpert and Dach","null","2019","2","2.0000","141.00","2","2","37.38","43.16","null","53.58828",""
"1805","Food Colouring - Orange","Jones, Hilpert and Dach","null","null","null","null","null","null","null","null","null","null","null",""
"1806","Food Colouring - Orange","Jones, Hilpert and Dach","null","2019","3","4.0000","141.00","2","0","74.76","66.24","null","46.97872",""
"1807","Food Colouring - Orange","Jones, Hilpert and Dach","null","2019","4","9.0000","405.00","4","0","168.21","236.79","null","58.46667",""
"1808","Food Colouring - Orange","Jones, Hilpert and Dach","null","2019","5","15.0000","675.00","6","0","280.35","394.65","null","58.46667",""
"1809","Food Colouring - Orange","Jones, Hilpert and Dach","null","2019","6","4.0000","180.00","2","0","74.76","105.24","null","58.46667",""
"1810","Cheese - Swiss","Jones, Hilpert and Dach","null","null","null","null","null","null","null","null","null","null","null",""
"1811","Cheese - Swiss","Jones, Hilpert and Dach","null","2019","1","3.0000","45.90","1","0","23.51","22.39","null","48.77996",""
"1812","Potatoes - Idaho 80 Count","Jones, Hilpert and Dach","null","null","null","null","null","null","null","null","null","null","null",""
"1813","Potatoes - Idaho 80 Count","Jones, Hilpert and Dach","null","null","null","null","null","null","null","null","null","null","null",""
"1814","Potatoes - Idaho 80 Count","Jones, Hilpert and Dach","null","2019","3","3.0000","45.90","1","0","23.51","22.39","null","48.77996",""
"1815","Potatoes - Idaho 80 Count","Jones, Hilpert and Dach","null","null","null","null","null","null","null","null","null","null","null",""
"1816","Potatoes - Idaho 80 Count","Jones, Hilpert and Dach","null","2019","6","2.0000","30.60","1","0","16.42","14.18","null","46.33987",""
"1817","Wine - Sawmill Creek Autumn","Jones, Hilpert and Dach","null","null","null","null","null","null","null","null","null","null","null",""
"1818","Wine - Sawmill Creek Autumn","Jones, Hilpert and Dach","null","2019","2","2.0000","49.00","1","0","20.08","28.92","null","59.02041",""
"1819","Dried Juniper Berries 1#/pp","Jones, Hilpert and Dach","null","null","null","null","null","null","null","null","null","null","null",""
"1820","Dried Juniper Berries 1#/pp","Jones, Hilpert and Dach","null","null","null","null","null","null","null","null","null","null","null",""
"1821","Bread - English Muffin","Jones, Hilpert and Dach","null","null","null","null","null","null","null","null","null","null","null",""
"1822","Bread - English Muffin","Jones, Hilpert and Dach","null","2019","1","1.0000","30.75","1","0","27.11","3.64","null","11.83740",""
"1823","Fresh Sea Asparagus 3lb","Jones, Hilpert and Dach","null","null","null","null","null","null","null","null","null","null","null",""
"1824","Fresh Sea Asparagus 3lb","Jones, Hilpert and Dach","null","null","null","null","null","null","null","null","null","null","null",""
"1825","Cranberries - Frozen","Jones, Hilpert and Dach","null","null","null","null","null","null","null","null","null","null","null",""
"1826","Cranberries - Frozen","Jones, Hilpert and Dach","null","2019","1","17.0000","357.00","5","0","157.32","199.68","null","55.93277",""
"1827","V8 Pet","Jones, Hilpert and Dach","null","null","null","null","null","null","null","null","null","null","null",""
"1828","V8 Pet","Jones, Hilpert and Dach","null","null","null","null","null","null","null","null","null","null","null",""
"1829","V8 Pet","Jones, Hilpert and Dach","null","2019","2","12.0000","306.00","3","0","111.09","194.91","null","63.69608",""
"1830","V8 Pet","Jones, Hilpert and Dach","null","null","null","null","null","null","null","null","null","null","null",""
"1831","V8 Pet","Jones, Hilpert and Dach","null","2019","3","14.0000","357.00","3","0","143.32","213.68","null","59.85434",""
"1832","V8 Pet","Jones, Hilpert and Dach","null","2019","4","12.0000","306.00","3","0","118.04","187.96","null","61.42484",""
"1833","V8 Pet","Jones, Hilpert and Dach","null","2019","5","14.0000","385.00","3","0","137.18","247.82","null","64.36883",""
"1834","V8 Pet","Jones, Hilpert and Dach","null","2019","6","16.0000","440.00","3","0","149.45","290.55","null","66.03409",""
"1835","Pepper - Jalapeno","Jones, Hilpert and Dach","null","null","null","null","null","null","null","null","null","null","null",""
"1836","Pepper - Jalapeno","Jones, Hilpert and Dach","null","2019","1","175.0000","1,552.50","13","0","1,275.20","277.30","null","17.86151",""
"1837","Thyme - Fresh","Jones, Hilpert and Dach","null","null","null","null","null","null","null","null","null","null","null",""
"1838","Thyme - Fresh","Jones, Hilpert and Dach","null","null","null","null","null","null","null","null","null","null","null",""
"1839","Thyme - Fresh","Jones, Hilpert and Dach","null","2019","2","123.0000","1,107.00","8","0","713.40","393.60","null","35.55556",""
"1840","Thyme - Fresh","Jones, Hilpert and Dach","null","null","null","null","null","null","null","null","null","null","null",""
"1841","Thyme - Fresh","Jones, Hilpert and Dach","null","2019","3","157.0000","1,413.00","11","0","910.60","502.40","null","35.55556",""
"1842","Thyme - Fresh","Jones, Hilpert and Dach","null","2019","4","141.0000","1,368.00","11","1","745.90","523.10","null","41.22143",""
"1843","Thyme - Fresh","Jones, Hilpert and Dach","null","2019","5","249.0000","2,241.00","14","0","1,374.20","866.80","null","38.67916",""
"1844","Thyme - Fresh","Jones, Hilpert and Dach","null","2019","6","187.0000","1,683.00","13","0","1,023.10","659.90","null","39.20974",""
"1845","Wine - Cotes Du Rhone","Jones, Hilpert and Dach","null","null","null","null","null","null","null","null","null","null","null",""
"1846","Wine - Cotes Du Rhone","Jones, Hilpert and Dach","null","2019","2","27.0000","243.00","2","0","156.60","86.40","null","35.55556",""
"1847","Fresh Golden Pea Shoots 1#/cs","Jones, Hilpert and Dach","null","null","null","null","null","null","null","null","null","null","null",""
"1848","Fresh Golden Pea Shoots 1#/cs","Jones, Hilpert and Dach","null","null","null","null","null","null","null","null","null","null","null",""
"1849","Lemon Grass","Jones, Hilpert and Dach","null","null","null","null","null","null","null","null","null","null","null",""
"1850","Lemon Grass","Jones, Hilpert and Dach","null","2019","1","34.0000","637.86","10","0","303.69","334.17","null","52.38924",""
"1851","Island Oasis - Peach Daiquiri","Jones, Hilpert and Dach","null","null","null","null","null","null","null","null","null","null","null",""
"1852","Island Oasis - Peach Daiquiri","Jones, Hilpert and Dach","null","null","null","null","null","null","null","null","null","null","null",""
"1853","Island Oasis - Peach Daiquiri","Jones, Hilpert and Dach","null","2019","2","19.0000","356.25","6","0","169.70","186.55","null","52.36491",""
"1854","Island Oasis - Peach Daiquiri","Jones, Hilpert and Dach","null","null","null","null","null","null","null","null","null","null","null",""
"1855","Island Oasis - Peach Daiquiri","Jones, Hilpert and Dach","null","2019","3","47.0000","881.25","11","0","419.81","461.44","null","52.36199",""
"1856","Island Oasis - Peach Daiquiri","Jones, Hilpert and Dach","null","2019","4","53.0000","993.75","9","0","473.40","520.35","null","52.36226",""
"1857","Island Oasis - Peach Daiquiri","Jones, Hilpert and Dach","null","2019","5","30.0000","562.50","9","0","267.97","294.53","null","52.36089",""
"1858","Island Oasis - Peach Daiquiri","Jones, Hilpert and Dach","null","2019","6","59.0000","1,106.25","13","0","526.98","579.27","null","52.36339",""
"1859","Island Oasis - Peach Daiquiri","Jones, Hilpert and Dach","null","null","null","null","null","null","null","null","null","null","null",""
"1860","null","null","Customer Total:","null","null","null","42,328.12","null","null","21,157.35","null","null","null",""
"1861","Island Oasis - Peach Daiquiri","Jones, Hilpert and Dach","null","null","null","null","null","null","null","null","null","null","null",""
"1862","Island Oasis - Peach Daiquiri","Jacobs and Sons","null","null","null","null","null","null","null","null","null","null","null",""
"1863","Cranberries - Frozen","Jacobs and Sons","null","null","null","null","null","null","null","null","null","null","null",""
"1864","Cranberries - Frozen","Jacobs and Sons","null","2019","1","120.0000","2,820.00","1","0","1,110.86","1,709.14","null","60.60780",""
"1865","V8 Pet","Jacobs and Sons","null","null","null","null","null","null","null","null","null","null","null",""
"1866","V8 Pet","Jacobs and Sons","null","null","null","null","null","null","null","null","null","null","null",""
"1867","V8 Pet","Jacobs and Sons","null","2019","3","510.0000","13,220.00","2","1","6,248.21","6,711.79","null","51.78850",""
"1868","V8 Pet","Jacobs and Sons","null","null","null","null","null","null","null","null","null","null","null",""
"1869","V8 Pet","Jacobs and Sons","null","null","null","null","null","null","null","null","null","null","null",""
"1870","null","null","Customer Total:","null","null","null","16,040.00","null","null","7,359.07","null","null","null",""
"1871","V8 Pet","Jacobs and Sons","null","null","null","null","null","null","null","null","null","null","null",""
"1872","V8 Pet","Hettinger Inc","null","null","null","null","null","null","null","null","null","null","null",""
"1873","Nut - Walnut, Pieces","Hettinger Inc","null","null","null","null","null","null","null","null","null","null","null",""
"1874","Nut - Walnut, Pieces","Hettinger Inc","null","2019","3","27.0000","1,080.00","1","0","756.00","324.00","null","30.00000",""
"1875","Table Cloth 120 Round White","Hettinger Inc","null","null","null","null","null","null","null","null","null","null","null",""
"1876","Table Cloth 120 Round White","Hettinger Inc","null","null","null","null","null","null","null","null","null","null","null",""
"1877","Table Cloth 120 Round White","Hettinger Inc","null","2019","4","40.0000","2,000.00","2","0","1,771.98","228.02","null","11.40100",""
"1878","Table Cloth 120 Round White","Hettinger Inc","null","null","null","null","null","null","null","null","null","null","null",""
"1879","Cranberries - Frozen","Hettinger Inc","null","null","null","null","null","null","null","null","null","null","null",""
"1880","Cranberries - Frozen","Hettinger Inc","null","2019","3","240.0000","6,240.00","1","0","2,905.10","3,334.90","null","53.44391",""
"1881","V8 Pet","Hettinger Inc","null","null","null","null","null","null","null","null","null","null","null",""
"1882","V8 Pet","Hettinger Inc","null","null","null","null","null","null","null","null","null","null","null",""
"1883","V8 Pet","Hettinger Inc","null","null","null","null","null","null","null","null","null","null","null",""
"1884","null","null","Customer Total:","null","null","null","9,320.00","null","null","5,433.08","null","null","null",""
"1885","V8 Pet","Hettinger Inc","null","null","null","null","null","null","null","null","null","null","null",""
"1886","V8 Pet","Hauck-Rogahn","null","null","null","null","null","null","null","null","null","null","null",""
"1887","Tomatoes - Heirloom","Hauck-Rogahn","null","null","null","null","null","null","null","null","null","null","null",""
"1888","Tomatoes - Heirloom","Hauck-Rogahn","null","2019","1","10.0000","123.00","1","0","94.13","28.87","null","23.47154",""
"1889","Wine - Red, Metus Rose","Hauck-Rogahn","null","null","null","null","null","null","null","null","null","null","null",""
"1890","Wine - Red, Metus Rose","Hauck-Rogahn","null","null","null","null","null","null","null","null","null","null","null",""
"1891","Kippers - Smoked","Hauck-Rogahn","null","null","null","null","null","null","null","null","null","null","null",""
"1892","Kippers - Smoked","Hauck-Rogahn","null","2019","1","4.0000","76.00","1","0","58.00","18.00","null","23.68421",""
"1893","Fresh Portabella - 5lbs","Hauck-Rogahn","null","null","null","null","null","null","null","null","null","null","null",""
"1894","Fresh Portabella - 5lbs","Hauck-Rogahn","null","null","null","null","null","null","null","null","null","null","null",""
"1895","Flour - Buckwheat, Dark","Hauck-Rogahn","null","null","null","null","null","null","null","null","null","null","null",""
"1896","Flour - Buckwheat, Dark","Hauck-Rogahn","null","2019","1","1.0000","48.00","1","0","27.38","20.62","null","42.95833",""
"1897","Fiddlehead - Frozen","Hauck-Rogahn","null","null","null","null","null","null","null","null","null","null","null",""
"1898","Fiddlehead - Frozen","Hauck-Rogahn","null","null","null","null","null","null","null","null","null","null","null",""
"1899","Fiddlehead - Frozen","Hauck-Rogahn","null","null","null","null","null","null","null","null","null","null","null",""
"1900","null","null","Customer Total:","null","null","null","247.00","null","null","179.51","null","null","null",""
"1901","Fiddlehead - Frozen","Hauck-Rogahn","null","null","null","null","null","null","null","null","null","null","null",""
"1902","Fiddlehead - Frozen","Shields Inc","null","null","null","null","null","null","null","null","null","null","null",""
"1903","Pants Custom Dry Clean","Shields Inc","null","null","null","null","null","null","null","null","null","null","null",""
"1904","Pants Custom Dry Clean","Shields Inc","null","2019","2","25.0000","162.50","1","0","75.10","87.40","null","53.78462",""
"1905","Basil - Thai","Shields Inc","null","null","null","null","null","null","null","null","null","null","null",""
"1906","Basil - Thai","Shields Inc","null","null","null","null","null","null","null","null","null","null","null",""
"1907","Basil - Thai","Shields Inc","null","2019","3","15.0000","97.50","1","0","45.06","52.44","null","53.78462",""
"1908","Basil - Thai","Shields Inc","null","null","null","null","null","null","null","null","null","null","null",""
"1909","Sauce - Salsa","Shields Inc","null","null","null","null","null","null","null","null","null","null","null",""
"1910","Sauce - Salsa","Shields Inc","null","2019","2","20.0000","119.00","1","0","25.80","93.20","null","78.31933",""
"1911","Muffin Orange Individual","Shields Inc","null","null","null","null","null","null","null","null","null","null","null",""
"1912","Muffin Orange Individual","Shields Inc","null","null","null","null","null","null","null","null","null","null","null",""
"1913","Muffin Orange Individual","Shields Inc","null","2019","3","15.0000","89.25","1","0","19.35","69.90","null","78.31933",""
"1914","Muffin Orange Individual","Shields Inc","null","null","null","null","null","null","null","null","null","null","null",""
"1915","Bread - Sticks, Thin, Plain","Shields Inc","null","null","null","null","null","null","null","null","null","null","null",""
"1916","Bread - Sticks, Thin, Plain","Shields Inc","null","2019","1","30.0000","207.00","1","0","46.99","160.01","null","77.29952",""
"1917","Coffee - French Vanilla Frothy","Shields Inc","null","null","null","null","null","null","null","null","null","null","null",""
"1918","Coffee - French Vanilla Frothy","Shields Inc","null","null","null","null","null","null","null","null","null","null","null",""
"1919","Coffee - French Vanilla Frothy","Shields Inc","null","2019","3","25.0000","172.50","1","0","39.16","133.34","null","77.29855",""
"1920","Coffee - French Vanilla Frothy","Shields Inc","null","null","null","null","null","null","null","null","null","null","null",""
"1921","Coffee - French Vanilla Frothy","Shields Inc","null","2019","5","40.0000","276.00","1","0","62.65","213.35","null","77.30072",""
"1922","Nut - Pistachio, Shelled","Shields Inc","null","null","null","null","null","null","null","null","null","null","null",""
"1923","Nut - Pistachio, Shelled","Shields Inc","null","2019","1","10.0000","144.00","1","0","103.15","40.85","null","28.36806",""
"1924","Arizona - Plum Green Tea","Shields Inc","null","null","null","null","null","null","null","null","null","null","null",""
"1925","Arizona - Plum Green Tea","Shields Inc","null","null","null","null","null","null","null","null","null","null","null",""
"1926","Arizona - Plum Green Tea","Shields Inc","null","2019","2","15.0000","216.00","1","0","154.73","61.27","null","28.36574",""
"1927","Arizona - Plum Green Tea","Shields Inc","null","null","null","null","null","null","null","null","null","null","null",""
"1928","Arizona - Plum Green Tea","Shields Inc","null","2019","3","10.0000","141.00","1","0","103.15","37.85","null","26.84397",""
"1929","Arizona - Plum Green Tea","Shields Inc","null","2019","5","10.0000","144.00","1","0","103.15","40.85","null","28.36806",""
"1930","Arctic Char - Fresh, Whole","Shields Inc","null","null","null","null","null","null","null","null","null","null","null",""
"1931","Arctic Char - Fresh, Whole","Shields Inc","null","2019","1","30.0000","405.00","1","0","166.10","238.90","null","58.98765",""
"1932","Pants Custom Dry Clean","Shields Inc","null","null","null","null","null","null","null","null","null","null","null",""
"1933","Pants Custom Dry Clean","Shields Inc","null","null","null","null","null","null","null","null","null","null","null",""
"1934","Pants Custom Dry Clean","Shields Inc","null","2019","2","30.0000","405.00","1","0","166.10","238.90","null","58.98765",""
"1935","Pants Custom Dry Clean","Shields Inc","null","null","null","null","null","null","null","null","null","null","null",""
"1936","Pants Custom Dry Clean","Shields Inc","null","2019","3","35.0000","472.50","1","0","193.78","278.72","null","58.98836",""
"1937","Beef - Short Loin","Shields Inc","null","null","null","null","null","null","null","null","null","null","null",""
"1938","Beef - Short Loin","Shields Inc","null","2019","2","35.0000","259.00","1","0","360.85","-101.85","null","-39.32432",""
"1939","Ecolab - Ster Bac","Shields Inc","null","null","null","null","null","null","null","null","null","null","null",""
"1940","Ecolab - Ster Bac","Shields Inc","null","null","null","null","null","null","null","null","null","null","null",""
"1941","Ecolab - Ster Bac","Shields Inc","null","2019","5","20.0000","148.00","2","0","206.20","-58.20","null","-39.32432",""
"1942","Ecolab - Ster Bac","Shields Inc","null","null","null","null","null","null","null","null","null","null","null",""
"1943","Chick Peas - Dried","Shields Inc","null","null","null","null","null","null","null","null","null","null","null",""
"1944","Chick Peas - Dried","Shields Inc","null","2019","5","30.0000","1,371.00","1","0","628.04","742.96","null","54.19110",""
"1945","Cake - Mini Cheesecake","Shields Inc","null","null","null","null","null","null","null","null","null","null","null",""
"1946","Cake - Mini Cheesecake","Shields Inc","null","null","null","null","null","null","null","null","null","null","null",""
"1947","Ecolab - Mikroklene 4/4 L","Shields Inc","null","null","null","null","null","null","null","null","null","null","null",""
"1948","Ecolab - Mikroklene 4/4 L","Shields Inc","null","2019","1","25.0000","252.50","1","0","95.83","156.67","null","62.04752",""
"1949","Shrimp - 150 - 250","Shields Inc","null","null","null","null","null","null","null","null","null","null","null",""
"1950","Shrimp - 150 - 250","Shields Inc","null","null","null","null","null","null","null","null","null","null","null",""
"1951","Shrimp - 150 - 250","Shields Inc","null","2019","2","30.0000","303.00","1","0","114.99","188.01","null","62.04950",""
"1952","Shrimp - 150 - 250","Shields Inc","null","null","null","null","null","null","null","null","null","null","null",""
"1953","Shrimp - 150 - 250","Shields Inc","null","2019","3","15.0000","151.50","1","0","57.50","94.00","null","62.04620",""
"1954","Shrimp - 150 - 250","Shields Inc","null","2019","5","35.0000","353.50","1","0","134.16","219.34","null","62.04809",""
"1955","Shrimp - 150 - 250","Shields Inc","null","null","null","null","null","null","null","null","null","null","null",""
"1956","null","null","Customer Total:","null","null","null","5,889.75","null","null","2,901.84","null","null","null",""
"1957","Shrimp - 150 - 250","Shields Inc","null","null","null","null","null","null","null","null","null","null","null",""
"1958","Shrimp - 150 - 250","Rogahn, Jenkins and Wolff","null","null","null","null","null","null","null","null","null","null","null",""
"1959","Pants Custom Dry Clean","Rogahn, Jenkins and Wolff","null","null","null","null","null","null","null","null","null","null","null",""
"1960","Pants Custom Dry Clean","Rogahn, Jenkins and Wolff","null","2019","1","24.0000","156.00","1","0","72.10","83.90","null","53.78205",""
"1961","Basil - Thai","Rogahn, Jenkins and Wolff","null","null","null","null","null","null","null","null","null","null","null",""
"1962","Basil - Thai","Rogahn, Jenkins and Wolff","null","null","null","null","null","null","null","null","null","null","null",""
"1963","Basil - Thai","Rogahn, Jenkins and Wolff","null","2019","2","48.0000","82.20","1","1","144.20","184.60","null","56.14355",""
"1964","Basil - Thai","Rogahn, Jenkins and Wolff","null","null","null","null","null","null","null","null","null","null","null",""
"1965","Basil - Thai","Rogahn, Jenkins and Wolff","null","2019","3","12.0000","78.00","1","0","36.05","41.95","null","53.78205",""
"1966","Basil - Thai","Rogahn, Jenkins and Wolff","null","2019","4","12.0000","78.00","1","0","36.05","41.95","null","53.78205",""
"1967","Basil - Thai","Rogahn, Jenkins and Wolff","null","2019","5","24.0000","156.00","3","0","72.10","83.90","null","53.78205",""
"1968","Sauce - Salsa","Rogahn, Jenkins and Wolff","null","null","null","null","null","null","null","null","null","null","null",""
"1969","Sauce - Salsa","Rogahn, Jenkins and Wolff","null","2019","1","48.0000","285.60","2","0","61.92","223.68","null","78.31933",""
"1970","Muffin Orange Individual","Rogahn, Jenkins and Wolff","null","null","null","null","null","null","null","null","null","null","null",""
"1971","Muffin Orange Individual","Rogahn, Jenkins and Wolff","null","null","null","null","null","null","null","null","null","null","null",""
"1972","Muffin Orange Individual","Rogahn, Jenkins and Wolff","null","2019","2","12.0000","66.00","1","0","15.48","50.52","null","76.54545",""
"1973","Muffin Orange Individual","Rogahn, Jenkins and Wolff","null","null","null","null","null","null","null","null","null","null","null",""
"1974","Muffin Orange Individual","Rogahn, Jenkins and Wolff","null","2019","3","48.0000","285.60","2","0","61.92","223.68","null","78.31933",""
"1975","Muffin Orange Individual","Rogahn, Jenkins and Wolff","null","2019","4","12.0000","71.40","1","0","15.48","55.92","null","78.31933",""
"1976","Muffin Orange Individual","Rogahn, Jenkins and Wolff","null","2019","5","24.0000","142.80","3","0","30.96","111.84","null","78.31933",""
"1977","Bread - Sticks, Thin, Plain","Rogahn, Jenkins and Wolff","null","null","null","null","null","null","null","null","null","null","null",""
"1978","Bread - Sticks, Thin, Plain","Rogahn, Jenkins and Wolff","null","2019","1","144.0000","993.60","2","0","225.86","767.74","null","77.26852",""
"1979","Coffee - French Vanilla Frothy","Rogahn, Jenkins and Wolff","null","null","null","null","null","null","null","null","null","null","null",""
"1980","Coffee - French Vanilla Frothy","Rogahn, Jenkins and Wolff","null","null","null","null","null","null","null","null","null","null","null",""
"1981","Coffee - French Vanilla Frothy","Rogahn, Jenkins and Wolff","null","2019","2","96.0000","600.00","1","0","150.36","449.64","null","74.94000",""
"1982","Coffee - French Vanilla Frothy","Rogahn, Jenkins and Wolff","null","null","null","null","null","null","null","null","null","null","null",""
"1983","Coffee - French Vanilla Frothy","Rogahn, Jenkins and Wolff","null","2019","3","144.0000","993.60","2","0","225.54","768.06","null","77.30072",""
"1984","Coffee - French Vanilla Frothy","Rogahn, Jenkins and Wolff","null","2019","5","120.0000","828.00","1","0","187.95","640.05","null","77.30072",""
"1985","Nut - Pistachio, Shelled","Rogahn, Jenkins and Wolff","null","null","null","null","null","null","null","null","null","null","null",""
"1986","Nut - Pistachio, Shelled","Rogahn, Jenkins and Wolff","null","2019","1","48.0000","691.20","1","0","495.12","196.08","null","28.36806",""
"1987","Arizona - Plum Green Tea","Rogahn, Jenkins and Wolff","null","null","null","null","null","null","null","null","null","null","null",""
"1988","Arizona - Plum Green Tea","Rogahn, Jenkins and Wolff","null","null","null","null","null","null","null","null","null","null","null",""
"1989","Arizona - Plum Green Tea","Rogahn, Jenkins and Wolff","null","2019","3","12.0000","172.80","1","0","123.78","49.02","null","28.36806",""
"1990","Arizona - Plum Green Tea","Rogahn, Jenkins and Wolff","null","null","null","null","null","null","null","null","null","null","null",""
"1991","Arizona - Plum Green Tea","Rogahn, Jenkins and Wolff","null","2019","4","12.0000","172.80","1","0","123.78","49.02","null","28.36806",""
"1992","Arizona - Plum Green Tea","Rogahn, Jenkins and Wolff","null","2019","5","36.0000","518.40","3","0","371.34","147.06","null","28.36806",""
"1993","Arctic Char - Fresh, Whole","Rogahn, Jenkins and Wolff","null","null","null","null","null","null","null","null","null","null","null",""
"1994","Arctic Char - Fresh, Whole","Rogahn, Jenkins and Wolff","null","2019","1","192.0000","2,592.00","2","0","1,063.04","1,528.96","null","58.98765",""
"1995","Pants Custom Dry Clean","Rogahn, Jenkins and Wolff","null","null","null","null","null","null","null","null","null","null","null",""
"1996","Pants Custom Dry Clean","Rogahn, Jenkins and Wolff","null","null","null","null","null","null","null","null","null","null","null",""
"1997","Pants Custom Dry Clean","Rogahn, Jenkins and Wolff","null","2019","2","48.0000","648.00","1","0","265.76","382.24","null","58.98765",""
"1998","Pants Custom Dry Clean","Rogahn, Jenkins and Wolff","null","null","null","null","null","null","null","null","null","null","null",""
"1999","Pants Custom Dry Clean","Rogahn, Jenkins and Wolff","null","2019","3","120.0000","1,620.00","1","0","664.40","955.60","null","58.98765",""
"2000","Pants Custom Dry Clean","Rogahn, Jenkins and Wolff","null","2019","4","48.0000","648.00","1","0","265.76","382.24","null","58.98765",""
"2001","Pants Custom Dry Clean","Rogahn, Jenkins and Wolff","null","2019","5","72.0000","972.00","3","0","398.64","573.36","null","58.98765",""
"2002","Beef - Short Loin","Rogahn, Jenkins and Wolff","null","null","null","null","null","null","null","null","null","null","null",""
"2003","Beef - Short Loin","Rogahn, Jenkins and Wolff","null","2019","1","52.0000","384.80","2","0","536.12","-151.32","null","-39.32432",""
"2004","Ecolab - Ster Bac","Rogahn, Jenkins and Wolff","null","null","null","null","null","null","null","null","null","null","null",""
"2005","Ecolab - Ster Bac","Rogahn, Jenkins and Wolff","null","null","null","null","null","null","null","null","null","null","null",""
"2006","Ecolab - Ster Bac","Rogahn, Jenkins and Wolff","null","2019","3","12.0000","88.80","1","0","123.72","-34.92","null","-39.32432",""
"2007","Ecolab - Ster Bac","Rogahn, Jenkins and Wolff","null","null","null","null","null","null","null","null","null","null","null",""
"2008","Ecolab - Ster Bac","Rogahn, Jenkins and Wolff","null","2019","4","24.0000","177.60","1","0","247.44","-69.84","null","-39.32432",""
"2009","Ecolab - Ster Bac","Rogahn, Jenkins and Wolff","null","2019","5","48.0000","489.60","3","0","494.88","-5.28","null","-1.07843",""
"2010","Chick Peas - Dried","Rogahn, Jenkins and Wolff","null","null","null","null","null","null","null","null","null","null","null",""
"2011","Chick Peas - Dried","Rogahn, Jenkins and Wolff","null","2019","1","48.0000","2,193.60","2","0","1,004.86","1,188.74","null","54.19128",""
"2012","Cake - Mini Cheesecake","Rogahn, Jenkins and Wolff","null","null","null","null","null","null","null","null","null","null","null",""
"2013","Cake - Mini Cheesecake","Rogahn, Jenkins and Wolff","null","null","null","null","null","null","null","null","null","null","null",""
"2014","Cake - Mini Cheesecake","Rogahn, Jenkins and Wolff","null","2019","3","12.0000","548.40","1","0","251.21","297.19","null","54.19220",""
"2015","Cake - Mini Cheesecake","Rogahn, Jenkins and Wolff","null","null","null","null","null","null","null","null","null","null","null",""
"2016","Cake - Mini Cheesecake","Rogahn, Jenkins and Wolff","null","2019","4","24.0000","1,096.80","1","0","502.43","594.37","null","54.19128",""
"2017","Cake - Mini Cheesecake","Rogahn, Jenkins and Wolff","null","2019","5","48.0000","2,193.60","3","0","1,004.86","1,188.74","null","54.19128",""
"2018","Ecolab - Mikroklene 4/4 L","Rogahn, Jenkins and Wolff","null","null","null","null","null","null","null","null","null","null","null",""
"2019","Ecolab - Mikroklene 4/4 L","Rogahn, Jenkins and Wolff","null","2019","1","72.0000","727.20","2","0","275.99","451.21","null","62.04758",""
"2020","Shrimp - 150 - 250","Rogahn, Jenkins and Wolff","null","null","null","null","null","null","null","null","null","null","null",""
"2021","Shrimp - 150 - 250","Rogahn, Jenkins and Wolff","null","null","null","null","null","null","null","null","null","null","null",""
"2022","Shrimp - 150 - 250","Rogahn, Jenkins and Wolff","null","2019","3","36.0000","363.60","1","0","137.99","225.61","null","62.04895",""
"2023","Shrimp - 150 - 250","Rogahn, Jenkins and Wolff","null","null","null","null","null","null","null","null","null","null","null",""
"2024","Shrimp - 150 - 250","Rogahn, Jenkins and Wolff","null","2019","4","12.0000","121.20","1","0","46.00","75.20","null","62.04620",""
"2025","Shrimp - 150 - 250","Rogahn, Jenkins and Wolff","null","2019","5","60.0000","606.00","3","0","229.99","376.01","null","62.04785",""
"2026","Shrimp - 150 - 250","Rogahn, Jenkins and Wolff","null","null","null","null","null","null","null","null","null","null","null",""
"2027","null","null","Customer Total:","null","null","null","21,843.20","null","null","9,963.08","null","null","null",""
"2028","Shrimp - 150 - 250","Rogahn, Jenkins and Wolff","null","null","null","null","null","null","null","null","null","null","null",""
"2029","Shrimp - 150 - 250","Marvin-Mosciski","null","null","null","null","null","null","null","null","null","null","null",""
"2030","Soup - Campbells","Marvin-Mosciski","null","null","null","null","null","null","null","null","null","null","null",""
"2031","Soup - Campbells","Marvin-Mosciski","null","2019","4","10.0000","420.00","1","0","140.18","279.82","null","66.62381",""
"2032","Snapple Lemon Tea","Marvin-Mosciski","null","null","null","null","null","null","null","null","null","null","null",""
"2033","Snapple Lemon Tea","Marvin-Mosciski","null","null","null","null","null","null","null","null","null","null","null",""
"2034","Snapple Lemon Tea","Marvin-Mosciski","null","null","null","null","null","null","null","null","null","null","null",""
"2035","null","null","Customer Total:","null","null","null","420.00","null","null","140.18","null","null","null",""
"2036","Snapple Lemon Tea","Marvin-Mosciski","null","null","null","null","null","null","null","null","null","null","null",""
"2037","Snapple Lemon Tea","Blick, Hudson and Monahan","null","null","null","null","null","null","null","null","null","null","null",""
"2038","Rum - Mount Gay Eclipes","Blick, Hudson and Monahan","null","null","null","null","null","null","null","null","null","null","null",""
"2039","Rum - Mount Gay Eclipes","Blick, Hudson and Monahan","null","2019","5","2.0000","40.00","1","0","34.72","5.28","null","13.20000",""
"2040","Wine - George Duboeuf Rose","Blick, Hudson and Monahan","null","null","null","null","null","null","null","null","null","null","null",""
"2041","Wine - George Duboeuf Rose","Blick, Hudson and Monahan","null","null","null","null","null","null","null","null","null","null","null",""
"2042","Tomatoes - Heirloom","Blick, Hudson and Monahan","null","null","null","null","null","null","null","null","null","null","null",""
"2043","Tomatoes - Heirloom","Blick, Hudson and Monahan","null","2019","1","125.0000","1,414.00","11","0","1,183.80","230.20","null","16.28006",""
"2044","Wine - Red, Metus Rose","Blick, Hudson and Monahan","null","null","null","null","null","null","null","null","null","null","null",""
"2045","Wine - Red, Metus Rose","Blick, Hudson and Monahan","null","null","null","null","null","null","null","null","null","null","null",""
"2046","Wine - Red, Metus Rose","Blick, Hudson and Monahan","null","2019","2","105.0000","1,286.25","11","0","1,004.82","281.43","null","21.87988",""
"2047","Wine - Red, Metus Rose","Blick, Hudson and Monahan","null","null","null","null","null","null","null","null","null","null","null",""
"2048","Wine - Red, Metus Rose","Blick, Hudson and Monahan","null","2019","3","145.0000","1,770.00","13","0","1,392.06","377.94","null","21.35254",""
"2049","Wine - Red, Metus Rose","Blick, Hudson and Monahan","null","2019","4","130.0000","1,542.50","13","0","1,250.30","292.20","null","18.94327",""
"2050","Wine - Red, Metus Rose","Blick, Hudson and Monahan","null","2019","5","134.0000","1,715.00","11","1","1,296.04","345.46","null","21.04539",""
"2051","Wine - Red, Metus Rose","Blick, Hudson and Monahan","null","2019","6","135.0000","1,653.75","12","0","1,303.75","350.00","null","21.16402",""
"2052","Kippers - Smoked","Blick, Hudson and Monahan","null","null","null","null","null","null","null","null","null","null","null",""
"2053","Kippers - Smoked","Blick, Hudson and Monahan","null","2019","1","115.0000","2,287.50","13","0","1,667.50","620.00","null","27.10383",""
"2054","Fresh Portabella - 5lbs","Blick, Hudson and Monahan","null","null","null","null","null","null","null","null","null","null","null",""
"2055","Fresh Portabella - 5lbs","Blick, Hudson and Monahan","null","null","null","null","null","null","null","null","null","null","null",""
"2056","Fresh Portabella - 5lbs","Blick, Hudson and Monahan","null","2019","2","115.0000","2,082.50","15","0","1,690.25","392.25","null","18.83553",""
"2057","Fresh Portabella - 5lbs","Blick, Hudson and Monahan","null","null","null","null","null","null","null","null","null","null","null",""
"2058","Fresh Portabella - 5lbs","Blick, Hudson and Monahan","null","2019","3","140.0000","2,545.00","15","0","2,048.01","496.99","null","19.52809",""
"2059","Fresh Portabella - 5lbs","Blick, Hudson and Monahan","null","2019","4","128.0000","2,391.50","15","0","1,860.10","531.40","null","22.22036",""
"2060","Fresh Portabella - 5lbs","Blick, Hudson and Monahan","null","2019","5","106.0000","1,908.00","10","0","1,553.49","354.51","null","18.58019",""
"2061","Fresh Portabella - 5lbs","Blick, Hudson and Monahan","null","2019","6","100.0000","1,745.00","10","0","1,464.78","280.22","null","16.05845",""
"2062","Sugar - Palm","Blick, Hudson and Monahan","null","null","null","null","null","null","null","null","null","null","null",""
"2063","Sugar - Palm","Blick, Hudson and Monahan","null","2019","2","3.0000","75.00","1","0","51.63","23.37","null","31.16000",""
"2064","Tarragon - Fresh","Blick, Hudson and Monahan","null","null","null","null","null","null","null","null","null","null","null",""
"2065","Tarragon - Fresh","Blick, Hudson and Monahan","null","null","null","null","null","null","null","null","null","null","null",""
"2066","Lobster - Tail 6 Oz","Blick, Hudson and Monahan","null","null","null","null","null","null","null","null","null","null","null",""
"2067","Lobster - Tail 6 Oz","Blick, Hudson and Monahan","null","2019","1","26.0000","458.25","5","0","213.98","244.27","null","53.30496",""
"2068","Flour - Chickpea","Blick, Hudson and Monahan","null","null","null","null","null","null","null","null","null","null","null",""
"2069","Flour - Chickpea","Blick, Hudson and Monahan","null","null","null","null","null","null","null","null","null","null","null",""
"2070","Flour - Chickpea","Blick, Hudson and Monahan","null","2019","2","21.0000","378.00","5","0","172.83","205.17","null","54.27778",""
"2071","Flour - Chickpea","Blick, Hudson and Monahan","null","null","null","null","null","null","null","null","null","null","null",""
"2072","Flour - Chickpea","Blick, Hudson and Monahan","null","2019","3","43.0000","774.00","10","0","353.89","420.11","null","54.27778",""
"2073","Flour - Chickpea","Blick, Hudson and Monahan","null","2019","4","29.0000","518.00","7","0","238.67","279.33","null","53.92471",""
"2074","Flour - Chickpea","Blick, Hudson and Monahan","null","2019","5","35.0000","630.00","5","0","288.05","341.95","null","54.27778",""
"2075","Flour - Chickpea","Blick, Hudson and Monahan","null","2019","6","32.0000","573.50","7","0","263.36","310.14","null","54.07847",""
"2076","Hand Towel","Blick, Hudson and Monahan","null","null","null","null","null","null","null","null","null","null","null",""
"2077","Hand Towel","Blick, Hudson and Monahan","null","2019","2","3.0000","117.00","2","0","82.41","34.59","null","29.56410",""
"2078","Bulgar","Blick, Hudson and Monahan","null","null","null","null","null","null","null","null","null","null","null",""
"2079","Bulgar","Blick, Hudson and Monahan","null","null","null","null","null","null","null","null","null","null","null",""
"2080","Flour - Buckwheat, Dark","Blick, Hudson and Monahan","null","null","null","null","null","null","null","null","null","null","null",""
"2081","Flour - Buckwheat, Dark","Blick, Hudson and Monahan","null","2019","2","1.0000","43.50","1","0","28.94","14.56","null","33.47126",""
"2082","Fiddlehead - Frozen","Blick, Hudson and Monahan","null","null","null","null","null","null","null","null","null","null","null",""
"2083","Fiddlehead - Frozen","Blick, Hudson and Monahan","null","null","null","null","null","null","null","null","null","null","null",""
"2084","Wine - Periguita Fonseca","Blick, Hudson and Monahan","null","null","null","null","null","null","null","null","null","null","null",""
"2085","Wine - Periguita Fonseca","Blick, Hudson and Monahan","null","2019","1","17.0000","316.50","6","0","110.94","205.56","null","64.94787",""
"2086","Wild Mix 3#/cs","Blick, Hudson and Monahan","null","null","null","null","null","null","null","null","null","null","null",""
"2087","Wild Mix 3#/cs","Blick, Hudson and Monahan","null","null","null","null","null","null","null","null","null","null","null",""
"2088","Wild Mix 3#/cs","Blick, Hudson and Monahan","null","2019","2","19.0000","334.75","7","0","123.98","210.77","null","62.96341",""
"2089","Wild Mix 3#/cs","Blick, Hudson and Monahan","null","null","null","null","null","null","null","null","null","null","null",""
"2090","Wild Mix 3#/cs","Blick, Hudson and Monahan","null","2019","3","26.0000","459.00","10","0","169.65","289.35","null","63.03922",""
"2091","Wild Mix 3#/cs","Blick, Hudson and Monahan","null","2019","4","44.0000","764.75","10","0","287.11","477.64","null","62.45701",""
"2092","Wild Mix 3#/cs","Blick, Hudson and Monahan","null","2019","5","18.0000","319.50","6","0","117.46","202.04","null","63.23631",""
"2093","Wild Mix 3#/cs","Blick, Hudson and Monahan","null","2019","6","19.0000","337.25","7","0","123.98","213.27","null","63.23795",""
"2094","Pepper - Sorrano","Blick, Hudson and Monahan","null","null","null","null","null","null","null","null","null","null","null",""
"2095","Pepper - Sorrano","Blick, Hudson and Monahan","null","2019","1","3.0000","75.00","1","0","28.04","46.96","null","62.61333",""
"2096","Coffee Caramel Biscotti","Blick, Hudson and Monahan","null","null","null","null","null","null","null","null","null","null","null",""
"2097","Coffee Caramel Biscotti","Blick, Hudson and Monahan","null","null","null","null","null","null","null","null","null","null","null",""
"2098","Coffee Caramel Biscotti","Blick, Hudson and Monahan","null","2019","2","3.0000","75.00","1","0","28.04","46.96","null","62.61333",""
"2099","Coffee Caramel Biscotti","Blick, Hudson and Monahan","null","null","null","null","null","null","null","null","null","null","null",""
"2100","Wine - Sawmill Creek Autumn","Blick, Hudson and Monahan","null","null","null","null","null","null","null","null","null","null","null",""
"2101","Wine - Sawmill Creek Autumn","Blick, Hudson and Monahan","null","2019","1","10.0000","250.00","1","0","100.41","149.59","null","59.83600",""
"2102","Dried Juniper Berries 1#/pp","Blick, Hudson and Monahan","null","null","null","null","null","null","null","null","null","null","null",""
"2103","Dried Juniper Berries 1#/pp","Blick, Hudson and Monahan","null","null","null","null","null","null","null","null","null","null","null",""
"2104","Dried Juniper Berries 1#/pp","Blick, Hudson and Monahan","null","2019","3","10.0000","250.00","1","0","110.55","139.45","null","55.78000",""
"2105","Dried Juniper Berries 1#/pp","Blick, Hudson and Monahan","null","null","null","null","null","null","null","null","null","null","null",""
"2106","Dried Juniper Berries 1#/pp","Blick, Hudson and Monahan","null","2019","4","10.0000","250.00","1","0","110.55","139.45","null","55.78000",""
"2107","Cheese - Gouda","Blick, Hudson and Monahan","null","null","null","null","null","null","null","null","null","null","null",""
"2108","Cheese - Gouda","Blick, Hudson and Monahan","null","2019","3","2.0000","49.00","1","0","29.83","19.17","null","39.12245",""
"2109","Wine - White, Riesling, Henry Of","Blick, Hudson and Monahan","null","null","null","null","null","null","null","null","null","null","null",""
"2110","Wine - White, Riesling, Henry Of","Blick, Hudson and Monahan","null","null","null","null","null","null","null","null","null","null","null",""
"2111","Wine - White, Riesling, Henry Of","Blick, Hudson and Monahan","null","2019","5","3.0000","73.50","1","0","44.75","28.75","null","39.11565",""
"2112","Wine - White, Riesling, Henry Of","Blick, Hudson and Monahan","null","null","null","null","null","null","null","null","null","null","null",""
"2113","Cranberries - Frozen","Blick, Hudson and Monahan","null","null","null","null","null","null","null","null","null","null","null",""
"2114","Cranberries - Frozen","Blick, Hudson and Monahan","null","2019","1","8.0000","168.00","2","0","74.02","93.98","null","55.94048",""
"2115","V8 Pet","Blick, Hudson and Monahan","null","null","null","null","null","null","null","null","null","null","null",""
"2116","V8 Pet","Blick, Hudson and Monahan","null","null","null","null","null","null","null","null","null","null","null",""
"2117","V8 Pet","Blick, Hudson and Monahan","null","2019","2","2.0000","45.00","1","0","18.52","26.48","null","58.84444",""
"2118","V8 Pet","Blick, Hudson and Monahan","null","null","null","null","null","null","null","null","null","null","null",""
"2119","V8 Pet","Blick, Hudson and Monahan","null","2019","3","7.0000","157.50","2","0","85.09","72.41","null","45.97460",""
"2120","Pepper - Jalapeno","Blick, Hudson and Monahan","null","null","null","null","null","null","null","null","null","null","null",""
"2121","Pepper - Jalapeno","Blick, Hudson and Monahan","null","2019","5","65.0000","487.50","4","0","39.75","447.75","null","91.84615",""
"2122","Thyme - Fresh","Blick, Hudson and Monahan","null","null","null","null","null","null","null","null","null","null","null",""
"2123","Thyme - Fresh","Blick, Hudson and Monahan","null","null","null","null","null","null","null","null","null","null","null",""
"2124","Rye Special Old","Blick, Hudson and Monahan","null","null","null","null","null","null","null","null","null","null","null",""
"2125","Rye Special Old","Blick, Hudson and Monahan","null","2019","1","12.0000","222.00","2","0","162.76","59.24","null","26.68468",""
"2126","Fresh Cape Gooseberries 12 pp/cs","Blick, Hudson and Monahan","null","null","null","null","null","null","null","null","null","null","null",""
"2127","Fresh Cape Gooseberries 12 pp/cs","Blick, Hudson and Monahan","null","null","null","null","null","null","null","null","null","null","null",""
"2128","Fresh Cape Gooseberries 12 pp/cs","Blick, Hudson and Monahan","null","2019","5","10.0000","190.00","2","0","107.79","82.21","null","43.26842",""
"2129","Fresh Cape Gooseberries 12 pp/cs","Blick, Hudson and Monahan","null","null","null","null","null","null","null","null","null","null","null",""
"2130","Fresh Cape Gooseberries 12 pp/cs","Blick, Hudson and Monahan","null","null","null","null","null","null","null","null","null","null","null",""
"2131","null","null","Customer Total:","null","null","null","30,772.50","null","null","21,316.60","null","null","null",""
"2132","Fresh Cape Gooseberries 12 pp/cs","Blick, Hudson and Monahan","null","null","null","null","null","null","null","null","null","null","null",""
"2133","Fresh Cape Gooseberries 12 pp/cs","Keeling-O'Connell","null","null","null","null","null","null","null","null","null","null","null",""
"2134","Soupcontfoam16oz 116con","Keeling-O'Connell","null","null","null","null","null","null","null","null","null","null","null",""
"2135","Soupcontfoam16oz 116con","Keeling-O'Connell","null","2019","1","67.0000","1,742.00","8","0","1,150.73","591.27","null","33.94202",""
"2136","Lime Cordial - Roses","Keeling-O'Connell","null","null","null","null","null","null","null","null","null","null","null",""
"2137","Lime Cordial - Roses","Keeling-O'Connell","null","null","null","null","null","null","null","null","null","null","null",""
"2138","Lime Cordial - Roses","Keeling-O'Connell","null","2019","2","34.0000","884.00","4","0","592.41","291.59","null","32.98529",""
"2139","Lime Cordial - Roses","Keeling-O'Connell","null","null","null","null","null","null","null","null","null","null","null",""
"2140","Lime Cordial - Roses","Keeling-O'Connell","null","2019","3","43.0000","1,118.00","4","0","752.03","365.97","null","32.73435",""
"2141","Lime Cordial - Roses","Keeling-O'Connell","null","2019","4","48.0000","1,248.00","5","0","836.55","411.45","null","32.96875",""
"2142","Lime Cordial - Roses","Keeling-O'Connell","null","2019","5","53.0000","1,378.00","5","0","924.28","453.72","null","32.92598",""
"2143","Lime Cordial - Roses","Keeling-O'Connell","null","2019","6","48.0000","1,248.00","4","0","838.03","409.97","null","32.85016",""
"2144","Island Oasis - Cappucino Mix","Keeling-O'Connell","null","null","null","null","null","null","null","null","null","null","null",""
"2145","Island Oasis - Cappucino Mix","Keeling-O'Connell","null","2019","5","11.0000","167.97","1","0","100.26","67.71","null","40.31077",""
"2146","Tomato - Tricolor Cherry","Keeling-O'Connell","null","null","null","null","null","null","null","null","null","null","null",""
"2147","Tomato - Tricolor Cherry","Keeling-O'Connell","null","null","null","null","null","null","null","null","null","null","null",""
"2148","Beef - Bones, Marrow","Keeling-O'Connell","null","null","null","null","null","null","null","null","null","null","null",""
"2149","Beef - Bones, Marrow","Keeling-O'Connell","null","2019","1","16.0000","768.40","7","0","464.86","303.54","null","39.50286",""
"2150","Lamb - Ground","Keeling-O'Connell","null","null","null","null","null","null","null","null","null","null","null",""
"2151","Lamb - Ground","Keeling-O'Connell","null","null","null","null","null","null","null","null","null","null","null",""
"2152","Lamb - Ground","Keeling-O'Connell","null","2019","2","7.0000","392.70","3","0","223.39","169.31","null","43.11434",""
"2153","Lamb - Ground","Keeling-O'Connell","null","null","null","null","null","null","null","null","null","null","null",""
"2154","Lamb - Ground","Keeling-O'Connell","null","2019","3","10.0000","482.00","5","0","325.47","156.53","null","32.47510",""
"2155","Lamb - Ground","Keeling-O'Connell","null","2019","4","15.0000","840.00","5","0","492.54","347.46","null","41.36429",""
"2156","Lamb - Ground","Keeling-O'Connell","null","2019","5","11.0000","616.00","4","0","363.99","252.01","null","40.91071",""
"2157","Lamb - Ground","Keeling-O'Connell","null","2019","6","11.0000","616.00","4","0","365.99","250.01","null","40.58604",""
"2158","Hand Towel","Keeling-O'Connell","null","null","null","null","null","null","null","null","null","null","null",""
"2159","Hand Towel","Keeling-O'Connell","null","2019","1","35.0000","1,487.50","7","0","961.40","526.10","null","35.36807",""
"2160","Bulgar","Keeling-O'Connell","null","null","null","null","null","null","null","null","null","null","null",""
"2161","Bulgar","Keeling-O'Connell","null","null","null","null","null","null","null","null","null","null","null",""
"2162","Bulgar","Keeling-O'Connell","null","2019","2","21.0000","892.50","4","0","586.56","305.94","null","34.27899",""
"2163","Bulgar","Keeling-O'Connell","null","null","null","null","null","null","null","null","null","null","null",""
"2164","Bulgar","Keeling-O'Connell","null","2019","3","18.0000","765.00","4","0","534.84","230.16","null","30.08627",""
"2165","Bulgar","Keeling-O'Connell","null","2019","4","30.0000","1,275.00","5","0","909.66","365.34","null","28.65412",""
"2166","Bulgar","Keeling-O'Connell","null","2019","5","24.0000","1,020.00","4","0","726.30","293.70","null","28.79412",""
"2167","Bulgar","Keeling-O'Connell","null","2019","6","7.0000","297.50","1","0","210.06","87.44","null","29.39160",""
"2168","Flour - Buckwheat, Dark","Keeling-O'Connell","null","null","null","null","null","null","null","null","null","null","null",""
"2169","Flour - Buckwheat, Dark","Keeling-O'Connell","null","2019","1","37.0000","1,572.50","7","0","1,030.34","542.16","null","34.47758",""
"2170","Fiddlehead - Frozen","Keeling-O'Connell","null","null","null","null","null","null","null","null","null","null","null",""
"2171","Fiddlehead - Frozen","Keeling-O'Connell","null","null","null","null","null","null","null","null","null","null","null",""
"2172","Fiddlehead - Frozen","Keeling-O'Connell","null","2019","2","21.0000","892.50","4","0","608.96","283.54","null","31.76919",""
"2173","Fiddlehead - Frozen","Keeling-O'Connell","null","null","null","null","null","null","null","null","null","null","null",""
"2174","Fiddlehead - Frozen","Keeling-O'Connell","null","2019","3","18.0000","765.00","4","0","528.15","236.85","null","30.96078",""
"2175","Fiddlehead - Frozen","Keeling-O'Connell","null","2019","4","30.0000","1,275.00","5","0","900.47","374.53","null","29.37490",""
"2176","Fiddlehead - Frozen","Keeling-O'Connell","null","2019","5","24.0000","1,020.00","4","0","724.55","295.45","null","28.96569",""
"2177","Fiddlehead - Frozen","Keeling-O'Connell","null","2019","6","7.0000","297.50","1","0","213.07","84.43","null","28.37983",""
"2178","Cake - Pancake","Keeling-O'Connell","null","null","null","null","null","null","null","null","null","null","null",""
"2179","Cake - Pancake","Keeling-O'Connell","null","2019","2","2.0000","130.80","1","0","90.66","40.14","null","30.68807",""
"2180","Squid - Breaded","Keeling-O'Connell","null","null","null","null","null","null","null","null","null","null","null",""
"2181","Squid - Breaded","Keeling-O'Connell","null","null","null","null","null","null","null","null","null","null","null",""
"2182","null","null","Customer Total:","null","null","null","23,191.87","null","null","15,455.55","null","null","null",""
"2183","Squid - Breaded","Keeling-O'Connell","null","null","null","null","null","null","null","null","null","null","null",""
"2184","Squid - Breaded","Mraz Inc","null","null","null","null","null","null","null","null","null","null","null",""
"2185","Wine - Baron De Rothschild","Mraz Inc","null","null","null","null","null","null","null","null","null","null","null",""
"2186","Wine - Baron De Rothschild","Mraz Inc","null","2019","5","184.0000","4,084.00","2","0","4,962.77","-878.77","null","-21.51738",""
"2187","Fresh Morel 1kg","Mraz Inc","null","null","null","null","null","null","null","null","null","null","null",""
"2188","Fresh Morel 1kg","Mraz Inc","null","null","null","null","null","null","null","null","null","null","null",""
"2189","Fresh Morel 1kg","Mraz Inc","null","null","null","null","null","null","null","null","null","null","null",""
"2190","null","null","Customer Total:","null","null","null","4,084.00","null","null","4,962.77","null","null","null",""
"2191","Fresh Morel 1kg","Mraz Inc","null","null","null","null","null","null","null","null","null","null","null",""
"2192","Fresh Morel 1kg","Willms, Gulgowski and Jaskolski","null","null","null","null","null","null","null","null","null","null","null",""
"2193","Wine - Domaine Boyar Royal","Willms, Gulgowski and Jaskolski","null","null","null","null","null","null","null","null","null","null","null",""
"2194","Wine - Domaine Boyar Royal","Willms, Gulgowski and Jaskolski","null","2019","5","10.0000","300.00","1","0","199.54","100.46","null","33.48667",""
"2195","BC Wild Mix Powder 1#/pp","Willms, Gulgowski and Jaskolski","null","null","null","null","null","null","null","null","null","null","null",""
"2196","BC Wild Mix Powder 1#/pp","Willms, Gulgowski and Jaskolski","null","null","null","null","null","null","null","null","null","null","null",""
"2197","Mints - Striped Red","Willms, Gulgowski and Jaskolski","null","null","null","null","null","null","null","null","null","null","null",""
"2198","Mints - Striped Red","Willms, Gulgowski and Jaskolski","null","2019","5","2.0000","277.00","1","0","2,000.20","-1,723.20","null","-622.09386",""
"2199","Dried Wild Mix 5lb","Willms, Gulgowski and Jaskolski","null","null","null","null","null","null","null","null","null","null","null",""
"2200","Dried Wild Mix 5lb","Willms, Gulgowski and Jaskolski","null","null","null","null","null","null","null","null","null","null","null",""
"2201","Dried Wild Mix 5lb","Willms, Gulgowski and Jaskolski","null","null","null","null","null","null","null","null","null","null","null",""
"2202","null","null","Customer Total:","null","null","null","577.00","null","null","2,199.74","null","null","null",""
"2203","Dried Wild Mix 5lb","Willms, Gulgowski and Jaskolski","null","null","null","null","null","null","null","null","null","null","null",""
"2204","Dried Wild Mix 5lb","Herzog-Gusikowski","null","null","null","null","null","null","null","null","null","null","null",""
"2205","Dc - Sakura Fu","Herzog-Gusikowski","null","null","null","null","null","null","null","null","null","null","null",""
"2206","Dc - Sakura Fu","Herzog-Gusikowski","null","2019","4","2.0000","36.00","1","0","34.59","1.41","null","3.91667",""
"2207","Filling - Mince Meat","Herzog-Gusikowski","null","null","null","null","null","null","null","null","null","null","null",""
"2208","Filling - Mince Meat","Herzog-Gusikowski","null","null","null","null","null","null","null","null","null","null","null",""
"2209","Filling - Mince Meat","Herzog-Gusikowski","null","2019","5","39.0000","702.00","5","0","674.53","27.47","null","3.91311",""
"2210","Filling - Mince Meat","Herzog-Gusikowski","null","null","null","null","null","null","null","null","null","null","null",""
"2211","Filling - Mince Meat","Herzog-Gusikowski","null","2019","6","10.0000","180.00","4","0","174.44","5.56","null","3.08889",""
"2212","Kippers - Smoked","Herzog-Gusikowski","null","null","null","null","null","null","null","null","null","null","null",""
"2213","Kippers - Smoked","Herzog-Gusikowski","null","2019","1","11.0000","203.50","4","0","159.50","44.00","null","21.62162",""
"2214","Fresh Portabella - 5lbs","Herzog-Gusikowski","null","null","null","null","null","null","null","null","null","null","null",""
"2215","Fresh Portabella - 5lbs","Herzog-Gusikowski","null","null","null","null","null","null","null","null","null","null","null",""
"2216","Fresh Portabella - 5lbs","Herzog-Gusikowski","null","2019","2","8.0000","148.00","2","0","116.72","31.28","null","21.13514",""
"2217","Fresh Portabella - 5lbs","Herzog-Gusikowski","null","null","null","null","null","null","null","null","null","null","null",""
"2218","Fresh Portabella - 5lbs","Herzog-Gusikowski","null","2019","3","5.0000","92.50","3","0","73.28","19.22","null","20.77838",""
"2219","Fresh Portabella - 5lbs","Herzog-Gusikowski","null","2019","4","60.0000","1,552.00","9","1","872.28","279.72","null","24.28125",""
"2220","Fresh Portabella - 5lbs","Herzog-Gusikowski","null","2019","5","184.0000","3,585.50","17","0","2,684.90","900.60","null","25.11784",""
"2221","Fresh Portabella - 5lbs","Herzog-Gusikowski","null","2019","6","130.0000","2,605.75","16","0","1,901.98","703.77","null","27.00835",""
"2222","Sugar - Palm","Herzog-Gusikowski","null","null","null","null","null","null","null","null","null","null","null",""
"2223","Sugar - Palm","Herzog-Gusikowski","null","2019","1","59.0000","1,475.00","9","0","989.54","485.46","null","32.91254",""
"2224","Tarragon - Fresh","Herzog-Gusikowski","null","null","null","null","null","null","null","null","null","null","null",""
"2225","Tarragon - Fresh","Herzog-Gusikowski","null","null","null","null","null","null","null","null","null","null","null",""
"2226","Tarragon - Fresh","Herzog-Gusikowski","null","2019","2","18.0000","450.00","3","0","313.30","136.70","null","30.37778",""
"2227","Tarragon - Fresh","Herzog-Gusikowski","null","null","null","null","null","null","null","null","null","null","null",""
"2228","Tarragon - Fresh","Herzog-Gusikowski","null","2019","3","72.0000","1,800.00","8","0","1,294.32","505.68","null","28.09333",""
"2229","Tarragon - Fresh","Herzog-Gusikowski","null","2019","4","22.0000","625.00","5","1","404.75","145.25","null","26.40909",""
"2230","Tarragon - Fresh","Herzog-Gusikowski","null","2019","5","84.0000","2,100.00","13","0","1,565.63","534.37","null","25.44619",""
"2231","Tarragon - Fresh","Herzog-Gusikowski","null","2019","6","26.0000","650.00","6","0","487.95","162.05","null","24.93077",""
"2232","Lobster - Tail 6 Oz","Herzog-Gusikowski","null","null","null","null","null","null","null","null","null","null","null",""
"2233","Lobster - Tail 6 Oz","Herzog-Gusikowski","null","2019","4","3.0000","66.00","1","0","24.69","41.31","null","62.59091",""
"2234","Flour - Chickpea","Herzog-Gusikowski","null","null","null","null","null","null","null","null","null","null","null",""
"2235","Flour - Chickpea","Herzog-Gusikowski","null","null","null","null","null","null","null","null","null","null","null",""
"2236","Beef - Bones, Marrow","Herzog-Gusikowski","null","null","null","null","null","null","null","null","null","null","null",""
"2237","Beef - Bones, Marrow","Herzog-Gusikowski","null","2019","4","6.0000","810.00","3","2","197.07","126.93","null","39.17593",""
"2238","Lamb - Ground","Herzog-Gusikowski","null","null","null","null","null","null","null","null","null","null","null",""
"2239","Lamb - Ground","Herzog-Gusikowski","null","null","null","null","null","null","null","null","null","null","null",""
"2240","Lamb - Ground","Herzog-Gusikowski","null","2019","5","89.0000","4,794.00","9","0","2,931.60","1,862.40","null","38.84856",""
"2241","Lamb - Ground","Herzog-Gusikowski","null","null","null","null","null","null","null","null","null","null","null",""
"2242","Lamb - Ground","Herzog-Gusikowski","null","2019","6","37.0000","1,998.00","7","0","1,231.59","766.41","null","38.35886",""
"2243","Wine - White, Antinore Orvieto","Herzog-Gusikowski","null","null","null","null","null","null","null","null","null","null","null",""
"2244","Wine - White, Antinore Orvieto","Herzog-Gusikowski","null","2019","1","100.0000","2,180.00","9","0","791.30","1,388.70","null","63.70183",""
"2245","Wine - Vineland Estate Semi - Dry","Herzog-Gusikowski","null","null","null","null","null","null","null","null","null","null","null",""
"2246","Wine - Vineland Estate Semi - Dry","Herzog-Gusikowski","null","null","null","null","null","null","null","null","null","null","null",""
"2247","Wine - Vineland Estate Semi - Dry","Herzog-Gusikowski","null","2019","2","33.0000","719.40","3","0","261.14","458.26","null","63.70031",""
"2248","Wine - Vineland Estate Semi - Dry","Herzog-Gusikowski","null","null","null","null","null","null","null","null","null","null","null",""
"2249","Wine - Vineland Estate Semi - Dry","Herzog-Gusikowski","null","2019","3","56.0000","1,220.80","4","0","443.14","777.66","null","63.70085",""
"2250","Wine - Vineland Estate Semi - Dry","Herzog-Gusikowski","null","2019","4","110.0000","2,398.00","8","0","870.45","1,527.55","null","63.70100",""
"2251","Wine - Vineland Estate Semi - Dry","Herzog-Gusikowski","null","2019","5","141.0000","3,073.80","10","0","1,115.75","1,958.05","null","63.70128",""
"2252","Wine - Vineland Estate Semi - Dry","Herzog-Gusikowski","null","2019","6","122.0000","2,091.20","8","0","965.39","1,125.81","null","53.83560",""
"2253","Flour - Masa De Harina Mexican","Herzog-Gusikowski","null","null","null","null","null","null","null","null","null","null","null",""
"2254","Flour - Masa De Harina Mexican","Herzog-Gusikowski","null","2019","5","12.0000","222.25","3","0","212.44","9.81","null","4.41395",""
"2255","Container - Clear 16 Oz","Herzog-Gusikowski","null","null","null","null","null","null","null","null","null","null","null",""
"2256","Container - Clear 16 Oz","Herzog-Gusikowski","null","null","null","null","null","null","null","null","null","null","null",""
"2257","Hand Towel","Herzog-Gusikowski","null","null","null","null","null","null","null","null","null","null","null",""
"2258","Hand Towel","Herzog-Gusikowski","null","2019","2","2.0000","78.00","2","0","54.94","23.06","null","29.56410",""
"2259","Bulgar","Herzog-Gusikowski","null","null","null","null","null","null","null","null","null","null","null",""
"2260","Bulgar","Herzog-Gusikowski","null","null","null","null","null","null","null","null","null","null","null",""
"2261","Bulgar","Herzog-Gusikowski","null","2019","3","7.0000","382.90","1","0","206.36","176.54","null","46.10603",""
"2262","Bulgar","Herzog-Gusikowski","null","null","null","null","null","null","null","null","null","null","null",""
"2263","Flour - Buckwheat, Dark","Herzog-Gusikowski","null","null","null","null","null","null","null","null","null","null","null",""
"2264","Flour - Buckwheat, Dark","Herzog-Gusikowski","null","2019","2","2.0000","96.00","1","0","57.77","38.23","null","39.82292",""
"2265","Fiddlehead - Frozen","Herzog-Gusikowski","null","null","null","null","null","null","null","null","null","null","null",""
"2266","Fiddlehead - Frozen","Herzog-Gusikowski","null","null","null","null","null","null","null","null","null","null","null",""
"2267","Mix Pina Colada","Herzog-Gusikowski","null","null","null","null","null","null","null","null","null","null","null",""
"2268","Mix Pina Colada","Herzog-Gusikowski","null","2019","4","0.0000","112.00","1","1","0.00","0.00","null","0.00000",""
"2269","Lidsoupcont Rp12dn","Herzog-Gusikowski","null","null","null","null","null","null","null","null","null","null","null",""
"2270","Lidsoupcont Rp12dn","Herzog-Gusikowski","null","null","null","null","null","null","null","null","null","null","null",""
"2271","Lidsoupcont Rp12dn","Herzog-Gusikowski","null","2019","5","56.0000","752.00","8","0","217.03","534.97","null","71.13963",""
"2272","Lidsoupcont Rp12dn","Herzog-Gusikowski","null","null","null","null","null","null","null","null","null","null","null",""
"2273","Lidsoupcont Rp12dn","Herzog-Gusikowski","null","2019","6","28.0000","392.00","4","0","108.50","283.50","null","72.32143",""
"2274","Butter - Salted, Micro","Herzog-Gusikowski","null","null","null","null","null","null","null","null","null","null","null",""
"2275","Butter - Salted, Micro","Herzog-Gusikowski","null","2019","5","0.0000","14.00","1","1","0.00","0.00","null","0.00000",""
"2276","Fresh Chanterelle 1lb","Herzog-Gusikowski","null","null","null","null","null","null","null","null","null","null","null",""
"2277","Fresh Chanterelle 1lb","Herzog-Gusikowski","null","null","null","null","null","null","null","null","null","null","null",""
"2278","Icecream Cone - Areo Chocolate","Herzog-Gusikowski","null","null","null","null","null","null","null","null","null","null","null",""
"2279","Icecream Cone - Areo Chocolate","Herzog-Gusikowski","null","2019","1","7.0000","127.40","4","0","47.18","80.22","null","62.96703",""
"2280","Cheese - Camembert","Herzog-Gusikowski","null","null","null","null","null","null","null","null","null","null","null",""
"2281","Cheese - Camembert","Herzog-Gusikowski","null","null","null","null","null","null","null","null","null","null","null",""
"2282","Cheese - Camembert","Herzog-Gusikowski","null","2019","2","8.0000","145.60","3","0","53.92","91.68","null","62.96703",""
"2283","Cheese - Camembert","Herzog-Gusikowski","null","null","null","null","null","null","null","null","null","null","null",""
"2284","Cheese - Camembert","Herzog-Gusikowski","null","2019","3","10.0000","182.00","4","0","67.40","114.60","null","62.96703",""
"2285","Cheese - Camembert","Herzog-Gusikowski","null","2019","4","9.0000","219.40","5","1","60.66","149.14","null","71.08675",""
"2286","Cheese - Camembert","Herzog-Gusikowski","null","2019","5","10.0000","182.00","5","0","67.40","114.60","null","62.96703",""
"2287","Wine - Periguita Fonseca","Herzog-Gusikowski","null","null","null","null","null","null","null","null","null","null","null",""
"2288","Wine - Periguita Fonseca","Herzog-Gusikowski","null","2019","3","3.0000","66.00","1","0","19.58","46.42","null","70.33333",""
"2289","Wild Mix 3#/cs","Herzog-Gusikowski","null","null","null","null","null","null","null","null","null","null","null",""
"2290","Wild Mix 3#/cs","Herzog-Gusikowski","null","null","null","null","null","null","null","null","null","null","null",""
"2291","Wild Mix 3#/cs","Herzog-Gusikowski","null","2019","5","3.0000","66.00","1","0","19.58","46.42","null","70.33333",""
"2292","Wild Mix 3#/cs","Herzog-Gusikowski","null","null","null","null","null","null","null","null","null","null","null",""
"2293","Bread Country Roll","Herzog-Gusikowski","null","null","null","null","null","null","null","null","null","null","null",""
"2294","Bread Country Roll","Herzog-Gusikowski","null","2019","1","7.0000","116.90","4","0","87.24","29.66","null","25.37211",""
"2295","Juice - Apple Cider","Herzog-Gusikowski","null","null","null","null","null","null","null","null","null","null","null",""
"2296","Juice - Apple Cider","Herzog-Gusikowski","null","null","null","null","null","null","null","null","null","null","null",""
"2297","Juice - Apple Cider","Herzog-Gusikowski","null","2019","2","8.0000","133.60","3","0","99.71","33.89","null","25.36677",""
"2298","Juice - Apple Cider","Herzog-Gusikowski","null","null","null","null","null","null","null","null","null","null","null",""
"2299","Juice - Apple Cider","Herzog-Gusikowski","null","2019","3","10.0000","167.00","4","0","124.64","42.36","null","25.36527",""
"2300","Juice - Apple Cider","Herzog-Gusikowski","null","2019","4","9.0000","255.50","6","1","112.18","106.72","null","48.75286",""
"2301","Juice - Apple Cider","Herzog-Gusikowski","null","2019","5","12.0000","200.40","6","0","149.57","50.83","null","25.36427",""
"2302","Pepper - Jalapeno","Herzog-Gusikowski","null","null","null","null","null","null","null","null","null","null","null",""
"2303","Pepper - Jalapeno","Herzog-Gusikowski","null","2019","5","8.0000","60.00","1","0","46.40","13.60","null","22.66667",""
"2304","Thyme - Fresh","Herzog-Gusikowski","null","null","null","null","null","null","null","null","null","null","null",""
"2305","Thyme - Fresh","Herzog-Gusikowski","null","null","null","null","null","null","null","null","null","null","null",""
"2306","Thyme - Fresh","Herzog-Gusikowski","null","2019","6","2.0000","16.00","2","0","11.10","4.90","null","30.62500",""
"2307","Thyme - Fresh","Herzog-Gusikowski","null","null","null","null","null","null","null","null","null","null","null",""
"2308","Tea - Lemon Scented","Herzog-Gusikowski","null","null","null","null","null","null","null","null","null","null","null",""
"2309","Tea - Lemon Scented","Herzog-Gusikowski","null","2019","5","1.0000","0.00","1","0","8.75","-8.75","null","0.00000",""
"2310","Syrup - Monin - Blue Curacao","Herzog-Gusikowski","null","null","null","null","null","null","null","null","null","null","null",""
"2311","Syrup - Monin - Blue Curacao","Herzog-Gusikowski","null","null","null","null","null","null","null","null","null","null","null",""
"2312","Syrup - Monin - Blue Curacao","Herzog-Gusikowski","null","null","null","null","null","null","null","null","null","null","null",""
"2313","null","null","Customer Total:","null","null","null","39,543.40","null","null","22,412.18","null","null","null",""
"2314","Syrup - Monin - Blue Curacao","Herzog-Gusikowski","null","null","null","null","null","null","null","null","null","null","null",""
"2315","Syrup - Monin - Blue Curacao","Bernhard, Gorczany and Prosacco","null","null","null","null","null","null","null","null","null","null","null",""
"2316","Wine - Periguita Fonseca","Bernhard, Gorczany and Prosacco","null","null","null","null","null","null","null","null","null","null","null",""
"2317","Wine - Periguita Fonseca","Bernhard, Gorczany and Prosacco","null","2019","1","185.0000","2,960.00","8","0","1,207.13","1,752.87","null","59.21858",""
"2318","Wild Mix 3#/cs","Bernhard, Gorczany and Prosacco","null","null","null","null","null","null","null","null","null","null","null",""
"2319","Wild Mix 3#/cs","Bernhard, Gorczany and Prosacco","null","null","null","null","null","null","null","null","null","null","null",""
"2320","Wild Mix 3#/cs","Bernhard, Gorczany and Prosacco","null","2019","2","175.0000","2,800.00","7","0","1,141.89","1,658.11","null","59.21821",""
"2321","Wild Mix 3#/cs","Bernhard, Gorczany and Prosacco","null","null","null","null","null","null","null","null","null","null","null",""
"2322","Wild Mix 3#/cs","Bernhard, Gorczany and Prosacco","null","2019","3","170.0000","2,720.00","7","0","1,109.27","1,610.73","null","59.21801",""
"2323","Wild Mix 3#/cs","Bernhard, Gorczany and Prosacco","null","2019","4","190.0000","3,040.00","7","0","1,239.77","1,800.23","null","59.21809",""
"2324","Wild Mix 3#/cs","Bernhard, Gorczany and Prosacco","null","2019","5","200.0000","3,200.00","7","0","1,305.02","1,894.98","null","59.21813",""
"2325","Wild Mix 3#/cs","Bernhard, Gorczany and Prosacco","null","2019","6","290.0000","4,820.00","8","0","1,892.28","2,927.72","null","60.74108",""
"2326","Pepper - Sorrano","Bernhard, Gorczany and Prosacco","null","null","null","null","null","null","null","null","null","null","null",""
"2327","Pepper - Sorrano","Bernhard, Gorczany and Prosacco","null","2019","1","9.0000","94.68","2","0","84.13","10.55","null","11.14280",""
"2328","Coffee Caramel Biscotti","Bernhard, Gorczany and Prosacco","null","null","null","null","null","null","null","null","null","null","null",""
"2329","Coffee Caramel Biscotti","Bernhard, Gorczany and Prosacco","null","null","null","null","null","null","null","null","null","null","null",""
"2330","Coffee Caramel Biscotti","Bernhard, Gorczany and Prosacco","null","2019","2","27.0000","284.04","6","0","252.39","31.65","null","11.14280",""
"2331","Coffee Caramel Biscotti","Bernhard, Gorczany and Prosacco","null","null","null","null","null","null","null","null","null","null","null",""
"2332","Coffee Caramel Biscotti","Bernhard, Gorczany and Prosacco","null","2019","3","18.0000","189.36","3","0","168.26","21.10","null","11.14280",""
"2333","Coffee Caramel Biscotti","Bernhard, Gorczany and Prosacco","null","2019","4","14.0000","147.28","3","0","130.87","16.41","null","11.14204",""
"2334","Coffee Caramel Biscotti","Bernhard, Gorczany and Prosacco","null","2019","5","67.0000","704.84","7","0","626.29","78.55","null","11.14437",""
"2335","Coffee Caramel Biscotti","Bernhard, Gorczany and Prosacco","null","2019","6","53.0000","557.56","6","0","495.43","62.13","null","11.14320",""
"2336","Wine - Fat Bastard Merlot","Bernhard, Gorczany and Prosacco","null","null","null","null","null","null","null","null","null","null","null",""
"2337","Wine - Fat Bastard Merlot","Bernhard, Gorczany and Prosacco","null","2019","3","1.0000","17.00","1","0","5.89","11.11","null","65.35294",""
"2338","Tahini Paste","Bernhard, Gorczany and Prosacco","null","null","null","null","null","null","null","null","null","null","null",""
"2339","Tahini Paste","Bernhard, Gorczany and Prosacco","null","null","null","null","null","null","null","null","null","null","null",""
"2340","Nut - Walnut, Pieces","Bernhard, Gorczany and Prosacco","null","null","null","null","null","null","null","null","null","null","null",""
"2341","Nut - Walnut, Pieces","Bernhard, Gorczany and Prosacco","null","2019","1","119.0000","6,307.00","8","0","3,332.00","2,975.00","null","47.16981",""
"2342","Table Cloth 120 Round White","Bernhard, Gorczany and Prosacco","null","null","null","null","null","null","null","null","null","null","null",""
"2343","Table Cloth 120 Round White","Bernhard, Gorczany and Prosacco","null","null","null","null","null","null","null","null","null","null","null",""
"2344","Table Cloth 120 Round White","Bernhard, Gorczany and Prosacco","null","2019","2","51.0000","2,703.00","6","0","1,428.00","1,275.00","null","47.16981",""
"2345","Table Cloth 120 Round White","Bernhard, Gorczany and Prosacco","null","null","null","null","null","null","null","null","null","null","null",""
"2346","Table Cloth 120 Round White","Bernhard, Gorczany and Prosacco","null","2019","3","90.0000","4,770.00","7","0","2,520.00","2,250.00","null","47.16981",""
"2347","Table Cloth 120 Round White","Bernhard, Gorczany and Prosacco","null","2019","4","121.0000","6,413.00","7","0","3,577.13","2,835.87","null","44.22065",""
"2348","Table Cloth 120 Round White","Bernhard, Gorczany and Prosacco","null","2019","5","98.0000","5,194.00","6","0","3,784.49","1,409.51","null","27.13727",""
"2349","Table Cloth 120 Round White","Bernhard, Gorczany and Prosacco","null","2019","6","110.0000","5,830.00","7","0","5,383.62","446.38","null","7.65660",""
"2350","Cranberries - Frozen","Bernhard, Gorczany and Prosacco","null","null","null","null","null","null","null","null","null","null","null",""
"2351","Cranberries - Frozen","Bernhard, Gorczany and Prosacco","null","2019","2","4.0000","212.00","1","0","37.03","174.97","null","82.53302",""
"2352","V8 Pet","Bernhard, Gorczany and Prosacco","null","null","null","null","null","null","null","null","null","null","null",""
"2353","V8 Pet","Bernhard, Gorczany and Prosacco","null","null","null","null","null","null","null","null","null","null","null",""
"2354","V8 Pet","Bernhard, Gorczany and Prosacco","null","2019","5","5.0000","100.00","1","0","49.17","50.83","null","50.83000",""
"2355","V8 Pet","Bernhard, Gorczany and Prosacco","null","null","null","null","null","null","null","null","null","null","null",""
"2356","Chickhen - Chicken Phyllo","Bernhard, Gorczany and Prosacco","null","null","null","null","null","null","null","null","null","null","null",""
"2357","Chickhen - Chicken Phyllo","Bernhard, Gorczany and Prosacco","null","2019","3","40.0000","1,872.00","1","0","951.30","920.70","null","49.18269",""
"2358","Tea - Lemon Green Tea","Bernhard, Gorczany and Prosacco","null","null","null","null","null","null","null","null","null","null","null",""
"2359","Tea - Lemon Green Tea","Bernhard, Gorczany and Prosacco","null","null","null","null","null","null","null","null","null","null","null",""
"2360","Tea - Lemon Green Tea","Bernhard, Gorczany and Prosacco","null","2019","5","34.0000","1,591.20","1","0","808.61","782.59","null","49.18238",""
"2361","Tea - Lemon Green Tea","Bernhard, Gorczany and Prosacco","null","null","null","null","null","null","null","null","null","null","null",""
"2362","Soup - Campbells","Bernhard, Gorczany and Prosacco","null","null","null","null","null","null","null","null","null","null","null",""
"2363","Soup - Campbells","Bernhard, Gorczany and Prosacco","null","2019","5","20.0000","992.00","1","0","280.36","711.64","null","71.73790",""
"2364","Snapple Lemon Tea","Bernhard, Gorczany and Prosacco","null","null","null","null","null","null","null","null","null","null","null",""
"2365","Snapple Lemon Tea","Bernhard, Gorczany and Prosacco","null","null","null","null","null","null","null","null","null","null","null",""
"2366","Snapple Lemon Tea","Bernhard, Gorczany and Prosacco","null","null","null","null","null","null","null","null","null","null","null",""
"2367","null","null","Customer Total:","null","null","null","57,518.96","null","null","31,810.33","null","null","null",""
"2368","Snapple Lemon Tea","Bernhard, Gorczany and Prosacco","null","null","null","null","null","null","null","null","null","null","null",""
"2369","Snapple Lemon Tea","Davis-Roob","null","null","null","null","null","null","null","null","null","null","null",""
"2370","Cookies - Amaretto","Davis-Roob","null","null","null","null","null","null","null","null","null","null","null",""
"2371","Cookies - Amaretto","Davis-Roob","null","2019","2","5.0000","57.50","2","0","25.45","32.05","null","55.73913",""
"2372","Island Oasis - Magarita Mix","Davis-Roob","null","null","null","null","null","null","null","null","null","null","null",""
"2373","Island Oasis - Magarita Mix","Davis-Roob","null","null","null","null","null","null","null","null","null","null","null",""
"2374","Island Oasis - Magarita Mix","Davis-Roob","null","2019","3","2.0000","23.00","2","0","10.18","12.82","null","55.73913",""
"2375","Island Oasis - Magarita Mix","Davis-Roob","null","null","null","null","null","null","null","null","null","null","null",""
"2376","Island Oasis - Magarita Mix","Davis-Roob","null","2019","4","8.0000","92.00","4","0","40.72","51.28","null","55.73913",""
"2377","Island Oasis - Magarita Mix","Davis-Roob","null","2019","5","2.0000","23.00","1","0","10.18","12.82","null","55.73913",""
"2378","Island Oasis - Magarita Mix","Davis-Roob","null","2019","6","4.0000","46.00","3","0","20.36","25.64","null","55.73913",""
"2379","Tomatoes","Davis-Roob","null","null","null","null","null","null","null","null","null","null","null",""
"2380","Tomatoes","Davis-Roob","null","2019","1","66.0000","951.50","13","0","264.57","686.93","null","72.19443",""
"2381","Chinese Foods - Plain Fried Rice","Davis-Roob","null","null","null","null","null","null","null","null","null","null","null",""
"2382","Chinese Foods - Plain Fried Rice","Davis-Roob","null","null","null","null","null","null","null","null","null","null","null",""
"2383","Chinese Foods - Plain Fried Rice","Davis-Roob","null","2019","2","43.0000","709.50","10","0","172.40","537.10","null","75.70120",""
"2384","Chinese Foods - Plain Fried Rice","Davis-Roob","null","null","null","null","null","null","null","null","null","null","null",""
"2385","Chinese Foods - Plain Fried Rice","Davis-Roob","null","2019","3","52.0000","858.00","10","0","208.46","649.54","null","75.70396",""
"2386","Chinese Foods - Plain Fried Rice","Davis-Roob","null","2019","4","20.0000","330.00","6","0","80.19","249.81","null","75.70000",""
"2387","Chinese Foods - Plain Fried Rice","Davis-Roob","null","2019","5","42.0000","693.00","10","0","168.38","524.62","null","75.70274",""
"2388","Chinese Foods - Plain Fried Rice","Davis-Roob","null","2019","6","38.0000","627.00","11","0","152.35","474.65","null","75.70175",""
"2389","Mix Pina Colada","Davis-Roob","null","null","null","null","null","null","null","null","null","null","null",""
"2390","Mix Pina Colada","Davis-Roob","null","2019","1","17.0000","269.75","9","0","65.88","203.87","null","75.57739",""
"2391","Lidsoupcont Rp12dn","Davis-Roob","null","null","null","null","null","null","null","null","null","null","null",""
"2392","Lidsoupcont Rp12dn","Davis-Roob","null","null","null","null","null","null","null","null","null","null","null",""
"2393","Lidsoupcont Rp12dn","Davis-Roob","null","2019","2","22.0000","365.50","11","0","85.25","280.25","null","76.67579",""
"2394","Lidsoupcont Rp12dn","Davis-Roob","null","null","null","null","null","null","null","null","null","null","null",""
"2395","Lidsoupcont Rp12dn","Davis-Roob","null","2019","3","13.0000","217.75","6","0","50.38","167.37","null","76.86338",""
"2396","Lidsoupcont Rp12dn","Davis-Roob","null","2019","4","10.0000","167.00","5","0","38.75","128.25","null","76.79641",""
"2397","Lidsoupcont Rp12dn","Davis-Roob","null","2019","5","17.0000","284.25","8","0","65.88","218.37","null","76.82322",""
"2398","Lidsoupcont Rp12dn","Davis-Roob","null","2019","6","21.0000","351.75","9","0","81.39","270.36","null","76.86141",""
"2399","Wine - Muscadet Sur Lie","Davis-Roob","null","null","null","null","null","null","null","null","null","null","null",""
"2400","Wine - Muscadet Sur Lie","Davis-Roob","null","2019","5","1.0000","20.00","1","0","8.30","11.70","null","58.50000",""
"2401","Pork - Ham, Virginia","Davis-Roob","null","null","null","null","null","null","null","null","null","null","null",""
"2402","Pork - Ham, Virginia","Davis-Roob","null","null","null","null","null","null","null","null","null","null","null",""
"2403","Raspberries - Frozen","Davis-Roob","null","null","null","null","null","null","null","null","null","null","null",""
"2404","Raspberries - Frozen","Davis-Roob","null","2019","1","73.0000","1,449.00","10","0","554.91","894.09","null","61.70393",""
"2405","Lemonade - Natural, 591 Ml","Davis-Roob","null","null","null","null","null","null","null","null","null","null","null",""
"2406","Lemonade - Natural, 591 Ml","Davis-Roob","null","null","null","null","null","null","null","null","null","null","null",""
"2407","Lemonade - Natural, 591 Ml","Davis-Roob","null","2019","2","79.0000","1,638.00","12","0","600.52","1,037.48","null","63.33822",""
"2408","Lemonade - Natural, 591 Ml","Davis-Roob","null","null","null","null","null","null","null","null","null","null","null",""
"2409","Lemonade - Natural, 591 Ml","Davis-Roob","null","2019","3","77.0000","1,617.00","12","0","585.35","1,031.65","null","63.80025",""
"2410","Lemonade - Natural, 591 Ml","Davis-Roob","null","2019","4","73.0000","1,533.00","8","0","554.91","978.09","null","63.80235",""
"2411","Lemonade - Natural, 591 Ml","Davis-Roob","null","2019","5","65.0000","1,365.00","8","0","494.10","870.90","null","63.80220",""
"2412","Lemonade - Natural, 591 Ml","Davis-Roob","null","2019","6","60.0000","1,260.00","11","0","456.09","803.91","null","63.80238",""
"2413","Wine - Periguita Fonseca","Davis-Roob","null","null","null","null","null","null","null","null","null","null","null",""
"2414","Wine - Periguita Fonseca","Davis-Roob","null","2019","1","328.0000","6,314.00","18","1","2,146.75","4,146.25","null","65.88670",""
"2415","Wild Mix 3#/cs","Davis-Roob","null","null","null","null","null","null","null","null","null","null","null",""
"2416","Wild Mix 3#/cs","Davis-Roob","null","null","null","null","null","null","null","null","null","null","null",""
"2417","Wild Mix 3#/cs","Davis-Roob","null","2019","2","287.0000","5,978.00","13","0","1,872.70","4,105.30","null","68.67347",""
"2418","Wild Mix 3#/cs","Davis-Roob","null","null","null","null","null","null","null","null","null","null","null",""
"2419","Wild Mix 3#/cs","Davis-Roob","null","2019","3","315.0000","6,457.50","14","0","2,055.41","4,402.09","null","68.17019",""
"2420","Wild Mix 3#/cs","Davis-Roob","null","2019","4","231.0000","4,735.50","10","0","1,507.31","3,228.19","null","68.16999",""
"2421","Wild Mix 3#/cs","Davis-Roob","null","2019","5","367.0000","7,523.50","17","0","2,394.70","5,128.80","null","68.17040",""
"2422","Wild Mix 3#/cs","Davis-Roob","null","2019","6","287.0000","5,883.50","14","0","1,872.69","4,010.81","null","68.17048",""
"2423","Cheese - Goat With Herbs","Davis-Roob","null","null","null","null","null","null","null","null","null","null","null",""
"2424","Cheese - Goat With Herbs","Davis-Roob","null","2019","2","1.0000","36.50","1","0","14.20","22.30","null","61.09589",""
"2425","Dried Portabello 1#/pp","Davis-Roob","null","null","null","null","null","null","null","null","null","null","null",""
"2426","Dried Portabello 1#/pp","Davis-Roob","null","null","null","null","null","null","null","null","null","null","null",""
"2427","Beans - Wax","Davis-Roob","null","null","null","null","null","null","null","null","null","null","null",""
"2428","Beans - Wax","Davis-Roob","null","2019","1","3.0000","59.25","3","0","18.96","40.29","null","68.00000",""
"2429","Pepper - Cubanelle","Davis-Roob","null","null","null","null","null","null","null","null","null","null","null",""
"2430","Pepper - Cubanelle","Davis-Roob","null","null","null","null","null","null","null","null","null","null","null",""
"2431","Lemonade - Pineapple Passion","Davis-Roob","null","null","null","null","null","null","null","null","null","null","null",""
"2432","Lemonade - Pineapple Passion","Davis-Roob","null","2019","1","2.0000","43.50","2","0","17.08","26.42","null","60.73563",""
"2433","Mushroom - Morels, Dry","Davis-Roob","null","null","null","null","null","null","null","null","null","null","null",""
"2434","Mushroom - Morels, Dry","Davis-Roob","null","null","null","null","null","null","null","null","null","null","null",""
"2435","Mushroom - Morels, Dry","Davis-Roob","null","2019","2","4.0000","87.00","4","0","34.28","52.72","null","60.59770",""
"2436","Mushroom - Morels, Dry","Davis-Roob","null","null","null","null","null","null","null","null","null","null","null",""
"2437","Mushroom - Morels, Dry","Davis-Roob","null","2019","3","3.0000","65.25","2","0","25.74","39.51","null","60.55172",""
"2438","Mushroom - Morels, Dry","Davis-Roob","null","2019","5","3.0000","65.25","2","0","25.77","39.48","null","60.50575",""
"2439","Galliano","Davis-Roob","null","null","null","null","null","null","null","null","null","null","null",""
"2440","Galliano","Davis-Roob","null","2019","3","1.0000","72.75","1","0","47.72","25.03","null","34.40550",""
"2441","Dried Lobster Mushroom 1#/pp","Davis-Roob","null","null","null","null","null","null","null","null","null","null","null",""
"2442","Dried Lobster Mushroom 1#/pp","Davis-Roob","null","null","null","null","null","null","null","null","null","null","null",""
"2443","Lettuce - Green Leaf","Davis-Roob","null","null","null","null","null","null","null","null","null","null","null",""
"2444","Lettuce - Green Leaf","Davis-Roob","null","2019","1","1.0000","58.75","1","0","22.82","35.93","null","61.15745",""
"2445","Ecolab - Balanced Fusion","Davis-Roob","null","null","null","null","null","null","null","null","null","null","null",""
"2446","Ecolab - Balanced Fusion","Davis-Roob","null","null","null","null","null","null","null","null","null","null","null",""
"2447","V8 Splash Strawberry Banana","Davis-Roob","null","null","null","null","null","null","null","null","null","null","null",""
"2448","V8 Splash Strawberry Banana","Davis-Roob","null","2019","1","1.0000","0.00","1","0","15.79","-15.79","null","0.00000",""
"2449","Soup Knorr Chili With Beans","Davis-Roob","null","null","null","null","null","null","null","null","null","null","null",""
"2450","Soup Knorr Chili With Beans","Davis-Roob","null","null","null","null","null","null","null","null","null","null","null",""
"2451","Soup Knorr Chili With Beans","Davis-Roob","null","2019","4","1.0000","36.00","1","0","18.77","17.23","null","47.86111",""
"2452","Soup Knorr Chili With Beans","Davis-Roob","null","null","null","null","null","null","null","null","null","null","null",""
"2453","Soup Knorr Chili With Beans","Davis-Roob","null","2019","6","1.0000","36.00","1","0","18.42","17.58","null","48.83333",""
"2454","Wine - Sawmill Creek Autumn","Davis-Roob","null","null","null","null","null","null","null","null","null","null","null",""
"2455","Wine - Sawmill Creek Autumn","Davis-Roob","null","2019","2","2.0000","50.00","2","0","20.08","29.92","null","59.84000",""
"2456","Dried Juniper Berries 1#/pp","Davis-Roob","null","null","null","null","null","null","null","null","null","null","null",""
"2457","Dried Juniper Berries 1#/pp","Davis-Roob","null","null","null","null","null","null","null","null","null","null","null",""
"2458","Dried Juniper Berries 1#/pp","Davis-Roob","null","2019","3","1.0000","25.00","1","0","11.06","13.94","null","55.76000",""
"2459","Dried Juniper Berries 1#/pp","Davis-Roob","null","null","null","null","null","null","null","null","null","null","null",""
"2460","Dried Juniper Berries 1#/pp","Davis-Roob","null","2019","4","7.0000","100.00","4","0","77.40","22.60","null","22.60000",""
"2461","Olives - Nicoise","Davis-Roob","null","null","null","null","null","null","null","null","null","null","null",""
"2462","Olives - Nicoise","Davis-Roob","null","2019","1","1.0000","39.80","1","0","24.20","15.60","null","39.19598",""
"2463","Dried Star Anise 5#/pp","Davis-Roob","null","null","null","null","null","null","null","null","null","null","null",""
"2464","Dried Star Anise 5#/pp","Davis-Roob","null","null","null","null","null","null","null","null","null","null","null",""
"2465","Dried Star Anise 5#/pp","Davis-Roob","null","2019","2","1.0000","49.75","1","0","24.20","25.55","null","51.35678",""
"2466","Dried Star Anise 5#/pp","Davis-Roob","null","null","null","null","null","null","null","null","null","null","null",""
"2467","Dried Star Anise 5#/pp","Davis-Roob","null","2019","3","2.0000","99.50","2","0","48.40","51.10","null","51.35678",""
"2468","Dried Star Anise 5#/pp","Davis-Roob","null","2019","6","1.0000","49.75","1","0","24.20","25.55","null","51.35678",""
"2469","Wine - Fat Bastard Merlot","Davis-Roob","null","null","null","null","null","null","null","null","null","null","null",""
"2470","Wine - Fat Bastard Merlot","Davis-Roob","null","2019","1","6.0000","103.50","3","0","35.34","68.16","null","65.85507",""
"2471","Tahini Paste","Davis-Roob","null","null","null","null","null","null","null","null","null","null","null",""
"2472","Tahini Paste","Davis-Roob","null","null","null","null","null","null","null","null","null","null","null",""
"2473","Tahini Paste","Davis-Roob","null","2019","2","1.0000","0.00","1","0","5.89","-5.89","null","0.00000",""
"2474","Tahini Paste","Davis-Roob","null","null","null","null","null","null","null","null","null","null","null",""
"2475","Tahini Paste","Davis-Roob","null","2019","3","8.0000","138.00","4","0","47.12","90.88","null","65.85507",""
"2476","Tahini Paste","Davis-Roob","null","2019","4","4.0000","69.00","2","0","23.56","45.44","null","65.85507",""
"2477","Tahini Paste","Davis-Roob","null","2019","5","10.0000","172.50","2","0","58.90","113.60","null","65.85507",""
"2478","Tahini Paste","Davis-Roob","null","2019","6","4.0000","69.00","2","0","23.56","45.44","null","65.85507",""
"2479","Gatorade - Xfactor Berry","Davis-Roob","null","null","null","null","null","null","null","null","null","null","null",""
"2480","Gatorade - Xfactor Berry","Davis-Roob","null","2019","4","1.0000","45.75","1","0","24.07","21.68","null","47.38798",""
"2481","Muffins - Assorted","Davis-Roob","null","null","null","null","null","null","null","null","null","null","null",""
"2482","Muffins - Assorted","Davis-Roob","null","null","null","null","null","null","null","null","null","null","null",""
"2483","Muffins - Assorted","Davis-Roob","null","2019","5","4.0000","213.75","3","0","96.27","117.48","null","54.96140",""
"2484","Muffins - Assorted","Davis-Roob","null","null","null","null","null","null","null","null","null","null","null",""
"2485","Cranberries - Frozen","Davis-Roob","null","null","null","null","null","null","null","null","null","null","null",""
"2486","Cranberries - Frozen","Davis-Roob","null","2019","1","14.0000","305.00","4","0","129.56","175.44","null","57.52131",""
"2487","V8 Pet","Davis-Roob","null","null","null","null","null","null","null","null","null","null","null",""
"2488","V8 Pet","Davis-Roob","null","null","null","null","null","null","null","null","null","null","null",""
"2489","V8 Pet","Davis-Roob","null","2019","2","13.0000","292.50","3","0","120.35","172.15","null","58.85470",""
"2490","V8 Pet","Davis-Roob","null","null","null","null","null","null","null","null","null","null","null",""
"2491","V8 Pet","Davis-Roob","null","2019","3","12.0000","270.00","4","0","133.91","136.09","null","50.40370",""
"2492","V8 Pet","Davis-Roob","null","2019","4","16.0000","360.00","4","0","157.37","202.63","null","56.28611",""
"2493","V8 Pet","Davis-Roob","null","2019","5","16.0000","360.00","3","0","154.60","205.40","null","57.05556",""
"2494","V8 Pet","Davis-Roob","null","2019","6","5.0000","112.50","1","0","47.93","64.57","null","57.39556",""
"2495","Pepper - Jalapeno","Davis-Roob","null","null","null","null","null","null","null","null","null","null","null",""
"2496","Pepper - Jalapeno","Davis-Roob","null","2019","1","370.0000","2,775.00","21","0","2,465.92","309.08","null","11.13802",""
"2497","Thyme - Fresh","Davis-Roob","null","null","null","null","null","null","null","null","null","null","null",""
"2498","Thyme - Fresh","Davis-Roob","null","null","null","null","null","null","null","null","null","null","null",""
"2499","Thyme - Fresh","Davis-Roob","null","2019","2","220.0000","1,850.00","14","0","1,255.98","594.02","null","32.10919",""
"2500","Thyme - Fresh","Davis-Roob","null","null","null","null","null","null","null","null","null","null","null",""
"2501","Thyme - Fresh","Davis-Roob","null","2019","3","250.0000","2,125.00","15","0","1,450.00","675.00","null","31.76471",""
"2502","Thyme - Fresh","Davis-Roob","null","2019","4","125.0000","1,062.50","10","0","725.00","337.50","null","31.76471",""
"2503","Thyme - Fresh","Davis-Roob","null","2019","5","255.0000","2,167.50","17","0","1,342.47","825.03","null","38.06367",""
"2504","Thyme - Fresh","Davis-Roob","null","2019","6","235.0000","1,997.50","14","0","1,283.00","714.50","null","35.76971",""
"2505","Rye Special Old","Davis-Roob","null","null","null","null","null","null","null","null","null","null","null",""
"2506","Rye Special Old","Davis-Roob","null","2019","1","44.0000","844.00","11","0","592.95","251.05","null","29.74526",""
"2507","Fresh Cape Gooseberries 12 pp/cs","Davis-Roob","null","null","null","null","null","null","null","null","null","null","null",""
"2508","Fresh Cape Gooseberries 12 pp/cs","Davis-Roob","null","null","null","null","null","null","null","null","null","null","null",""
"2509","Fresh Cape Gooseberries 12 pp/cs","Davis-Roob","null","2019","2","31.0000","713.00","9","0","419.07","293.93","null","41.22440",""
"2510","Fresh Cape Gooseberries 12 pp/cs","Davis-Roob","null","null","null","null","null","null","null","null","null","null","null",""
"2511","Fresh Cape Gooseberries 12 pp/cs","Davis-Roob","null","2019","3","24.0000","552.00","9","0","324.13","227.87","null","41.28080",""
"2512","Fresh Cape Gooseberries 12 pp/cs","Davis-Roob","null","2019","4","18.0000","414.00","5","0","243.09","170.91","null","41.28261",""
"2513","Fresh Cape Gooseberries 12 pp/cs","Davis-Roob","null","2019","5","30.0000","690.00","8","0","350.55","339.45","null","49.19565",""
"2514","Fresh Cape Gooseberries 12 pp/cs","Davis-Roob","null","2019","6","34.0000","782.00","11","0","433.42","348.58","null","44.57545",""
"2515","Spice - Paprika","Davis-Roob","null","null","null","null","null","null","null","null","null","null","null",""
"2516","Spice - Paprika","Davis-Roob","null","2019","1","5.0000","45.00","1","0","21.31","23.69","null","52.64444",""
"2517","Jolt Cola - Electric Blue","Davis-Roob","null","null","null","null","null","null","null","null","null","null","null",""
"2518","Jolt Cola - Electric Blue","Davis-Roob","null","null","null","null","null","null","null","null","null","null","null",""
"2519","Jolt Cola - Electric Blue","Davis-Roob","null","2019","2","10.0000","90.00","2","0","42.63","47.37","null","52.63333",""
"2520","Jolt Cola - Electric Blue","Davis-Roob","null","null","null","null","null","null","null","null","null","null","null",""
"2521","Jolt Cola - Electric Blue","Davis-Roob","null","2019","3","30.0000","324.00","5","0","127.86","196.14","null","60.53704",""
"2522","Jolt Cola - Electric Blue","Davis-Roob","null","2019","4","14.0000","135.00","2","0","59.69","75.31","null","55.78519",""
"2523","Mince Meat - Filling","Davis-Roob","null","null","null","null","null","null","null","null","null","null","null",""
"2524","Mince Meat - Filling","Davis-Roob","null","2019","1","5.0000","175.00","1","0","99.70","75.30","null","43.02857",""
"2525","Beef Wellington","Davis-Roob","null","null","null","null","null","null","null","null","null","null","null",""
"2526","Beef Wellington","Davis-Roob","null","null","null","null","null","null","null","null","null","null","null",""
"2527","Vinegar - Balsamic, White","Davis-Roob","null","null","null","null","null","null","null","null","null","null","null",""
"2528","Vinegar - Balsamic, White","Davis-Roob","null","2019","1","25.0000","875.00","4","0","528.25","346.75","null","39.62857",""
"2529","White (Bianco)Truffle Oil 250 ml","Davis-Roob","null","null","null","null","null","null","null","null","null","null","null",""
"2530","White (Bianco)Truffle Oil 250 ml","Davis-Roob","null","null","null","null","null","null","null","null","null","null","null",""
"2531","White (Bianco)Truffle Oil 250 ml","Davis-Roob","null","2019","2","30.0000","1,050.00","4","0","768.60","281.40","null","26.80000",""
"2532","White (Bianco)Truffle Oil 250 ml","Davis-Roob","null","null","null","null","null","null","null","null","null","null","null",""
"2533","White (Bianco)Truffle Oil 250 ml","Davis-Roob","null","2019","3","30.0000","1,050.00","5","0","768.59","281.41","null","26.80095",""
"2534","White (Bianco)Truffle Oil 250 ml","Davis-Roob","null","2019","4","30.0000","1,050.00","4","0","768.59","281.41","null","26.80095",""
"2535","White (Bianco)Truffle Oil 250 ml","Davis-Roob","null","2019","5","65.0000","2,275.00","7","0","1,674.19","600.81","null","26.40923",""
"2536","White (Bianco)Truffle Oil 250 ml","Davis-Roob","null","2019","6","55.0000","1,925.00","7","0","1,463.11","461.89","null","23.99429",""
"2537","White (Bianco)Truffle Oil 250 ml","Davis-Roob","null","null","null","null","null","null","null","null","null","null","null",""
"2538","null","null","Customer Total:","null","null","null","80,292.55","null","null","35,400.13","null","null","null",""
"2539","White (Bianco)Truffle Oil 250 ml","Davis-Roob","null","null","null","null","null","null","null","null","null","null","null",""
"2540","White (Bianco)Truffle Oil 250 ml","Jones & Sons","null","null","null","null","null","null","null","null","null","null","null",""
"2541","Miso - Soy Bean Paste","Jones & Sons","null","null","null","null","null","null","null","null","null","null","null",""
"2542","Miso - Soy Bean Paste","Jones & Sons","null","2019","1","2,019.0000","35,260.50","13","1","4,228.68","29,084.82","null","87.30641",""
"2543","Cream - 10%","Jones & Sons","null","null","null","null","null","null","null","null","null","null","null",""
"2544","Cream - 10%","Jones & Sons","null","null","null","null","null","null","null","null","null","null","null",""
"2545","Cream - 10%","Jones & Sons","null","2019","2","1,498.0000","24,717.00","11","0","205.97","24,511.03","null","99.16669",""
"2546","Cream - 10%","Jones & Sons","null","null","null","null","null","null","null","null","null","null","null",""
"2547","Cream - 10%","Jones & Sons","null","2019","3","1,747.0000","30,376.50","13","1","240.23","28,585.27","null","99.16661",""
"2548","Cream - 10%","Jones & Sons","null","2019","4","1,841.0000","30,376.50","13","0","253.14","30,123.36","null","99.16666",""
"2549","Cream - 10%","Jones & Sons","null","2019","5","1,980.0000","36,270.00","13","0","272.25","35,997.75","null","99.24938",""
"2550","Cream - 10%","Jones & Sons","null","2019","6","1,800.0000","33,300.00","12","0","247.50","33,052.50","null","99.25676",""
"2551","Tea - Earl Grey","Jones & Sons","null","null","null","null","null","null","null","null","null","null","null",""
"2552","Tea - Earl Grey","Jones & Sons","null","2019","2","2.0000","20.28","2","0","20.02","0.26","null","1.28205",""
"2553","Wine - Red, Metus Rose","Jones & Sons","null","null","null","null","null","null","null","null","null","null","null",""
"2554","Wine - Red, Metus Rose","Jones & Sons","null","null","null","null","null","null","null","null","null","null","null",""
"2555","Wine - Red, Metus Rose","Jones & Sons","null","2019","5","1.0000","10.14","1","0","9.95","0.19","null","1.87377",""
"2556","Wine - Red, Metus Rose","Jones & Sons","null","null","null","null","null","null","null","null","null","null","null",""
"2557","Wine - Red, Metus Rose","Jones & Sons","null","2019","6","2.0000","20.28","2","0","19.89","0.39","null","1.92308",""
"2558","Dried Figs","Jones & Sons","null","null","null","null","null","null","null","null","null","null","null",""
"2559","Dried Figs","Jones & Sons","null","2019","1","858.0000","9,438.00","15","0","7,939.11","1,498.89","null","15.88144",""
"2560","Truffle Shells - White Chocolate","Jones & Sons","null","null","null","null","null","null","null","null","null","null","null",""
"2561","Truffle Shells - White Chocolate","Jones & Sons","null","null","null","null","null","null","null","null","null","null","null",""
"2562","Truffle Shells - White Chocolate","Jones & Sons","null","2019","2","603.0000","6,633.00","11","0","5,577.75","1,055.25","null","15.90909",""
"2563","Truffle Shells - White Chocolate","Jones & Sons","null","null","null","null","null","null","null","null","null","null","null",""
"2564","Truffle Shells - White Chocolate","Jones & Sons","null","2019","3","693.0000","7,623.00","13","0","6,410.25","1,212.75","null","15.90909",""
"2565","Truffle Shells - White Chocolate","Jones & Sons","null","2019","4","639.0000","7,029.00","12","0","5,910.75","1,118.25","null","15.90909",""
"2566","Truffle Shells - White Chocolate","Jones & Sons","null","2019","5","748.0000","9,255.50","13","0","6,919.00","2,336.50","null","25.24445",""
"2567","Truffle Shells - White Chocolate","Jones & Sons","null","2019","6","783.0000","9,787.50","12","0","7,242.75","2,544.75","null","26.00000",""
"2568","Okra","Jones & Sons","null","null","null","null","null","null","null","null","null","null","null",""
"2569","Okra","Jones & Sons","null","2019","5","1.0000","10.14","1","0","8.04","2.10","null","20.71006",""
"2570","Fresh Portabella #2 - 5lbs","Jones & Sons","null","null","null","null","null","null","null","null","null","null","null",""
"2571","Fresh Portabella #2 - 5lbs","Jones & Sons","null","null","null","null","null","null","null","null","null","null","null",""
"2572","Ecolab - Medallion","Jones & Sons","null","null","null","null","null","null","null","null","null","null","null",""
"2573","Ecolab - Medallion","Jones & Sons","null","2019","1","2.0000","40.00","1","0","34.03","5.97","null","14.92500",""
"2574","Cookie - Oatmeal","Jones & Sons","null","null","null","null","null","null","null","null","null","null","null",""
"2575","Cookie - Oatmeal","Jones & Sons","null","null","null","null","null","null","null","null","null","null","null",""
"2576","Cookies - Amaretto","Jones & Sons","null","null","null","null","null","null","null","null","null","null","null",""
"2577","Cookies - Amaretto","Jones & Sons","null","2019","4","1.0000","10.60","1","0","5.09","5.51","null","51.98113",""
"2578","Island Oasis - Magarita Mix","Jones & Sons","null","null","null","null","null","null","null","null","null","null","null",""
"2579","Island Oasis - Magarita Mix","Jones & Sons","null","null","null","null","null","null","null","null","null","null","null",""
"2580","Tomatoes","Jones & Sons","null","null","null","null","null","null","null","null","null","null","null",""
"2581","Tomatoes","Jones & Sons","null","2019","1","125.0000","2,015.00","12","0","501.14","1,513.86","null","75.12953",""
"2582","Chinese Foods - Plain Fried Rice","Jones & Sons","null","null","null","null","null","null","null","null","null","null","null",""
"2583","Chinese Foods - Plain Fried Rice","Jones & Sons","null","null","null","null","null","null","null","null","null","null","null",""
"2584","Chinese Foods - Plain Fried Rice","Jones & Sons","null","2019","2","20.0000","322.40","4","0","80.20","242.20","null","75.12407",""
"2585","Chinese Foods - Plain Fried Rice","Jones & Sons","null","null","null","null","null","null","null","null","null","null","null",""
"2586","Chinese Foods - Plain Fried Rice","Jones & Sons","null","2019","3","35.0000","564.20","6","0","140.34","423.86","null","75.12584",""
"2587","Chinese Foods - Plain Fried Rice","Jones & Sons","null","2019","4","50.0000","806.00","9","0","200.49","605.51","null","75.12531",""
"2588","Chinese Foods - Plain Fried Rice","Jones & Sons","null","2019","5","70.0000","1,128.40","11","0","280.67","847.73","null","75.12673",""
"2589","Chinese Foods - Plain Fried Rice","Jones & Sons","null","2019","6","65.0000","1,047.80","11","0","260.63","787.17","null","75.12598",""
"2590","Mix Pina Colada","Jones & Sons","null","null","null","null","null","null","null","null","null","null","null",""
"2591","Mix Pina Colada","Jones & Sons","null","2019","1","33.0000","531.96","3","0","127.88","404.08","null","75.96060",""
"2592","Lidsoupcont Rp12dn","Jones & Sons","null","null","null","null","null","null","null","null","null","null","null",""
"2593","Lidsoupcont Rp12dn","Jones & Sons","null","null","null","null","null","null","null","null","null","null","null",""
"2594","Lidsoupcont Rp12dn","Jones & Sons","null","2019","2","40.0000","644.80","7","0","155.03","489.77","null","75.95689",""
"2595","Lidsoupcont Rp12dn","Jones & Sons","null","null","null","null","null","null","null","null","null","null","null",""
"2596","Lidsoupcont Rp12dn","Jones & Sons","null","2019","3","40.0000","644.80","8","0","155.04","489.76","null","75.95533",""
"2597","Lidsoupcont Rp12dn","Jones & Sons","null","2019","4","45.0000","725.40","9","0","174.42","550.98","null","75.95533",""
"2598","Lidsoupcont Rp12dn","Jones & Sons","null","2019","5","60.0000","967.20","11","0","232.55","734.65","null","75.95637",""
"2599","Lidsoupcont Rp12dn","Jones & Sons","null","2019","6","45.0000","725.40","9","0","174.42","550.98","null","75.95533",""
"2600","Corn - Cream, Canned","Jones & Sons","null","null","null","null","null","null","null","null","null","null","null",""
"2601","Corn - Cream, Canned","Jones & Sons","null","2019","1","90.0000","2,060.00","13","1","724.74","1,075.26","null","59.73667",""
"2602","Bread - Sticks, Thin, Plain","Jones & Sons","null","null","null","null","null","null","null","null","null","null","null",""
"2603","Bread - Sticks, Thin, Plain","Jones & Sons","null","null","null","null","null","null","null","null","null","null","null",""
"2604","Bread - Sticks, Thin, Plain","Jones & Sons","null","2019","2","49.0000","980.00","9","0","394.59","585.41","null","59.73571",""
"2605","Bread - Sticks, Thin, Plain","Jones & Sons","null","null","null","null","null","null","null","null","null","null","null",""
"2606","Bread - Sticks, Thin, Plain","Jones & Sons","null","2019","3","49.0000","980.00","8","0","394.57","585.43","null","59.73776",""
"2607","Bread - Sticks, Thin, Plain","Jones & Sons","null","2019","4","50.0000","1,000.00","8","0","402.61","597.39","null","59.73900",""
"2608","Bread - Sticks, Thin, Plain","Jones & Sons","null","2019","5","55.0000","1,100.00","9","0","442.88","657.12","null","59.73818",""
"2609","Bread - Sticks, Thin, Plain","Jones & Sons","null","2019","6","25.0000","500.00","4","0","201.31","298.69","null","59.73800",""
"2610","Pomegranates","Jones & Sons","null","null","null","null","null","null","null","null","null","null","null",""
"2611","Pomegranates","Jones & Sons","null","2019","5","10.0000","250.00","1","0","132.34","117.66","null","47.06400",""
"2612","Bread - Malt","Jones & Sons","null","null","null","null","null","null","null","null","null","null","null",""
"2613","Bread - Malt","Jones & Sons","null","null","null","null","null","null","null","null","null","null","null",""
"2614","Bread - Malt","Jones & Sons","null","2019","6","22.0000","382.00","3","0","291.15","90.85","null","23.78272",""
"2615","Bread - Malt","Jones & Sons","null","null","null","null","null","null","null","null","null","null","null",""
"2616","Chocolate - Milk, Callets","Jones & Sons","null","null","null","null","null","null","null","null","null","null","null",""
"2617","Chocolate - Milk, Callets","Jones & Sons","null","2019","1","-10.0000","0.00","0","1","-35.00","-100.00","null","74.07407",""
"2618","Bread - Rolls, Corn","Jones & Sons","null","null","null","null","null","null","null","null","null","null","null",""
"2619","Bread - Rolls, Corn","Jones & Sons","null","null","null","null","null","null","null","null","null","null","null",""
"2620","Bread - Rolls, Corn","Jones & Sons","null","2019","2","10.0000","135.00","1","0","35.00","100.00","null","74.07407",""
"2621","Bread - Rolls, Corn","Jones & Sons","null","null","null","null","null","null","null","null","null","null","null",""
"2622","Cookies - Assorted","Jones & Sons","null","null","null","null","null","null","null","null","null","null","null",""
"2623","Cookies - Assorted","Jones & Sons","null","2019","1","264.0000","6,600.00","14","0","3,199.55","3,400.45","null","51.52197",""
"2624","Juice - V8 Splash","Jones & Sons","null","null","null","null","null","null","null","null","null","null","null",""
"2625","Juice - V8 Splash","Jones & Sons","null","null","null","null","null","null","null","null","null","null","null",""
"2626","Juice - V8 Splash","Jones & Sons","null","2019","2","256.0000","6,400.00","10","0","3,110.86","3,289.14","null","51.39281",""
"2627","Juice - V8 Splash","Jones & Sons","null","null","null","null","null","null","null","null","null","null","null",""
"2628","Juice - V8 Splash","Jones & Sons","null","2019","3","256.0000","6,400.00","12","0","3,110.88","3,289.12","null","51.39250",""
"2629","Juice - V8 Splash","Jones & Sons","null","2019","4","288.0000","7,200.00","12","0","3,499.73","3,700.27","null","51.39264",""
"2630","Juice - V8 Splash","Jones & Sons","null","2019","5","304.0000","7,600.00","12","0","3,694.16","3,905.84","null","51.39263",""
"2631","Juice - V8 Splash","Jones & Sons","null","2019","6","288.0000","7,200.00","12","0","3,499.74","3,700.26","null","51.39250",""
"2632","Raspberries - Frozen","Jones & Sons","null","null","null","null","null","null","null","null","null","null","null",""
"2633","Raspberries - Frozen","Jones & Sons","null","2019","1","160.0000","3,420.00","13","1","1,112.91","1,927.09","null","63.39112",""
"2634","Lemonade - Natural, 591 Ml","Jones & Sons","null","null","null","null","null","null","null","null","null","null","null",""
"2635","Lemonade - Natural, 591 Ml","Jones & Sons","null","null","null","null","null","null","null","null","null","null","null",""
"2636","Lemonade - Natural, 591 Ml","Jones & Sons","null","2019","2","150.0000","2,850.00","9","0","1,140.25","1,709.75","null","59.99123",""
"2637","Lemonade - Natural, 591 Ml","Jones & Sons","null","null","null","null","null","null","null","null","null","null","null",""
"2638","Lemonade - Natural, 591 Ml","Jones & Sons","null","2019","3","150.0000","2,850.00","10","0","1,140.25","1,709.75","null","59.99123",""
"2639","Lemonade - Natural, 591 Ml","Jones & Sons","null","2019","4","150.0000","3,040.00","11","1","1,088.58","1,761.42","null","61.80421",""
"2640","Lemonade - Natural, 591 Ml","Jones & Sons","null","2019","5","200.0000","3,800.00","12","0","1,520.35","2,279.65","null","59.99079",""
"2641","Lemonade - Natural, 591 Ml","Jones & Sons","null","2019","6","270.0000","5,130.00","12","0","2,052.45","3,077.55","null","59.99123",""
"2642","Lemonade - Pineapple Passion","Jones & Sons","null","null","null","null","null","null","null","null","null","null","null",""
"2643","Lemonade - Pineapple Passion","Jones & Sons","null","2019","1","2.0000","41.00","1","0","17.08","23.92","null","58.34146",""
"2644","Mushroom - Morels, Dry","Jones & Sons","null","null","null","null","null","null","null","null","null","null","null",""
"2645","Mushroom - Morels, Dry","Jones & Sons","null","null","null","null","null","null","null","null","null","null","null",""
"2646","Mushroom - Morels, Dry","Jones & Sons","null","2019","6","1.0000","20.50","1","0","8.59","11.91","null","58.09756",""
"2647","Mushroom - Morels, Dry","Jones & Sons","null","null","null","null","null","null","null","null","null","null","null",""
"2648","Lettuce - Green Leaf","Jones & Sons","null","null","null","null","null","null","null","null","null","null","null",""
"2649","Lettuce - Green Leaf","Jones & Sons","null","2019","1","1.0000","60.00","1","0","22.82","37.18","null","61.96667",""
"2650","Ecolab - Balanced Fusion","Jones & Sons","null","null","null","null","null","null","null","null","null","null","null",""
"2651","Ecolab - Balanced Fusion","Jones & Sons","null","null","null","null","null","null","null","null","null","null","null",""
"2652","Ecolab - Balanced Fusion","Jones & Sons","null","2019","2","1.0000","60.00","1","0","21.96","38.04","null","63.40000",""
"2653","Ecolab - Balanced Fusion","Jones & Sons","null","null","null","null","null","null","null","null","null","null","null",""
"2654","Ecolab - Balanced Fusion","Jones & Sons","null","2019","3","2.0000","120.00","2","0","43.46","76.54","null","63.78333",""
"2655","Ecolab - Balanced Fusion","Jones & Sons","null","2019","4","2.0000","66.00","2","0","43.46","22.54","null","34.15152",""
"2656","Ecolab - Balanced Fusion","Jones & Sons","null","2019","5","1.0000","60.00","1","0","21.66","38.34","null","63.90000",""
"2657","V8 Splash Strawberry Banana","Jones & Sons","null","null","null","null","null","null","null","null","null","null","null",""
"2658","V8 Splash Strawberry Banana","Jones & Sons","null","2019","1","2.0000","66.00","1","0","32.01","33.99","null","51.50000",""
"2659","Soup Knorr Chili With Beans","Jones & Sons","null","null","null","null","null","null","null","null","null","null","null",""
"2660","Soup Knorr Chili With Beans","Jones & Sons","null","null","null","null","null","null","null","null","null","null","null",""
"2661","Soup Knorr Chili With Beans","Jones & Sons","null","2019","3","1.0000","33.00","1","0","19.11","13.89","null","42.09091",""
"2662","Soup Knorr Chili With Beans","Jones & Sons","null","null","null","null","null","null","null","null","null","null","null",""
"2663","Soup Knorr Chili With Beans","Jones & Sons","null","2019","4","2.0000","66.00","1","0","37.53","28.47","null","43.13636",""
"2664","Soup Knorr Chili With Beans","Jones & Sons","null","2019","6","5.0000","165.00","2","0","92.08","72.92","null","44.19394",""
"2665","Lemonade - Kiwi, 591 Ml","Jones & Sons","null","null","null","null","null","null","null","null","null","null","null",""
"2666","Lemonade - Kiwi, 591 Ml","Jones & Sons","null","2019","1","2.0000","121.80","1","0","97.57","24.23","null","19.89327",""
"2667","Lemons","Jones & Sons","null","null","null","null","null","null","null","null","null","null","null",""
"2668","Lemons","Jones & Sons","null","null","null","null","null","null","null","null","null","null","null",""
"2669","Pears - Bartlett","Jones & Sons","null","null","null","null","null","null","null","null","null","null","null",""
"2670","Pears - Bartlett","Jones & Sons","null","2019","1","16.0000","800.00","2","0","299.08","500.92","null","62.61500",""
"2671","Food Colouring - Orange","Jones & Sons","null","null","null","null","null","null","null","null","null","null","null",""
"2672","Food Colouring - Orange","Jones & Sons","null","null","null","null","null","null","null","null","null","null","null",""
"2673","Food Colouring - Orange","Jones & Sons","null","2019","2","24.0000","1,200.00","3","0","448.56","751.44","null","62.62000",""
"2674","Food Colouring - Orange","Jones & Sons","null","null","null","null","null","null","null","null","null","null","null",""
"2675","Food Colouring - Orange","Jones & Sons","null","2019","3","8.0000","400.00","1","0","149.52","250.48","null","62.62000",""
"2676","Food Colouring - Orange","Jones & Sons","null","2019","4","8.0000","400.00","1","0","149.52","250.48","null","62.62000",""
"2677","Food Colouring - Orange","Jones & Sons","null","2019","5","10.0000","500.00","2","0","186.90","313.10","null","62.62000",""
"2678","Food Colouring - Orange","Jones & Sons","null","2019","6","19.0000","950.00","2","0","355.11","594.89","null","62.62000",""
"2679","Gelatine Powder","Jones & Sons","null","null","null","null","null","null","null","null","null","null","null",""
"2680","Gelatine Powder","Jones & Sons","null","2019","2","1.0000","32.35","1","0","11.57","20.78","null","64.23493",""
"2681","Lemon Tarts","Jones & Sons","null","null","null","null","null","null","null","null","null","null","null",""
"2682","Lemon Tarts","Jones & Sons","null","null","null","null","null","null","null","null","null","null","null",""
"2683","Lemon Tarts","Jones & Sons","null","2019","4","1.0000","32.35","1","0","11.84","20.51","null","63.40031",""
"2684","Lemon Tarts","Jones & Sons","null","null","null","null","null","null","null","null","null","null","null",""
"2685","Lemon Tarts","Jones & Sons","null","2019","5","2.0000","64.70","2","0","23.68","41.02","null","63.40031",""
"2686","Lemon Tarts","Jones & Sons","null","2019","6","3.0000","97.05","1","0","35.52","61.53","null","63.40031",""
"2687","Cheese - Swiss","Jones & Sons","null","null","null","null","null","null","null","null","null","null","null",""
"2688","Cheese - Swiss","Jones & Sons","null","2019","3","1.0000","15.90","1","0","7.84","8.06","null","50.69182",""
"2689","Potatoes - Idaho 80 Count","Jones & Sons","null","null","null","null","null","null","null","null","null","null","null",""
"2690","Potatoes - Idaho 80 Count","Jones & Sons","null","null","null","null","null","null","null","null","null","null","null",""
"2691","Wine - Sawmill Creek Autumn","Jones & Sons","null","null","null","null","null","null","null","null","null","null","null",""
"2692","Wine - Sawmill Creek Autumn","Jones & Sons","null","2019","1","1.0000","11.60","1","0","10.04","1.56","null","13.44828",""
"2693","Dried Juniper Berries 1#/pp","Jones & Sons","null","null","null","null","null","null","null","null","null","null","null",""
"2694","Dried Juniper Berries 1#/pp","Jones & Sons","null","null","null","null","null","null","null","null","null","null","null",""
"2695","Dried Juniper Berries 1#/pp","Jones & Sons","null","2019","3","1.0000","11.60","1","0","10.04","1.56","null","13.44828",""
"2696","Dried Juniper Berries 1#/pp","Jones & Sons","null","null","null","null","null","null","null","null","null","null","null",""
"2697","Dried Juniper Berries 1#/pp","Jones & Sons","null","2019","5","1.0000","11.60","1","0","11.06","0.54","null","4.65517",""
"2698","Kahlua","Jones & Sons","null","null","null","null","null","null","null","null","null","null","null",""
"2699","Kahlua","Jones & Sons","null","2019","1","0.0000","30.00","1","1","11.72","-11.72","null","0.00000",""
"2700","Nantucket Orange Juice","Jones & Sons","null","null","null","null","null","null","null","null","null","null","null",""
"2701","Nantucket Orange Juice","Jones & Sons","null","null","null","null","null","null","null","null","null","null","null",""
"2702","Nantucket Orange Juice","Jones & Sons","null","2019","3","1.0000","30.00","1","0","11.64","18.36","null","61.20000",""
"2703","Nantucket Orange Juice","Jones & Sons","null","null","null","null","null","null","null","null","null","null","null",""
"2704","Nantucket Orange Juice","Jones & Sons","null","2019","6","1.0000","30.00","1","0","12.75","17.25","null","57.50000",""
"2705","Wine - Fat Bastard Merlot","Jones & Sons","null","null","null","null","null","null","null","null","null","null","null",""
"2706","Wine - Fat Bastard Merlot","Jones & Sons","null","2019","6","1.0000","17.50","1","0","5.89","11.61","null","66.34286",""
"2707","Tahini Paste","Jones & Sons","null","null","null","null","null","null","null","null","null","null","null",""
"2708","Tahini Paste","Jones & Sons","null","null","null","null","null","null","null","null","null","null","null",""
"2709","Dried Peach","Jones & Sons","null","null","null","null","null","null","null","null","null","null","null",""
"2710","Dried Peach","Jones & Sons","null","2019","5","3.0000","47.70","2","0","23.52","24.18","null","50.69182",""
"2711","Dried Organic Goji Berries 1lb","Jones & Sons","null","null","null","null","null","null","null","null","null","null","null",""
"2712","Dried Organic Goji Berries 1lb","Jones & Sons","null","null","null","null","null","null","null","null","null","null","null",""
"2713","Cranberries - Frozen","Jones & Sons","null","null","null","null","null","null","null","null","null","null","null",""
"2714","Cranberries - Frozen","Jones & Sons","null","2019","1","30.0000","600.00","4","0","277.61","322.39","null","53.73167",""
"2715","V8 Pet","Jones & Sons","null","null","null","null","null","null","null","null","null","null","null",""
"2716","V8 Pet","Jones & Sons","null","null","null","null","null","null","null","null","null","null","null",""
"2717","V8 Pet","Jones & Sons","null","2019","2","10.0000","200.00","1","0","92.58","107.42","null","53.71000",""
"2718","V8 Pet","Jones & Sons","null","null","null","null","null","null","null","null","null","null","null",""
"2719","V8 Pet","Jones & Sons","null","2019","3","13.0000","260.00","2","0","139.21","120.79","null","46.45769",""
"2720","V8 Pet","Jones & Sons","null","2019","4","7.0000","160.00","3","1","69.65","70.35","null","50.25000",""
"2721","V8 Pet","Jones & Sons","null","2019","5","8.0000","160.00","3","0","78.66","81.34","null","50.83750",""
"2722","Pepper - Jalapeno","Jones & Sons","null","null","null","null","null","null","null","null","null","null","null",""
"2723","Pepper - Jalapeno","Jones & Sons","null","2019","1","441.0000","3,330.00","14","1","3,097.21","210.29","null","6.35797",""
"2724","Thyme - Fresh","Jones & Sons","null","null","null","null","null","null","null","null","null","null","null",""
"2725","Thyme - Fresh","Jones & Sons","null","null","null","null","null","null","null","null","null","null","null",""
"2726","Thyme - Fresh","Jones & Sons","null","2019","2","276.0000","2,070.00","10","0","1,530.81","539.19","null","26.04783",""
"2727","Thyme - Fresh","Jones & Sons","null","null","null","null","null","null","null","null","null","null","null",""
"2728","Thyme - Fresh","Jones & Sons","null","2019","3","444.0000","3,330.00","13","0","2,575.20","754.80","null","22.66667",""
"2729","Thyme - Fresh","Jones & Sons","null","2019","4","432.0000","3,240.00","12","0","2,200.70","1,039.30","null","32.07716",""
"2730","Thyme - Fresh","Jones & Sons","null","2019","5","456.0000","3,484.08","13","0","2,536.80","947.28","null","27.18881",""
"2731","Thyme - Fresh","Jones & Sons","null","2019","6","500.0000","4,640.00","12","0","2,746.00","1,894.00","null","40.81897",""
"2732","Rye Special Old","Jones & Sons","null","null","null","null","null","null","null","null","null","null","null",""
"2733","Rye Special Old","Jones & Sons","null","2019","1","50.0000","925.00","10","0","672.41","252.59","null","27.30703",""
"2734","Fresh Cape Gooseberries 12 pp/cs","Jones & Sons","null","null","null","null","null","null","null","null","null","null","null",""
"2735","Fresh Cape Gooseberries 12 pp/cs","Jones & Sons","null","null","null","null","null","null","null","null","null","null","null",""
"2736","Fresh Cape Gooseberries 12 pp/cs","Jones & Sons","null","2019","2","35.0000","647.50","7","0","473.13","174.37","null","26.92973",""
"2737","Fresh Cape Gooseberries 12 pp/cs","Jones & Sons","null","null","null","null","null","null","null","null","null","null","null",""
"2738","Fresh Cape Gooseberries 12 pp/cs","Jones & Sons","null","2019","3","50.0000","925.00","9","0","675.25","249.75","null","27.00000",""
"2739","Fresh Cape Gooseberries 12 pp/cs","Jones & Sons","null","2019","4","40.0000","740.00","7","0","540.16","199.84","null","27.00541",""
"2740","Fresh Cape Gooseberries 12 pp/cs","Jones & Sons","null","2019","5","65.0000","1,202.50","10","0","732.69","469.81","null","39.06944",""
"2741","Fresh Cape Gooseberries 12 pp/cs","Jones & Sons","null","2019","6","60.0000","1,110.00","9","0","763.62","346.38","null","31.20541",""
"2742","Lamb - Shoulder","Jones & Sons","null","null","null","null","null","null","null","null","null","null","null",""
"2743","Lamb - Shoulder","Jones & Sons","null","2019","1","1.0000","65.00","1","0","40.84","24.16","null","37.16923",""
"2744","Onions - Dried, Chopped","Jones & Sons","null","null","null","null","null","null","null","null","null","null","null",""
"2745","Onions - Dried, Chopped","Jones & Sons","null","null","null","null","null","null","null","null","null","null","null",""
"2746","Onions - Dried, Chopped","Jones & Sons","null","2019","3","1.0000","65.00","1","0","40.41","24.59","null","37.83077",""
"2747","Onions - Dried, Chopped","Jones & Sons","null","null","null","null","null","null","null","null","null","null","null",""
"2748","Onions - Dried, Chopped","Jones & Sons","null","2019","5","1.0000","65.00","1","0","40.41","24.59","null","37.83077",""
"2749","Onions - Dried, Chopped","Jones & Sons","null","2019","6","1.0000","65.00","1","0","40.41","24.59","null","37.83077",""
"2750","Onions - Dried, Chopped","Jones & Sons","null","null","null","null","null","null","null","null","null","null","null",""
"2751","null","null","Customer Total:","null","null","null","353,024.03","null","null","100,778.00","null","null","null",""
"2752","Onions - Dried, Chopped","Jones & Sons","null","null","null","null","null","null","null","null","null","null","null",""
"2753","Onions - Dried, Chopped","Stokes, Lind and Jacobs","null","null","null","null","null","null","null","null","null","null","null",""
"2754","Tea - Earl Grey","Stokes, Lind and Jacobs","null","null","null","null","null","null","null","null","null","null","null",""
"2755","Tea - Earl Grey","Stokes, Lind and Jacobs","null","2019","4","1.0000","11.98","1","0","9.97","2.01","null","16.77796",""
"2756","Wine - Red, Metus Rose","Stokes, Lind and Jacobs","null","null","null","null","null","null","null","null","null","null","null",""
"2757","Wine - Red, Metus Rose","Stokes, Lind and Jacobs","null","null","null","null","null","null","null","null","null","null","null",""
"2758","Flour - Teff","Stokes, Lind and Jacobs","null","null","null","null","null","null","null","null","null","null","null",""
"2759","Flour - Teff","Stokes, Lind and Jacobs","null","2019","1","238.0000","4,080.00","12","0","2,506.92","1,573.08","null","38.55588",""
"2760","Cheese - Mozzarella, Buffalo","Stokes, Lind and Jacobs","null","null","null","null","null","null","null","null","null","null","null",""
"2761","Cheese - Mozzarella, Buffalo","Stokes, Lind and Jacobs","null","null","null","null","null","null","null","null","null","null","null",""
"2762","Cheese - Mozzarella, Buffalo","Stokes, Lind and Jacobs","null","2019","2","166.0000","2,872.00","9","0","1,743.62","1,128.38","null","39.28900",""
"2763","Cheese - Mozzarella, Buffalo","Stokes, Lind and Jacobs","null","null","null","null","null","null","null","null","null","null","null",""
"2764","Pepper - Roasted Red","Stokes, Lind and Jacobs","null","null","null","null","null","null","null","null","null","null","null",""
"2765","Pepper - Roasted Red","Stokes, Lind and Jacobs","null","2019","1","40.0000","356.00","9","0","128.80","227.20","null","63.82022",""
"2766","Iced Tea - Lemon, 460 Ml","Stokes, Lind and Jacobs","null","null","null","null","null","null","null","null","null","null","null",""
"2767","Iced Tea - Lemon, 460 Ml","Stokes, Lind and Jacobs","null","null","null","null","null","null","null","null","null","null","null",""
"2768","Iced Tea - Lemon, 460 Ml","Stokes, Lind and Jacobs","null","2019","2","52.0000","546.00","12","0","167.44","378.56","null","69.33333",""
"2769","Iced Tea - Lemon, 460 Ml","Stokes, Lind and Jacobs","null","null","null","null","null","null","null","null","null","null","null",""
"2770","Iced Tea - Lemon, 460 Ml","Stokes, Lind and Jacobs","null","2019","3","58.0000","609.00","12","0","186.76","422.24","null","69.33333",""
"2771","Iced Tea - Lemon, 460 Ml","Stokes, Lind and Jacobs","null","2019","4","45.0000","472.50","11","0","144.90","327.60","null","69.33333",""
"2772","Iced Tea - Lemon, 460 Ml","Stokes, Lind and Jacobs","null","2019","5","75.0000","787.50","14","0","241.50","546.00","null","69.33333",""
"2773","Iced Tea - Lemon, 460 Ml","Stokes, Lind and Jacobs","null","2019","6","74.0000","777.00","10","0","238.28","538.72","null","69.33333",""
"2774","Stock - Beef, White","Stokes, Lind and Jacobs","null","null","null","null","null","null","null","null","null","null","null",""
"2775","Stock - Beef, White","Stokes, Lind and Jacobs","null","2019","5","1.0000","10.80","1","0","11.92","-1.12","null","-10.37037",""
"2776","Flavouring - Orange","Stokes, Lind and Jacobs","null","null","null","null","null","null","null","null","null","null","null",""
"2777","Flavouring - Orange","Stokes, Lind and Jacobs","null","null","null","null","null","null","null","null","null","null","null",""
"2778","Flavouring - Orange","Stokes, Lind and Jacobs","null","2019","6","1.0000","10.80","1","0","11.92","-1.12","null","-10.37037",""
"2779","Flavouring - Orange","Stokes, Lind and Jacobs","null","null","null","null","null","null","null","null","null","null","null",""
"2780","Tomatoes","Stokes, Lind and Jacobs","null","null","null","null","null","null","null","null","null","null","null",""
"2781","Tomatoes","Stokes, Lind and Jacobs","null","2019","1","21.0000","364.50","6","0","84.18","280.32","null","76.90535",""
"2782","Chinese Foods - Plain Fried Rice","Stokes, Lind and Jacobs","null","null","null","null","null","null","null","null","null","null","null",""
"2783","Chinese Foods - Plain Fried Rice","Stokes, Lind and Jacobs","null","null","null","null","null","null","null","null","null","null","null",""
"2784","Chinese Foods - Plain Fried Rice","Stokes, Lind and Jacobs","null","2019","2","8.0000","138.00","4","0","32.08","105.92","null","76.75362",""
"2785","Chinese Foods - Plain Fried Rice","Stokes, Lind and Jacobs","null","null","null","null","null","null","null","null","null","null","null",""
"2786","Chinese Foods - Plain Fried Rice","Stokes, Lind and Jacobs","null","2019","3","7.0000","115.50","2","0","28.06","87.44","null","75.70563",""
"2787","Chinese Foods - Plain Fried Rice","Stokes, Lind and Jacobs","null","2019","4","10.0000","165.00","4","0","40.09","124.91","null","75.70303",""
"2788","Chinese Foods - Plain Fried Rice","Stokes, Lind and Jacobs","null","2019","5","11.0000","181.50","2","0","44.10","137.40","null","75.70248",""
"2789","Chinese Foods - Plain Fried Rice","Stokes, Lind and Jacobs","null","2019","6","6.0000","99.00","1","0","24.05","74.95","null","75.70707",""
"2790","Mix Pina Colada","Stokes, Lind and Jacobs","null","null","null","null","null","null","null","null","null","null","null",""
"2791","Mix Pina Colada","Stokes, Lind and Jacobs","null","2019","1","2.0000","29.00","2","0","7.76","21.24","null","73.24138",""
"2792","Lidsoupcont Rp12dn","Stokes, Lind and Jacobs","null","null","null","null","null","null","null","null","null","null","null",""
"2793","Lidsoupcont Rp12dn","Stokes, Lind and Jacobs","null","null","null","null","null","null","null","null","null","null","null",""
"2794","Lidsoupcont Rp12dn","Stokes, Lind and Jacobs","null","2019","2","13.0000","215.50","8","0","50.40","165.10","null","76.61253",""
"2795","Lidsoupcont Rp12dn","Stokes, Lind and Jacobs","null","null","null","null","null","null","null","null","null","null","null",""
"2796","Lidsoupcont Rp12dn","Stokes, Lind and Jacobs","null","2019","3","22.0000","368.50","8","0","85.27","283.23","null","76.86024",""
"2797","Lidsoupcont Rp12dn","Stokes, Lind and Jacobs","null","2019","4","41.0000","686.75","9","0","158.91","527.84","null","76.86058",""
"2798","Lidsoupcont Rp12dn","Stokes, Lind and Jacobs","null","2019","5","27.0000","452.25","11","0","104.64","347.61","null","76.86235",""
"2799","Lidsoupcont Rp12dn","Stokes, Lind and Jacobs","null","2019","6","36.0000","603.00","7","0","139.51","463.49","null","76.86401",""
"2800","Kohlrabi","Stokes, Lind and Jacobs","null","null","null","null","null","null","null","null","null","null","null",""
"2801","Kohlrabi","Stokes, Lind and Jacobs","null","2019","2","1.0000","10.80","1","0","4.13","6.67","null","61.75926",""
"2802","Puree - Guava","Stokes, Lind and Jacobs","null","null","null","null","null","null","null","null","null","null","null",""
"2803","Puree - Guava","Stokes, Lind and Jacobs","null","null","null","null","null","null","null","null","null","null","null",""
"2804","Puree - Guava","Stokes, Lind and Jacobs","null","2019","4","1.0000","10.80","1","0","4.13","6.67","null","61.75926",""
"2805","Puree - Guava","Stokes, Lind and Jacobs","null","null","null","null","null","null","null","null","null","null","null",""
"2806","Puree - Guava","Stokes, Lind and Jacobs","null","2019","5","1.0000","10.80","1","0","4.13","6.67","null","61.75926",""
"2807","Puree - Guava","Stokes, Lind and Jacobs","null","2019","6","1.0000","14.00","1","0","4.13","9.87","null","70.50000",""
"2808","Caviar - Salmon","Stokes, Lind and Jacobs","null","null","null","null","null","null","null","null","null","null","null",""
"2809","Caviar - Salmon","Stokes, Lind and Jacobs","null","2019","1","1.0000","18.75","1","0","11.15","7.60","null","40.53333",""
"2810","Asparagus - Mexican","Stokes, Lind and Jacobs","null","null","null","null","null","null","null","null","null","null","null",""
"2811","Asparagus - Mexican","Stokes, Lind and Jacobs","null","null","null","null","null","null","null","null","null","null","null",""
"2812","Pomegranates","Stokes, Lind and Jacobs","null","null","null","null","null","null","null","null","null","null","null",""
"2813","Pomegranates","Stokes, Lind and Jacobs","null","2019","5","5.0000","125.00","1","0","66.17","58.83","null","47.06400",""
"2814","Bread - Malt","Stokes, Lind and Jacobs","null","null","null","null","null","null","null","null","null","null","null",""
"2815","Bread - Malt","Stokes, Lind and Jacobs","null","null","null","null","null","null","null","null","null","null","null",""
"2816","Sugar - Icing","Stokes, Lind and Jacobs","null","null","null","null","null","null","null","null","null","null","null",""
"2817","Sugar - Icing","Stokes, Lind and Jacobs","null","2019","1","14.0000","509.50","4","0","167.36","342.14","null","67.15211",""
"2818","Evaporated Milk - Skim","Stokes, Lind and Jacobs","null","null","null","null","null","null","null","null","null","null","null",""
"2819","Evaporated Milk - Skim","Stokes, Lind and Jacobs","null","null","null","null","null","null","null","null","null","null","null",""
"2820","Evaporated Milk - Skim","Stokes, Lind and Jacobs","null","2019","2","20.0000","693.50","6","0","239.09","454.41","null","65.52415",""
"2821","Evaporated Milk - Skim","Stokes, Lind and Jacobs","null","null","null","null","null","null","null","null","null","null","null",""
"2822","Evaporated Milk - Skim","Stokes, Lind and Jacobs","null","2019","3","21.0000","766.50","6","0","251.05","515.45","null","67.24723",""
"2823","Evaporated Milk - Skim","Stokes, Lind and Jacobs","null","2019","4","20.0000","730.00","7","0","239.10","490.90","null","67.24658",""
"2824","Evaporated Milk - Skim","Stokes, Lind and Jacobs","null","2019","5","29.0000","1,058.50","8","0","346.68","711.82","null","67.24799",""
"2825","Evaporated Milk - Skim","Stokes, Lind and Jacobs","null","2019","6","32.0000","1,168.00","9","0","382.54","785.46","null","67.24829",""
"2826","Wine - Periguita Fonseca","Stokes, Lind and Jacobs","null","null","null","null","null","null","null","null","null","null","null",""
"2827","Wine - Periguita Fonseca","Stokes, Lind and Jacobs","null","2019","1","192.0000","3,729.00","12","0","1,252.80","2,476.20","null","66.40386",""
"2828","Wild Mix 3#/cs","Stokes, Lind and Jacobs","null","null","null","null","null","null","null","null","null","null","null",""
"2829","Wild Mix 3#/cs","Stokes, Lind and Jacobs","null","null","null","null","null","null","null","null","null","null","null",""
"2830","Wild Mix 3#/cs","Stokes, Lind and Jacobs","null","2019","2","174.0000","3,616.00","14","0","1,135.35","2,480.65","null","68.60205",""
"2831","Wild Mix 3#/cs","Stokes, Lind and Jacobs","null","null","null","null","null","null","null","null","null","null","null",""
"2832","Wild Mix 3#/cs","Stokes, Lind and Jacobs","null","2019","3","160.0000","3,280.00","12","0","1,044.00","2,236.00","null","68.17073",""
"2833","Wild Mix 3#/cs","Stokes, Lind and Jacobs","null","2019","4","180.0000","3,690.00","12","0","1,174.50","2,515.50","null","68.17073",""
"2834","Wild Mix 3#/cs","Stokes, Lind and Jacobs","null","2019","5","270.0000","5,586.00","14","0","1,761.75","3,824.25","null","68.46133",""
"2835","Wild Mix 3#/cs","Stokes, Lind and Jacobs","null","2019","6","162.0000","3,402.00","12","0","1,057.05","2,344.95","null","68.92857",""
"2836","Hot Chocolate - Individual","Stokes, Lind and Jacobs","null","null","null","null","null","null","null","null","null","null","null",""
"2837","Hot Chocolate - Individual","Stokes, Lind and Jacobs","null","2019","1","10.0000","250.00","2","0","118.69","131.31","null","52.52400",""
"2838","Cucumber - Pickling Ontario","Stokes, Lind and Jacobs","null","null","null","null","null","null","null","null","null","null","null",""
"2839","Cucumber - Pickling Ontario","Stokes, Lind and Jacobs","null","null","null","null","null","null","null","null","null","null","null",""
"2840","Cucumber - Pickling Ontario","Stokes, Lind and Jacobs","null","2019","2","10.0000","320.00","1","0","118.52","201.48","null","62.96250",""
"2841","Cucumber - Pickling Ontario","Stokes, Lind and Jacobs","null","null","null","null","null","null","null","null","null","null","null",""
"2842","Cucumber - Pickling Ontario","Stokes, Lind and Jacobs","null","2019","3","10.0000","320.00","1","0","118.52","201.48","null","62.96250",""
"2843","Cucumber - Pickling Ontario","Stokes, Lind and Jacobs","null","2019","4","10.0000","320.00","1","0","118.52","201.48","null","62.96250",""
"2844","Cucumber - Pickling Ontario","Stokes, Lind and Jacobs","null","2019","5","20.0000","640.00","2","0","237.04","402.96","null","62.96250",""
"2845","Cucumber - Pickling Ontario","Stokes, Lind and Jacobs","null","2019","6","10.0000","320.00","1","0","118.52","201.48","null","62.96250",""
"2846","V8 Splash Strawberry Banana","Stokes, Lind and Jacobs","null","null","null","null","null","null","null","null","null","null","null",""
"2847","V8 Splash Strawberry Banana","Stokes, Lind and Jacobs","null","2019","1","2.0000","120.50","2","0","31.58","88.92","null","73.79253",""
"2848","Soup Knorr Chili With Beans","Stokes, Lind and Jacobs","null","null","null","null","null","null","null","null","null","null","null",""
"2849","Soup Knorr Chili With Beans","Stokes, Lind and Jacobs","null","null","null","null","null","null","null","null","null","null","null",""
"2850","Soup Knorr Chili With Beans","Stokes, Lind and Jacobs","null","2019","2","2.0000","42.00","2","0","31.58","10.42","null","24.80952",""
"2851","Soup Knorr Chili With Beans","Stokes, Lind and Jacobs","null","null","null","null","null","null","null","null","null","null","null",""
"2852","Soup Knorr Chili With Beans","Stokes, Lind and Jacobs","null","2019","4","1.0000","42.00","1","0","18.77","23.23","null","55.30952",""
"2853","Soup Knorr Chili With Beans","Stokes, Lind and Jacobs","null","2019","6","1.0000","42.00","1","0","18.42","23.58","null","56.14286",""
"2854","Beef - Kindney, Whole","Stokes, Lind and Jacobs","null","null","null","null","null","null","null","null","null","null","null",""
"2855","Beef - Kindney, Whole","Stokes, Lind and Jacobs","null","2019","2","1.0000","0.00","1","0","14.20","-14.20","null","0.00000",""
"2856","Dried Black Trumpet 8 oz/pp","Stokes, Lind and Jacobs","null","null","null","null","null","null","null","null","null","null","null",""
"2857","Dried Black Trumpet 8 oz/pp","Stokes, Lind and Jacobs","null","null","null","null","null","null","null","null","null","null","null",""
"2858","Lemonade - Kiwi, 591 Ml","Stokes, Lind and Jacobs","null","null","null","null","null","null","null","null","null","null","null",""
"2859","Lemonade - Kiwi, 591 Ml","Stokes, Lind and Jacobs","null","2019","3","1.0000","65.00","1","0","42.27","22.73","null","34.96923",""
"2860","Lemons","Stokes, Lind and Jacobs","null","null","null","null","null","null","null","null","null","null","null",""
"2861","Lemons","Stokes, Lind and Jacobs","null","null","null","null","null","null","null","null","null","null","null",""
"2862","Pears - Bartlett","Stokes, Lind and Jacobs","null","null","null","null","null","null","null","null","null","null","null",""
"2863","Pears - Bartlett","Stokes, Lind and Jacobs","null","2019","2","1.0000","0.00","1","0","18.69","-18.69","null","0.00000",""
"2864","Food Colouring - Orange","Stokes, Lind and Jacobs","null","null","null","null","null","null","null","null","null","null","null",""
"2865","Food Colouring - Orange","Stokes, Lind and Jacobs","null","null","null","null","null","null","null","null","null","null","null",""
"2866","Pepper - Sorrano","Stokes, Lind and Jacobs","null","null","null","null","null","null","null","null","null","null","null",""
"2867","Pepper - Sorrano","Stokes, Lind and Jacobs","null","2019","1","20.0000","515.00","2","0","186.96","328.04","null","63.69709",""
"2868","Coffee Caramel Biscotti","Stokes, Lind and Jacobs","null","null","null","null","null","null","null","null","null","null","null",""
"2869","Coffee Caramel Biscotti","Stokes, Lind and Jacobs","null","null","null","null","null","null","null","null","null","null","null",""
"2870","Coffee Caramel Biscotti","Stokes, Lind and Jacobs","null","2019","2","20.0000","500.00","2","0","186.96","313.04","null","62.60800",""
"2871","Coffee Caramel Biscotti","Stokes, Lind and Jacobs","null","null","null","null","null","null","null","null","null","null","null",""
"2872","Coffee Caramel Biscotti","Stokes, Lind and Jacobs","null","2019","3","20.0000","500.00","2","0","186.96","313.04","null","62.60800",""
"2873","Coffee Caramel Biscotti","Stokes, Lind and Jacobs","null","2019","4","20.0000","500.00","2","0","186.96","313.04","null","62.60800",""
"2874","Coffee Caramel Biscotti","Stokes, Lind and Jacobs","null","2019","5","20.0000","500.00","2","0","186.96","313.04","null","62.60800",""
"2875","Coffee Caramel Biscotti","Stokes, Lind and Jacobs","null","2019","6","20.0000","500.00","2","0","186.96","313.04","null","62.60800",""
"2876","Rum - Light, Captain Morgan","Stokes, Lind and Jacobs","null","null","null","null","null","null","null","null","null","null","null",""
"2877","Rum - Light, Captain Morgan","Stokes, Lind and Jacobs","null","2019","2","10.0000","185.00","1","0","61.64","123.36","null","66.68108",""
"2878","Dried Specialty Mix 8oz/pp","Stokes, Lind and Jacobs","null","null","null","null","null","null","null","null","null","null","null",""
"2879","Dried Specialty Mix 8oz/pp","Stokes, Lind and Jacobs","null","null","null","null","null","null","null","null","null","null","null",""
"2880","Dried Specialty Mix 8oz/pp","Stokes, Lind and Jacobs","null","2019","3","10.0000","185.00","1","0","61.68","123.32","null","66.65946",""
"2881","Dried Specialty Mix 8oz/pp","Stokes, Lind and Jacobs","null","null","null","null","null","null","null","null","null","null","null",""
"2882","Dried Specialty Mix 8oz/pp","Stokes, Lind and Jacobs","null","2019","4","20.0000","370.00","2","0","123.36","246.64","null","66.65946",""
"2883","Dried Specialty Mix 8oz/pp","Stokes, Lind and Jacobs","null","2019","5","10.0000","185.00","1","0","61.68","123.32","null","66.65946",""
"2884","Dried Specialty Mix 8oz/pp","Stokes, Lind and Jacobs","null","2019","6","10.0000","185.00","1","0","61.68","123.32","null","66.65946",""
"2885","Cheese - Swiss","Stokes, Lind and Jacobs","null","null","null","null","null","null","null","null","null","null","null",""
"2886","Cheese - Swiss","Stokes, Lind and Jacobs","null","2019","1","2.0000","36.00","2","0","15.68","20.32","null","56.44444",""
"2887","Potatoes - Idaho 80 Count","Stokes, Lind and Jacobs","null","null","null","null","null","null","null","null","null","null","null",""
"2888","Potatoes - Idaho 80 Count","Stokes, Lind and Jacobs","null","null","null","null","null","null","null","null","null","null","null",""
"2889","Potatoes - Idaho 80 Count","Stokes, Lind and Jacobs","null","2019","2","2.0000","26.25","2","0","15.68","10.57","null","40.26667",""
"2890","Potatoes - Idaho 80 Count","Stokes, Lind and Jacobs","null","null","null","null","null","null","null","null","null","null","null",""
"2891","Potatoes - Idaho 80 Count","Stokes, Lind and Jacobs","null","2019","5","5.0000","131.25","2","0","65.58","65.67","null","50.03429",""
"2892","Cheese - Gouda","Stokes, Lind and Jacobs","null","null","null","null","null","null","null","null","null","null","null",""
"2893","Cheese - Gouda","Stokes, Lind and Jacobs","null","2019","2","1.0000","0.00","1","0","14.92","-14.92","null","0.00000",""
"2894","Wine - White, Riesling, Henry Of","Stokes, Lind and Jacobs","null","null","null","null","null","null","null","null","null","null","null",""
"2895","Wine - White, Riesling, Henry Of","Stokes, Lind and Jacobs","null","null","null","null","null","null","null","null","null","null","null",""
"2896","Wine - White, Riesling, Henry Of","Stokes, Lind and Jacobs","null","2019","5","2.0000","49.00","2","0","29.84","19.16","null","39.10204",""
"2897","Wine - White, Riesling, Henry Of","Stokes, Lind and Jacobs","null","null","null","null","null","null","null","null","null","null","null",""
"2898","Wine - White, Riesling, Henry Of","Stokes, Lind and Jacobs","null","2019","6","2.0000","49.00","1","0","29.83","19.17","null","39.12245",""
"2899","Wine - Fat Bastard Merlot","Stokes, Lind and Jacobs","null","null","null","null","null","null","null","null","null","null","null",""
"2900","Wine - Fat Bastard Merlot","Stokes, Lind and Jacobs","null","2019","1","2.0000","34.50","1","0","11.78","22.72","null","65.85507",""
"2901","Tahini Paste","Stokes, Lind and Jacobs","null","null","null","null","null","null","null","null","null","null","null",""
"2902","Tahini Paste","Stokes, Lind and Jacobs","null","null","null","null","null","null","null","null","null","null","null",""
"2903","Tahini Paste","Stokes, Lind and Jacobs","null","2019","2","2.0000","37.50","2","0","11.78","25.72","null","68.58667",""
"2904","Tahini Paste","Stokes, Lind and Jacobs","null","null","null","null","null","null","null","null","null","null","null",""
"2905","Tahini Paste","Stokes, Lind and Jacobs","null","2019","3","6.0000","112.50","3","0","35.34","77.16","null","68.58667",""
"2906","Tahini Paste","Stokes, Lind and Jacobs","null","2019","4","2.0000","37.50","1","0","11.78","25.72","null","68.58667",""
"2907","Tahini Paste","Stokes, Lind and Jacobs","null","2019","6","1.0000","18.75","1","0","5.89","12.86","null","68.58667",""
"2908","Dried Peach","Stokes, Lind and Jacobs","null","null","null","null","null","null","null","null","null","null","null",""
"2909","Dried Peach","Stokes, Lind and Jacobs","null","2019","4","2.0000","52.50","1","0","15.68","36.82","null","70.13333",""
"2910","Dried Organic Goji Berries 1lb","Stokes, Lind and Jacobs","null","null","null","null","null","null","null","null","null","null","null",""
"2911","Dried Organic Goji Berries 1lb","Stokes, Lind and Jacobs","null","null","null","null","null","null","null","null","null","null","null",""
"2912","Gatorade - Xfactor Berry","Stokes, Lind and Jacobs","null","null","null","null","null","null","null","null","null","null","null",""
"2913","Gatorade - Xfactor Berry","Stokes, Lind and Jacobs","null","2019","5","6.0000","298.50","3","0","144.40","154.10","null","51.62479",""
"2914","Muffins - Assorted","Stokes, Lind and Jacobs","null","null","null","null","null","null","null","null","null","null","null",""
"2915","Muffins - Assorted","Stokes, Lind and Jacobs","null","null","null","null","null","null","null","null","null","null","null",""
"2916","Bread - English Muffin","Stokes, Lind and Jacobs","null","null","null","null","null","null","null","null","null","null","null",""
"2917","Bread - English Muffin","Stokes, Lind and Jacobs","null","2019","6","3.0000","153.00","1","0","81.33","71.67","null","46.84314",""
"2918","Fresh Sea Asparagus 3lb","Stokes, Lind and Jacobs","null","null","null","null","null","null","null","null","null","null","null",""
"2919","Fresh Sea Asparagus 3lb","Stokes, Lind and Jacobs","null","null","null","null","null","null","null","null","null","null","null",""
"2920","Cranberries - Frozen","Stokes, Lind and Jacobs","null","null","null","null","null","null","null","null","null","null","null",""
"2921","Cranberries - Frozen","Stokes, Lind and Jacobs","null","2019","1","2.0000","45.00","1","0","18.51","26.49","null","58.86667",""
"2922","V8 Pet","Stokes, Lind and Jacobs","null","null","null","null","null","null","null","null","null","null","null",""
"2923","V8 Pet","Stokes, Lind and Jacobs","null","null","null","null","null","null","null","null","null","null","null",""
"2924","V8 Pet","Stokes, Lind and Jacobs","null","2019","2","4.0000","67.50","3","0","37.04","30.46","null","45.12593",""
"2925","V8 Pet","Stokes, Lind and Jacobs","null","null","null","null","null","null","null","null","null","null","null",""
"2926","V8 Pet","Stokes, Lind and Jacobs","null","2019","3","4.0000","90.00","3","0","42.81","47.19","null","52.43333",""
"2927","V8 Pet","Stokes, Lind and Jacobs","null","2019","5","5.0000","112.50","4","0","48.68","63.82","null","56.72889",""
"2928","V8 Pet","Stokes, Lind and Jacobs","null","2019","6","10.0000","225.00","4","0","94.88","130.12","null","57.83111",""
"2929","Soup - Campbells, Lentil","Stokes, Lind and Jacobs","null","null","null","null","null","null","null","null","null","null","null",""
"2930","Soup - Campbells, Lentil","Stokes, Lind and Jacobs","null","2019","1","158.0000","3,258.00","14","0","856.88","2,401.12","null","73.69920",""
"2931","Hersey Shakes","Stokes, Lind and Jacobs","null","null","null","null","null","null","null","null","null","null","null",""
"2932","Hersey Shakes","Stokes, Lind and Jacobs","null","null","null","null","null","null","null","null","null","null","null",""
"2933","Hersey Shakes","Stokes, Lind and Jacobs","null","2019","2","111.0000","2,358.00","9","0","601.96","1,756.04","null","74.47159",""
"2934","Hersey Shakes","Stokes, Lind and Jacobs","null","null","null","null","null","null","null","null","null","null","null",""
"2935","Hersey Shakes","Stokes, Lind and Jacobs","null","2019","3","144.0000","3,024.00","10","0","780.92","2,243.08","null","74.17593",""
"2936","Hersey Shakes","Stokes, Lind and Jacobs","null","2019","4","121.0000","2,541.00","10","0","656.19","1,884.81","null","74.17591",""
"2937","Hersey Shakes","Stokes, Lind and Jacobs","null","2019","5","204.0000","4,284.00","13","0","1,106.29","3,177.71","null","74.17624",""
"2938","Hersey Shakes","Stokes, Lind and Jacobs","null","2019","6","191.0000","4,011.00","12","0","1,035.78","2,975.22","null","74.17651",""
"2939","Pepper - Jalapeno","Stokes, Lind and Jacobs","null","null","null","null","null","null","null","null","null","null","null",""
"2940","Pepper - Jalapeno","Stokes, Lind and Jacobs","null","2019","1","345.0000","2,797.50","14","0","2,333.79","463.71","null","16.57587",""
"2941","Thyme - Fresh","Stokes, Lind and Jacobs","null","null","null","null","null","null","null","null","null","null","null",""
"2942","Thyme - Fresh","Stokes, Lind and Jacobs","null","null","null","null","null","null","null","null","null","null","null",""
"2943","Thyme - Fresh","Stokes, Lind and Jacobs","null","2019","2","280.0000","2,395.00","10","0","1,577.10","817.90","null","34.15031",""
"2944","Thyme - Fresh","Stokes, Lind and Jacobs","null","null","null","null","null","null","null","null","null","null","null",""
"2945","Thyme - Fresh","Stokes, Lind and Jacobs","null","2019","3","305.0000","2,592.50","13","0","1,769.00","823.50","null","31.76471",""
"2946","Thyme - Fresh","Stokes, Lind and Jacobs","null","2019","4","325.0000","2,762.50","12","0","1,725.23","1,037.27","null","37.54824",""
"2947","Thyme - Fresh","Stokes, Lind and Jacobs","null","2019","5","410.0000","3,485.00","14","0","2,245.50","1,239.50","null","35.56671",""
"2948","Thyme - Fresh","Stokes, Lind and Jacobs","null","2019","6","340.0000","3,200.00","12","0","1,857.00","1,343.00","null","41.96875",""
"2949","Ice Cream Bar - Hagen Daz","Stokes, Lind and Jacobs","null","null","null","null","null","null","null","null","null","null","null",""
"2950","Ice Cream Bar - Hagen Daz","Stokes, Lind and Jacobs","null","2019","4","2.0000","99.50","3","0","51.27","48.23","null","48.47236",""
"2951","Artichokes - Knobless, White","Stokes, Lind and Jacobs","null","null","null","null","null","null","null","null","null","null","null",""
"2952","Artichokes - Knobless, White","Stokes, Lind and Jacobs","null","null","null","null","null","null","null","null","null","null","null",""
"2953","Artichokes - Knobless, White","Stokes, Lind and Jacobs","null","2019","5","0.0000","0.00","1","0","0.00","0.00","null","0.00000",""
"2954","Artichokes - Knobless, White","Stokes, Lind and Jacobs","null","null","null","null","null","null","null","null","null","null","null",""
"2955","Soup - Campbells","Stokes, Lind and Jacobs","null","null","null","null","null","null","null","null","null","null","null",""
"2956","Soup - Campbells","Stokes, Lind and Jacobs","null","2019","3","16.0000","728.00","1","0","163.29","564.71","null","77.57005",""
"2957","Snapple Lemon Tea","Stokes, Lind and Jacobs","null","null","null","null","null","null","null","null","null","null","null",""
"2958","Snapple Lemon Tea","Stokes, Lind and Jacobs","null","null","null","null","null","null","null","null","null","null","null",""
"2959","Snapple Lemon Tea","Stokes, Lind and Jacobs","null","null","null","null","null","null","null","null","null","null","null",""
"2960","null","null","Customer Total:","null","null","null","88,089.98","null","null","35,324.94","null","null","null",""
"2961","Snapple Lemon Tea","Stokes, Lind and Jacobs","null","null","null","null","null","null","null","null","null","null","null",""
"2962","Snapple Lemon Tea","Glover Inc","null","null","null","null","null","null","null","null","null","null","null",""
"2963","Wine - Periguita Fonseca","Glover Inc","null","null","null","null","null","null","null","null","null","null","null",""
"2964","Wine - Periguita Fonseca","Glover Inc","null","2019","1","40.0000","640.00","2","0","261.00","379.00","null","59.21875",""
"2965","Wild Mix 3#/cs","Glover Inc","null","null","null","null","null","null","null","null","null","null","null",""
"2966","Wild Mix 3#/cs","Glover Inc","null","null","null","null","null","null","null","null","null","null","null",""
"2967","Wild Mix 3#/cs","Glover Inc","null","2019","2","50.0000","800.00","3","0","326.25","473.75","null","59.21875",""
"2968","Wild Mix 3#/cs","Glover Inc","null","null","null","null","null","null","null","null","null","null","null",""
"2969","Wild Mix 3#/cs","Glover Inc","null","2019","3","45.0000","720.00","4","0","293.63","426.37","null","59.21806",""
"2970","Wild Mix 3#/cs","Glover Inc","null","2019","4","50.0000","800.00","3","0","326.26","473.74","null","59.21750",""
"2971","Wild Mix 3#/cs","Glover Inc","null","2019","5","40.0000","640.00","2","0","261.00","379.00","null","59.21875",""
"2972","Wild Mix 3#/cs","Glover Inc","null","2019","6","55.0000","880.00","3","0","358.88","521.12","null","59.21818",""
"2973","Wild Mix 3#/cs","Glover Inc","null","null","null","null","null","null","null","null","null","null","null",""
"2974","null","null","Customer Total:","null","null","null","4,480.00","null","null","1,827.02","null","null","null",""
"2975","Wild Mix 3#/cs","Glover Inc","null","null","null","null","null","null","null","null","null","null","null",""
"2976","Wild Mix 3#/cs","Gleason-Kiehn","null","null","null","null","null","null","null","null","null","null","null",""
"2977","Island Oasis - Cappucino Mix","Gleason-Kiehn","null","null","null","null","null","null","null","null","null","null","null",""
"2978","Island Oasis - Cappucino Mix","Gleason-Kiehn","null","2019","1","19.0000","325.50","6","0","173.17","152.33","null","46.79877",""
"2979","Tomato - Tricolor Cherry","Gleason-Kiehn","null","null","null","null","null","null","null","null","null","null","null",""
"2980","Tomato - Tricolor Cherry","Gleason-Kiehn","null","null","null","null","null","null","null","null","null","null","null",""
"2981","Tomato - Tricolor Cherry","Gleason-Kiehn","null","2019","2","11.0000","210.50","3","0","100.25","110.25","null","52.37530",""
"2982","Tomato - Tricolor Cherry","Gleason-Kiehn","null","null","null","null","null","null","null","null","null","null","null",""
"2983","Tomato - Tricolor Cherry","Gleason-Kiehn","null","2019","3","11.0000","192.50","3","0","100.26","92.24","null","47.91688",""
"2984","Tomato - Tricolor Cherry","Gleason-Kiehn","null","2019","4","12.0000","237.00","3","0","109.37","127.63","null","53.85232",""
"2985","Tomato - Tricolor Cherry","Gleason-Kiehn","null","2019","5","17.0000","335.75","4","0","154.94","180.81","null","53.85257",""
"2986","Tomato - Tricolor Cherry","Gleason-Kiehn","null","2019","6","3.0000","59.25","1","0","27.34","31.91","null","53.85654",""
"2987","null","null","Customer Total:","null","null","null","1,360.50","null","null","665.33","null","null","null",""
"2988","Tomato - Tricolor Cherry","Gleason-Kiehn","null","null","null","null","null","null","null","null","null","null","null",""
"2989","Tomato - Tricolor Cherry","Wiegand, Champlin and Wuckert","null","null","null","null","null","null","null","null","null","null","null",""
"2990","Cake - Pancake","Wiegand, Champlin and Wuckert","null","null","null","null","null","null","null","null","null","null","null",""
"2991","Cake - Pancake","Wiegand, Champlin and Wuckert","null","2019","5","2.0000","130.80","1","0","90.54","40.26","null","30.77982",""
"2992","Squid - Breaded","Wiegand, Champlin and Wuckert","null","null","null","null","null","null","null","null","null","null","null",""
"2993","Squid - Breaded","Wiegand, Champlin and Wuckert","null","null","null","null","null","null","null","null","null","null","null",""
"2994","Soup - Base Broth Beef","Wiegand, Champlin and Wuckert","null","null","null","null","null","null","null","null","null","null","null",""
"2995","Soup - Base Broth Beef","Wiegand, Champlin and Wuckert","null","2019","1","50.0000","2,650.00","5","0","933.25","1,716.75","null","64.78302",""
"2996","Flour - All Purpose","Wiegand, Champlin and Wuckert","null","null","null","null","null","null","null","null","null","null","null",""
"2997","Flour - All Purpose","Wiegand, Champlin and Wuckert","null","null","null","null","null","null","null","null","null","null","null",""
"2998","Flour - All Purpose","Wiegand, Champlin and Wuckert","null","2019","2","50.0000","2,695.00","5","0","933.25","1,761.75","null","65.37106",""
"2999","Flour - All Purpose","Wiegand, Champlin and Wuckert","null","null","null","null","null","null","null","null","null","null","null",""
"3000","Flour - All Purpose","Wiegand, Champlin and Wuckert","null","2019","3","30.0000","1,740.00","3","0","559.95","1,180.05","null","67.81897",""
"3001","Flour - All Purpose","Wiegand, Champlin and Wuckert","null","2019","4","60.0000","3,480.00","6","0","1,119.90","2,360.10","null","67.81897",""
"3002","Flour - All Purpose","Wiegand, Champlin and Wuckert","null","2019","5","62.0000","3,596.00","6","0","1,157.23","2,438.77","null","67.81897",""
"3003","Flour - All Purpose","Wiegand, Champlin and Wuckert","null","2019","6","54.0000","3,132.00","4","0","1,007.93","2,124.07","null","67.81833",""
"3004","Flour - All Purpose","Wiegand, Champlin and Wuckert","null","null","null","null","null","null","null","null","null","null","null",""
"3005","null","null","Customer Total:","null","null","null","17,423.80","null","null","5,802.05","null","null","null",""
"3006","Flour - All Purpose","Wiegand, Champlin and Wuckert","null","null","null","null","null","null","null","null","null","null","null",""
"3007","Flour - All Purpose","Satterfield LLC","null","null","null","null","null","null","null","null","null","null","null",""
"3008","Orange Roughy 4/6 Oz","Satterfield LLC","null","null","null","null","null","null","null","null","null","null","null",""
"3009","Orange Roughy 4/6 Oz","Satterfield LLC","null","2019","1","115.0000","2,041.25","8","0","1,772.82","268.43","null","13.15028",""
"3010","Crab - Dungeness, Whole","Satterfield LLC","null","null","null","null","null","null","null","null","null","null","null",""
"3011","Crab - Dungeness, Whole","Satterfield LLC","null","null","null","null","null","null","null","null","null","null","null",""
"3012","Crab - Dungeness, Whole","Satterfield LLC","null","2019","2","90.0000","2,100.00","6","1","1,378.69","511.31","null","27.05344",""
"3013","Crab - Dungeness, Whole","Satterfield LLC","null","null","null","null","null","null","null","null","null","null","null",""
"3014","Crab - Dungeness, Whole","Satterfield LLC","null","2019","3","160.0000","3,360.00","7","0","2,448.76","911.24","null","27.12024",""
"3015","Crab - Dungeness, Whole","Satterfield LLC","null","2019","5","5.0000","100.00","1","0","76.58","23.42","null","23.42000",""
"3016","Shopper Bag - S - 4","Satterfield LLC","null","null","null","null","null","null","null","null","null","null","null",""
"3017","Shopper Bag - S - 4","Satterfield LLC","null","2019","1","4.0000","60.00","3","0","32.15","27.85","null","46.41667",""
"3018","Lemonade - Strawberry, 591 Ml","Satterfield LLC","null","null","null","null","null","null","null","null","null","null","null",""
"3019","Lemonade - Strawberry, 591 Ml","Satterfield LLC","null","null","null","null","null","null","null","null","null","null","null",""
"3020","Lemonade - Strawberry, 591 Ml","Satterfield LLC","null","2019","2","2.0000","30.00","2","0","15.98","14.02","null","46.73333",""
"3021","Lemonade - Strawberry, 591 Ml","Satterfield LLC","null","null","null","null","null","null","null","null","null","null","null",""
"3022","Lemonade - Strawberry, 591 Ml","Satterfield LLC","null","2019","3","4.0000","60.00","4","0","31.96","28.04","null","46.73333",""
"3023","Lemonade - Strawberry, 591 Ml","Satterfield LLC","null","2019","5","2.0000","30.00","1","0","15.97","14.03","null","46.76667",""
"3024","Soup - Campbells","Satterfield LLC","null","null","null","null","null","null","null","null","null","null","null",""
"3025","Soup - Campbells","Satterfield LLC","null","2019","1","1.0000","41.00","1","0","31.58","9.42","null","22.97561",""
"3026","Snapple Lemon Tea","Satterfield LLC","null","null","null","null","null","null","null","null","null","null","null",""
"3027","Snapple Lemon Tea","Satterfield LLC","null","null","null","null","null","null","null","null","null","null","null",""
"3028","Snapple Lemon Tea","Satterfield LLC","null","2019","2","2.0000","82.00","1","0","55.23","26.77","null","32.64634",""
"3029","Snapple Lemon Tea","Satterfield LLC","null","null","null","null","null","null","null","null","null","null","null",""
"3030","Snapple Lemon Tea","Satterfield LLC","null","2019","5","5.0000","205.00","1","0","70.09","134.91","null","65.80976",""
"3031","Snapple Lemon Tea","Satterfield LLC","null","null","null","null","null","null","null","null","null","null","null",""
"3032","null","null","Customer Total:","null","null","null","8,109.25","null","null","5,929.81","null","null","null",""
"3033","Snapple Lemon Tea","Satterfield LLC","null","null","null","null","null","null","null","null","null","null","null",""
"3034","Snapple Lemon Tea","Hamill-Steuber","null","null","null","null","null","null","null","null","null","null","null",""
"3035","Soup - Base Broth Beef","Hamill-Steuber","null","null","null","null","null","null","null","null","null","null","null",""
"3036","Soup - Base Broth Beef","Hamill-Steuber","null","2019","1","10.0000","520.00","1","0","186.65","333.35","null","64.10577",""
"3037","Flour - All Purpose","Hamill-Steuber","null","null","null","null","null","null","null","null","null","null","null",""
"3038","Flour - All Purpose","Hamill-Steuber","null","null","null","null","null","null","null","null","null","null","null",""
"3039","Flour - All Purpose","Hamill-Steuber","null","2019","3","16.0000","832.00","1","0","298.64","533.36","null","64.10577",""
"3040","Flour - All Purpose","Hamill-Steuber","null","null","null","null","null","null","null","null","null","null","null",""
"3041","Flour - All Purpose","Hamill-Steuber","null","null","null","null","null","null","null","null","null","null","null",""
"3042","null","null","Customer Total:","null","null","null","1,352.00","null","null","485.29","null","null","null",""
"3043","Flour - All Purpose","Hamill-Steuber","null","null","null","null","null","null","null","null","null","null","null",""
"3044","Flour - All Purpose","Schamberger-Von","null","null","null","null","null","null","null","null","null","null","null",""
"3045","Tomatoes - Heirloom","Schamberger-Von","null","null","null","null","null","null","null","null","null","null","null",""
"3046","Tomatoes - Heirloom","Schamberger-Von","null","2019","1","3.0000","44.55","1","0","28.24","16.31","null","36.61055",""
"3047","Wine - Red, Metus Rose","Schamberger-Von","null","null","null","null","null","null","null","null","null","null","null",""
"3048","Wine - Red, Metus Rose","Schamberger-Von","null","null","null","null","null","null","null","null","null","null","null",""
"3049","Wine - Prem Select Charddonany","Schamberger-Von","null","null","null","null","null","null","null","null","null","null","null",""
"3050","Wine - Prem Select Charddonany","Schamberger-Von","null","2019","1","14.0000","252.40","7","0","131.11","121.29","null","48.05468",""
"3051","Juice - Apple, 1.36l","Schamberger-Von","null","null","null","null","null","null","null","null","null","null","null",""
"3052","Juice - Apple, 1.36l","Schamberger-Von","null","null","null","null","null","null","null","null","null","null","null",""
"3053","Juice - Apple, 1.36l","Schamberger-Von","null","2019","2","4.0000","76.10","2","0","37.46","38.64","null","50.77530",""
"3054","Juice - Apple, 1.36l","Schamberger-Von","null","null","null","null","null","null","null","null","null","null","null",""
"3055","Wine - Semi Dry Riesling Vineland","Schamberger-Von","null","null","null","null","null","null","null","null","null","null","null",""
"3056","Wine - Semi Dry Riesling Vineland","Schamberger-Von","null","2019","1","14.0000","210.00","7","0","98.21","111.79","null","53.23333",""
"3057","Wine - Sawmill Creek Autumn","Schamberger-Von","null","null","null","null","null","null","null","null","null","null","null",""
"3058","Wine - Sawmill Creek Autumn","Schamberger-Von","null","null","null","null","null","null","null","null","null","null","null",""
"3059","Wine - Sawmill Creek Autumn","Schamberger-Von","null","2019","2","4.0000","67.00","2","0","28.06","38.94","null","58.11940",""
"3060","Wine - Sawmill Creek Autumn","Schamberger-Von","null","null","null","null","null","null","null","null","null","null","null",""
"3061","Icecream Cone - Areo Chocolate","Schamberger-Von","null","null","null","null","null","null","null","null","null","null","null",""
"3062","Icecream Cone - Areo Chocolate","Schamberger-Von","null","2019","1","21.0000","425.25","7","0","142.41","282.84","null","66.51146",""
"3063","Cheese - Camembert","Schamberger-Von","null","null","null","null","null","null","null","null","null","null","null",""
"3064","Cheese - Camembert","Schamberger-Von","null","null","null","null","null","null","null","null","null","null","null",""
"3065","Cheese - Camembert","Schamberger-Von","null","2019","2","6.0000","101.25","2","0","40.44","60.81","null","60.05926",""
"3066","Cheese - Camembert","Schamberger-Von","null","null","null","null","null","null","null","null","null","null","null",""
"3067","Bread Country Roll","Schamberger-Von","null","null","null","null","null","null","null","null","null","null","null",""
"3068","Bread Country Roll","Schamberger-Von","null","2019","1","21.0000","405.75","7","0","261.73","144.02","null","35.49476",""
"3069","Juice - Apple Cider","Schamberger-Von","null","null","null","null","null","null","null","null","null","null","null",""
"3070","Juice - Apple Cider","Schamberger-Von","null","null","null","null","null","null","null","null","null","null","null",""
"3071","Juice - Apple Cider","Schamberger-Von","null","2019","2","6.0000","87.00","2","0","74.78","12.22","null","14.04598",""
"3072","Juice - Apple Cider","Schamberger-Von","null","null","null","null","null","null","null","null","null","null","null",""
"3073","Cherries - Fresh","Schamberger-Von","null","null","null","null","null","null","null","null","null","null","null",""
"3074","Cherries - Fresh","Schamberger-Von","null","2019","1","1.0000","19.50","1","0","3.11","16.39","null","84.05128",""
"3075","Sea Bass - Fillets","Schamberger-Von","null","null","null","null","null","null","null","null","null","null","null",""
"3076","Sea Bass - Fillets","Schamberger-Von","null","null","null","null","null","null","null","null","null","null","null",""
"3077","Sugar - Sweet N Low, Individual","Schamberger-Von","null","null","null","null","null","null","null","null","null","null","null",""
"3078","Sugar - Sweet N Low, Individual","Schamberger-Von","null","2019","1","1.0000","25.85","1","0","9.88","15.97","null","61.77950",""
"3079","Onions - Vidalia","Schamberger-Von","null","null","null","null","null","null","null","null","null","null","null",""
"3080","Onions - Vidalia","Schamberger-Von","null","null","null","null","null","null","null","null","null","null","null",""
"3081","Sage Derby","Schamberger-Von","null","null","null","null","null","null","null","null","null","null","null",""
"3082","Sage Derby","Schamberger-Von","null","2019","1","1.0000","39.60","1","0","18.73","20.87","null","52.70202",""
"3083","Cheese - Camembert","Schamberger-Von","null","null","null","null","null","null","null","null","null","null","null",""
"3084","Cheese - Camembert","Schamberger-Von","null","null","null","null","null","null","null","null","null","null","null",""
"3085","Cheese - Camembert","Schamberger-Von","null","null","null","null","null","null","null","null","null","null","null",""
"3086","null","null","Customer Total:","null","null","null","1,754.25","null","null","874.16","null","null","null",""
"3087","Cheese - Camembert","Schamberger-Von","null","null","null","null","null","null","null","null","null","null","null",""
"3088","Cheese - Camembert","Leffler-Braun","null","null","null","null","null","null","null","null","null","null","null",""
"3089","Wine - Riesling Alsace Ac 2001","Leffler-Braun","null","null","null","null","null","null","null","null","null","null","null",""
"3090","Wine - Riesling Alsace Ac 2001","Leffler-Braun","null","2019","3","7.0000","87.50","2","0","31.36","56.14","null","64.16000",""
"3091","Paste - Black Olive","Leffler-Braun","null","null","null","null","null","null","null","null","null","null","null",""
"3092","Paste - Black Olive","Leffler-Braun","null","null","null","null","null","null","null","null","null","null","null",""
"3093","Paste - Black Olive","Leffler-Braun","null","2019","4","2.0000","25.00","1","0","8.96","16.04","null","64.16000",""
"3094","Paste - Black Olive","Leffler-Braun","null","null","null","null","null","null","null","null","null","null","null",""
"3095","Spice - Onion Powder Granulated","Leffler-Braun","null","null","null","null","null","null","null","null","null","null","null",""
"3096","Spice - Onion Powder Granulated","Leffler-Braun","null","2019","3","10.0000","125.00","4","0","55.20","69.80","null","55.84000",""
"3097","Wine - Cava Aria Estate Brut","Leffler-Braun","null","null","null","null","null","null","null","null","null","null","null",""
"3098","Wine - Cava Aria Estate Brut","Leffler-Braun","null","null","null","null","null","null","null","null","null","null","null",""
"3099","Wine - Cava Aria Estate Brut","Leffler-Braun","null","2019","4","5.0000","62.50","2","0","27.60","34.90","null","55.84000",""
"3100","Wine - Cava Aria Estate Brut","Leffler-Braun","null","null","null","null","null","null","null","null","null","null","null",""
"3101","Cheese - St. Paulin","Leffler-Braun","null","null","null","null","null","null","null","null","null","null","null",""
"3102","Cheese - St. Paulin","Leffler-Braun","null","2019","3","7.0000","97.44","4","0","23.87","73.57","null","75.50287",""
"3103","Chicken - Breast, 5 - 7 Oz","Leffler-Braun","null","null","null","null","null","null","null","null","null","null","null",""
"3104","Chicken - Breast, 5 - 7 Oz","Leffler-Braun","null","null","null","null","null","null","null","null","null","null","null",""
"3105","Chicken - Breast, 5 - 7 Oz","Leffler-Braun","null","2019","4","5.0000","69.60","2","0","17.05","52.55","null","75.50287",""
"3106","Chicken - Breast, 5 - 7 Oz","Leffler-Braun","null","null","null","null","null","null","null","null","null","null","null",""
"3107","Flour - Masa De Harina Mexican","Leffler-Braun","null","null","null","null","null","null","null","null","null","null","null",""
"3108","Flour - Masa De Harina Mexican","Leffler-Braun","null","2019","2","1.0000","56.50","1","0","17.95","38.55","null","68.23009",""
"3109","Container - Clear 16 Oz","Leffler-Braun","null","null","null","null","null","null","null","null","null","null","null",""
"3110","Container - Clear 16 Oz","Leffler-Braun","null","null","null","null","null","null","null","null","null","null","null",""
"3111","Container - Clear 16 Oz","Leffler-Braun","null","2019","3","2.0000","113.00","1","0","35.80","77.20","null","68.31858",""
"3112","Container - Clear 16 Oz","Leffler-Braun","null","null","null","null","null","null","null","null","null","null","null",""
"3113","Container - Clear 16 Oz","Leffler-Braun","null","2019","4","1.0000","56.50","1","0","17.86","38.64","null","68.38938",""
"3114","Kohlrabi","Leffler-Braun","null","null","null","null","null","null","null","null","null","null","null",""
"3115","Kohlrabi","Leffler-Braun","null","2019","2","7.0000","103.25","4","0","28.93","74.32","null","71.98063",""
"3116","Puree - Guava","Leffler-Braun","null","null","null","null","null","null","null","null","null","null","null",""
"3117","Puree - Guava","Leffler-Braun","null","null","null","null","null","null","null","null","null","null","null",""
"3118","Puree - Guava","Leffler-Braun","null","2019","3","3.0000","44.25","2","0","12.40","31.85","null","71.97740",""
"3119","Puree - Guava","Leffler-Braun","null","null","null","null","null","null","null","null","null","null","null",""
"3120","Wine - Shiraz South Eastern","Leffler-Braun","null","null","null","null","null","null","null","null","null","null","null",""
"3121","Wine - Shiraz South Eastern","Leffler-Braun","null","2019","3","5.0000","68.75","1","0","28.80","39.95","null","58.10909",""
"3122","Juice - Lemon","Leffler-Braun","null","null","null","null","null","null","null","null","null","null","null",""
"3123","Juice - Lemon","Leffler-Braun","null","null","null","null","null","null","null","null","null","null","null",""
"3124","Juice - Lemon","Leffler-Braun","null","2019","4","2.0000","27.50","1","0","11.52","15.98","null","58.10909",""
"3125","Juice - Lemon","Leffler-Braun","null","null","null","null","null","null","null","null","null","null","null",""
"3126","Octopus","Leffler-Braun","null","null","null","null","null","null","null","null","null","null","null",""
"3127","Octopus","Leffler-Braun","null","2019","3","6.0000","74.28","3","0","35.85","38.43","null","51.73667",""
"3128","V8 - Vegetable Cocktail","Leffler-Braun","null","null","null","null","null","null","null","null","null","null","null",""
"3129","V8 - Vegetable Cocktail","Leffler-Braun","null","null","null","null","null","null","null","null","null","null","null",""
"3130","V8 - Vegetable Cocktail","Leffler-Braun","null","2019","4","2.0000","24.76","1","0","11.95","12.81","null","51.73667",""
"3131","V8 - Vegetable Cocktail","Leffler-Braun","null","null","null","null","null","null","null","null","null","null","null",""
"3132","Cape Capensis - Fillet","Leffler-Braun","null","null","null","null","null","null","null","null","null","null","null",""
"3133","Cape Capensis - Fillet","Leffler-Braun","null","2019","3","7.0000","86.66","2","0","68.42","18.24","null","21.04777",""
"3134","Roe - White Fish","Leffler-Braun","null","null","null","null","null","null","null","null","null","null","null",""
"3135","Roe - White Fish","Leffler-Braun","null","null","null","null","null","null","null","null","null","null","null",""
"3136","Roe - White Fish","Leffler-Braun","null","2019","4","2.0000","24.76","1","0","19.60","5.16","null","20.84006",""
"3137","Roe - White Fish","Leffler-Braun","null","null","null","null","null","null","null","null","null","null","null",""
"3138","Wine - Dubouef Macon - Villages","Leffler-Braun","null","null","null","null","null","null","null","null","null","null","null",""
"3139","Wine - Dubouef Macon - Villages","Leffler-Braun","null","2019","3","7.0000","92.40","4","0","38.61","53.79","null","58.21429",""
"3140","White Baguette","Leffler-Braun","null","null","null","null","null","null","null","null","null","null","null",""
"3141","White Baguette","Leffler-Braun","null","null","null","null","null","null","null","null","null","null","null",""
"3142","White Baguette","Leffler-Braun","null","2019","4","4.0000","52.80","2","0","22.07","30.73","null","58.20076",""
"3143","White Baguette","Leffler-Braun","null","null","null","null","null","null","null","null","null","null","null",""
"3144","Squash - Sunburst","Leffler-Braun","null","null","null","null","null","null","null","null","null","null","null",""
"3145","Squash - Sunburst","Leffler-Braun","null","2019","2","3.0000","79.50","3","0","31.02","48.48","null","60.98113",""
"3146","Chocolate - Milk","Leffler-Braun","null","null","null","null","null","null","null","null","null","null","null",""
"3147","Chocolate - Milk","Leffler-Braun","null","null","null","null","null","null","null","null","null","null","null",""
"3148","Chocolate - Milk","Leffler-Braun","null","2019","3","5.0000","132.50","4","0","51.69","80.81","null","60.98868",""
"3149","Chocolate - Milk","Leffler-Braun","null","null","null","null","null","null","null","null","null","null","null",""
"3150","Chocolate - Milk","Leffler-Braun","null","2019","4","1.0000","26.50","1","0","10.34","16.16","null","60.98113",""
"3151","Chocolate - Milk","Leffler-Braun","null","2019","5","1.0000","26.50","1","0","10.34","16.16","null","60.98113",""
"3152","Butter Balls Salted","Leffler-Braun","null","null","null","null","null","null","null","null","null","null","null",""
"3153","Butter Balls Salted","Leffler-Braun","null","2019","2","7.0000","185.50","3","0","69.44","116.06","null","62.56604",""
"3154","Cup - 4oz Translucent","Leffler-Braun","null","null","null","null","null","null","null","null","null","null","null",""
"3155","Cup - 4oz Translucent","Leffler-Braun","null","null","null","null","null","null","null","null","null","null","null",""
"3156","Cup - 4oz Translucent","Leffler-Braun","null","2019","3","4.0000","106.00","3","0","39.68","66.32","null","62.56604",""
"3157","Cup - 4oz Translucent","Leffler-Braun","null","null","null","null","null","null","null","null","null","null","null",""
"3158","Cup - 4oz Translucent","Leffler-Braun","null","2019","4","2.0000","53.00","2","0","19.84","33.16","null","62.56604",""
"3159","Cup - 4oz Translucent","Leffler-Braun","null","2019","5","1.0000","26.50","1","0","9.92","16.58","null","62.56604",""
"3160","Caviar - Salmon","Leffler-Braun","null","null","null","null","null","null","null","null","null","null","null",""
"3161","Caviar - Salmon","Leffler-Braun","null","2019","2","3.0000","79.50","3","0","33.45","46.05","null","57.92453",""
"3162","Asparagus - Mexican","Leffler-Braun","null","null","null","null","null","null","null","null","null","null","null",""
"3163","Asparagus - Mexican","Leffler-Braun","null","null","null","null","null","null","null","null","null","null","null",""
"3164","Asparagus - Mexican","Leffler-Braun","null","2019","3","5.0000","132.50","3","0","55.74","76.76","null","57.93208",""
"3165","Asparagus - Mexican","Leffler-Braun","null","null","null","null","null","null","null","null","null","null","null",""
"3166","Asparagus - Mexican","Leffler-Braun","null","2019","4","1.0000","26.50","1","0","11.15","15.35","null","57.92453",""
"3167","Wine - Semi Dry Riesling Vineland","Leffler-Braun","null","null","null","null","null","null","null","null","null","null","null",""
"3168","Wine - Semi Dry Riesling Vineland","Leffler-Braun","null","2019","2","13.0000","243.75","5","0","91.15","152.60","null","62.60513",""
"3169","Wine - Sawmill Creek Autumn","Leffler-Braun","null","null","null","null","null","null","null","null","null","null","null",""
"3170","Wine - Sawmill Creek Autumn","Leffler-Braun","null","null","null","null","null","null","null","null","null","null","null",""
"3171","Wine - Sawmill Creek Autumn","Leffler-Braun","null","2019","3","13.0000","243.75","3","0","91.16","152.59","null","62.60103",""
"3172","Wine - Sawmill Creek Autumn","Leffler-Braun","null","null","null","null","null","null","null","null","null","null","null",""
"3173","Wine - Sawmill Creek Autumn","Leffler-Braun","null","2019","4","11.0000","206.25","5","0","77.13","129.12","null","62.60364",""
"3174","Wine - Sawmill Creek Autumn","Leffler-Braun","null","2019","5","1.0000","37.50","2","1","7.01","11.74","null","62.61333",""
"3175","Wine - Sawmill Creek Autumn","Leffler-Braun","null","2019","6","1.0000","18.75","1","0","7.01","11.74","null","62.61333",""
"3176","Icecream Cone - Areo Chocolate","Leffler-Braun","null","null","null","null","null","null","null","null","null","null","null",""
"3177","Icecream Cone - Areo Chocolate","Leffler-Braun","null","2019","2","22.0000","741.00","4","1","148.30","556.70","null","78.96454",""
"3178","Cheese - Camembert","Leffler-Braun","null","null","null","null","null","null","null","null","null","null","null",""
"3179","Cheese - Camembert","Leffler-Braun","null","null","null","null","null","null","null","null","null","null","null",""
"3180","Cheese - Camembert","Leffler-Braun","null","2019","3","45.0000","1,282.50","5","0","303.30","979.20","null","76.35088",""
"3181","Cheese - Camembert","Leffler-Braun","null","null","null","null","null","null","null","null","null","null","null",""
"3182","Cheese - Camembert","Leffler-Braun","null","2019","4","15.0000","427.50","4","0","101.10","326.40","null","76.35088",""
"3183","Cheese - Camembert","Leffler-Braun","null","2019","5","25.0000","741.00","4","1","168.50","544.00","null","76.35088",""
"3184","Cheese - Camembert","Leffler-Braun","null","2019","6","13.0000","370.50","2","0","87.62","282.88","null","76.35088",""
"3185","Bread Country Roll","Leffler-Braun","null","null","null","null","null","null","null","null","null","null","null",""
"3186","Bread Country Roll","Leffler-Braun","null","2019","2","1.0000","140.00","2","1","12.45","77.30","null","86.12813",""
"3187","Juice - Apple Cider","Leffler-Braun","null","null","null","null","null","null","null","null","null","null","null",""
"3188","Juice - Apple Cider","Leffler-Braun","null","null","null","null","null","null","null","null","null","null","null",""
"3189","Juice - Apple Cider","Leffler-Braun","null","2019","3","10.0000","350.00","4","0","124.63","225.37","null","64.39143",""
"3190","Juice - Apple Cider","Leffler-Braun","null","null","null","null","null","null","null","null","null","null","null",""
"3191","Juice - Apple Cider","Leffler-Braun","null","2019","4","2.0000","70.00","1","0","24.93","45.07","null","64.38571",""
"3192","Juice - Apple Cider","Leffler-Braun","null","2019","5","3.0000","105.00","3","0","37.38","67.62","null","64.40000",""
"3193","Juice - Apple Cider","Leffler-Braun","null","2019","6","1.0000","35.00","1","0","12.46","22.54","null","64.40000",""
"3194","Bread Bowl Plain","Leffler-Braun","null","null","null","null","null","null","null","null","null","null","null",""
"3195","Bread Bowl Plain","Leffler-Braun","null","2019","2","3.0000","43.50","3","0","15.97","27.53","null","63.28736",""
"3196","Cinnamon - Ground","Leffler-Braun","null","null","null","null","null","null","null","null","null","null","null",""
"3197","Cinnamon - Ground","Leffler-Braun","null","null","null","null","null","null","null","null","null","null","null",""
"3198","Cookie Dough - Oatmeal Rasin","Leffler-Braun","null","null","null","null","null","null","null","null","null","null","null",""
"3199","Cookie Dough - Oatmeal Rasin","Leffler-Braun","null","2019","2","6.0000","79.20","2","0","14.71","64.49","null","81.42677",""
"3200","Mayonnaise - Individual Pkg","Leffler-Braun","null","null","null","null","null","null","null","null","null","null","null",""
"3201","Mayonnaise - Individual Pkg","Leffler-Braun","null","null","null","null","null","null","null","null","null","null","null",""
"3202","Mayonnaise - Individual Pkg","Leffler-Braun","null","2019","4","1.0000","13.20","1","0","2.45","10.75","null","81.43939",""
"3203","Mayonnaise - Individual Pkg","Leffler-Braun","null","null","null","null","null","null","null","null","null","null","null",""
"3204","Cherries - Fresh","Leffler-Braun","null","null","null","null","null","null","null","null","null","null","null",""
"3205","Cherries - Fresh","Leffler-Braun","null","2019","2","8.0000","120.00","4","0","24.93","95.07","null","79.22500",""
"3206","Sea Bass - Fillets","Leffler-Braun","null","null","null","null","null","null","null","null","null","null","null",""
"3207","Sea Bass - Fillets","Leffler-Braun","null","null","null","null","null","null","null","null","null","null","null",""
"3208","Sea Bass - Fillets","Leffler-Braun","null","2019","3","4.0000","60.00","3","0","12.47","47.53","null","79.21667",""
"3209","Sea Bass - Fillets","Leffler-Braun","null","null","null","null","null","null","null","null","null","null","null",""
"3210","Sea Bass - Fillets","Leffler-Braun","null","2019","4","2.0000","30.00","2","0","6.24","23.76","null","79.20000",""
"3211","Ginger - Crystalized","Leffler-Braun","null","null","null","null","null","null","null","null","null","null","null",""
"3212","Ginger - Crystalized","Leffler-Braun","null","2019","2","4.0000","102.00","2","0","73.10","28.90","null","28.33333",""
"3213","Raisin - Dark","Leffler-Braun","null","null","null","null","null","null","null","null","null","null","null",""
"3214","Raisin - Dark","Leffler-Braun","null","null","null","null","null","null","null","null","null","null","null",""
"3215","Raisin - Dark","Leffler-Braun","null","2019","3","1.0000","25.50","1","0","18.33","7.17","null","28.11765",""
"3216","Raisin - Dark","Leffler-Braun","null","null","null","null","null","null","null","null","null","null","null",""
"3217","Raisin - Dark","Leffler-Braun","null","2019","4","1.0000","25.50","1","0","18.33","7.17","null","28.11765",""
"3218","Sage Derby","Leffler-Braun","null","null","null","null","null","null","null","null","null","null","null",""
"3219","Sage Derby","Leffler-Braun","null","2019","2","6.0000","240.00","3","0","112.39","127.61","null","53.17083",""
"3220","Cheese - Camembert","Leffler-Braun","null","null","null","null","null","null","null","null","null","null","null",""
"3221","Cheese - Camembert","Leffler-Braun","null","null","null","null","null","null","null","null","null","null","null",""
"3222","Cheese - Camembert","Leffler-Braun","null","2019","3","1.0000","40.00","1","0","18.73","21.27","null","53.17500",""
"3223","Cheese - Camembert","Leffler-Braun","null","null","null","null","null","null","null","null","null","null","null",""
"3224","Cheese - Oka","Leffler-Braun","null","null","null","null","null","null","null","null","null","null","null",""
"3225","Cheese - Oka","Leffler-Braun","null","2019","2","4.0000","355.00","3","0","168.40","186.60","null","52.56338",""
"3226","Truffle Shells - White Chocolate","Leffler-Braun","null","null","null","null","null","null","null","null","null","null","null",""
"3227","Truffle Shells - White Chocolate","Leffler-Braun","null","null","null","null","null","null","null","null","null","null","null",""
"3228","Truffle Shells - White Chocolate","Leffler-Braun","null","2019","3","2.0000","177.50","2","0","84.20","93.30","null","52.56338",""
"3229","Truffle Shells - White Chocolate","Leffler-Braun","null","null","null","null","null","null","null","null","null","null","null",""
"3230","Truffle Shells - White Chocolate","Leffler-Braun","null","2019","4","1.0000","88.75","1","0","42.10","46.65","null","52.56338",""
"3231","Soup - French Can Pea","Leffler-Braun","null","null","null","null","null","null","null","null","null","null","null",""
"3232","Soup - French Can Pea","Leffler-Braun","null","2019","2","6.0000","135.00","4","0","83.86","51.14","null","37.88148",""
"3233","Ice Cream Bar - Hagen Daz","Leffler-Braun","null","null","null","null","null","null","null","null","null","null","null",""
"3234","Ice Cream Bar - Hagen Daz","Leffler-Braun","null","null","null","null","null","null","null","null","null","null","null",""
"3235","Ice Cream Bar - Hagen Daz","Leffler-Braun","null","2019","3","4.0000","90.00","2","0","55.90","34.10","null","37.88889",""
"3236","Ice Cream Bar - Hagen Daz","Leffler-Braun","null","null","null","null","null","null","null","null","null","null","null",""
"3237","Ice Cream Bar - Hagen Daz","Leffler-Braun","null","2019","4","1.0000","22.50","1","0","13.98","8.52","null","37.86667",""
"3238","Ice Cream Bar - Hagen Daz","Leffler-Braun","null","2019","5","1.0000","22.50","1","0","13.98","8.52","null","37.86667",""
"3239","Ice Cream Bar - Hagen Daz","Leffler-Braun","null","null","null","null","null","null","null","null","null","null","null",""
"3240","null","null","Customer Total:","null","null","null","8,849.60","null","null","2,930.61","null","null","null",""
"3241","Ice Cream Bar - Hagen Daz","Leffler-Braun","null","null","null","null","null","null","null","null","null","null","null",""
"3242","Ice Cream Bar - Hagen Daz","Wolff, Ernser and Lang","null","null","null","null","null","null","null","null","null","null","null",""
"3243","Kohlrabi","Wolff, Ernser and Lang","null","null","null","null","null","null","null","null","null","null","null",""
"3244","Kohlrabi","Wolff, Ernser and Lang","null","2019","1","6.0000","66.30","6","0","24.78","41.52","null","62.62443",""
"3245","Puree - Guava","Wolff, Ernser and Lang","null","null","null","null","null","null","null","null","null","null","null",""
"3246","Puree - Guava","Wolff, Ernser and Lang","null","null","null","null","null","null","null","null","null","null","null",""
"3247","Puree - Guava","Wolff, Ernser and Lang","null","2019","2","3.0000","34.50","3","0","12.39","22.11","null","64.08696",""
"3248","Puree - Guava","Wolff, Ernser and Lang","null","null","null","null","null","null","null","null","null","null","null",""
"3249","Puree - Guava","Wolff, Ernser and Lang","null","2019","3","4.0000","43.38","4","0","16.52","26.86","null","61.91793",""
"3250","Puree - Guava","Wolff, Ernser and Lang","null","2019","4","3.0000","31.50","3","0","12.39","19.11","null","60.66667",""
"3251","Puree - Guava","Wolff, Ernser and Lang","null","2019","5","6.0000","63.00","6","0","24.78","38.22","null","60.66667",""
"3252","Puree - Guava","Wolff, Ernser and Lang","null","2019","6","2.0000","21.00","2","0","8.26","12.74","null","60.66667",""
"3253","Tomatoes - Grape","Wolff, Ernser and Lang","null","null","null","null","null","null","null","null","null","null","null",""
"3254","Tomatoes - Grape","Wolff, Ernser and Lang","null","2019","1","24.0000","322.50","13","2","118.04","139.96","null","54.24806",""
"3255","Zucchini - Mini, Green","Wolff, Ernser and Lang","null","null","null","null","null","null","null","null","null","null","null",""
"3256","Zucchini - Mini, Green","Wolff, Ernser and Lang","null","null","null","null","null","null","null","null","null","null","null",""
"3257","Zucchini - Mini, Green","Wolff, Ernser and Lang","null","2019","2","21.0000","225.75","8","0","103.32","122.43","null","54.23256",""
"3258","Zucchini - Mini, Green","Wolff, Ernser and Lang","null","null","null","null","null","null","null","null","null","null","null",""
"3259","Zucchini - Mini, Green","Wolff, Ernser and Lang","null","2019","3","23.0000","247.25","11","0","113.16","134.09","null","54.23256",""
"3260","Zucchini - Mini, Green","Wolff, Ernser and Lang","null","2019","4","15.0000","182.75","8","1","75.87","85.38","null","52.94884",""
"3261","Zucchini - Mini, Green","Wolff, Ernser and Lang","null","2019","5","19.0000","204.25","9","0","93.48","110.77","null","54.23256",""
"3262","Zucchini - Mini, Green","Wolff, Ernser and Lang","null","2019","6","19.0000","204.25","8","0","93.48","110.77","null","54.23256",""
"3263","Wine - Shiraz South Eastern","Wolff, Ernser and Lang","null","null","null","null","null","null","null","null","null","null","null",""
"3264","Wine - Shiraz South Eastern","Wolff, Ernser and Lang","null","2019","5","2.0000","27.50","1","0","11.52","15.98","null","58.10909",""
"3265","Juice - Lemon","Wolff, Ernser and Lang","null","null","null","null","null","null","null","null","null","null","null",""
"3266","Juice - Lemon","Wolff, Ernser and Lang","null","null","null","null","null","null","null","null","null","null","null",""
"3267","Octopus","Wolff, Ernser and Lang","null","null","null","null","null","null","null","null","null","null","null",""
"3268","Octopus","Wolff, Ernser and Lang","null","2019","1","29.0000","282.75","13","0","173.29","109.46","null","38.71264",""
"3269","V8 - Vegetable Cocktail","Wolff, Ernser and Lang","null","null","null","null","null","null","null","null","null","null","null",""
"3270","V8 - Vegetable Cocktail","Wolff, Ernser and Lang","null","null","null","null","null","null","null","null","null","null","null",""
"3271","V8 - Vegetable Cocktail","Wolff, Ernser and Lang","null","2019","2","22.0000","252.75","8","0","131.48","121.27","null","47.98022",""
"3272","V8 - Vegetable Cocktail","Wolff, Ernser and Lang","null","null","null","null","null","null","null","null","null","null","null",""
"3273","V8 - Vegetable Cocktail","Wolff, Ernser and Lang","null","2019","3","22.0000","221.25","11","0","131.47","89.78","null","40.57853",""
"3274","V8 - Vegetable Cocktail","Wolff, Ernser and Lang","null","2019","4","20.0000","195.00","9","0","119.51","75.49","null","38.71282",""
"3275","V8 - Vegetable Cocktail","Wolff, Ernser and Lang","null","2019","5","20.0000","202.13","10","0","119.51","82.62","null","40.87468",""
"3276","V8 - Vegetable Cocktail","Wolff, Ernser and Lang","null","2019","6","18.0000","175.50","8","0","107.57","67.93","null","38.70655",""
"3277","Beef - Baby, Liver","Wolff, Ernser and Lang","null","null","null","null","null","null","null","null","null","null","null",""
"3278","Beef - Baby, Liver","Wolff, Ernser and Lang","null","2019","1","20.0000","320.00","11","0","182.71","137.29","null","42.90313",""
"3279","Muffin - Mix - Creme Brule 15l","Wolff, Ernser and Lang","null","null","null","null","null","null","null","null","null","null","null",""
"3280","Muffin - Mix - Creme Brule 15l","Wolff, Ernser and Lang","null","null","null","null","null","null","null","null","null","null","null",""
"3281","Muffin - Mix - Creme Brule 15l","Wolff, Ernser and Lang","null","2019","2","17.0000","304.50","8","0","155.31","149.19","null","48.99507",""
"3282","Muffin - Mix - Creme Brule 15l","Wolff, Ernser and Lang","null","null","null","null","null","null","null","null","null","null","null",""
"3283","Muffin - Mix - Creme Brule 15l","Wolff, Ernser and Lang","null","2019","3","16.0000","261.00","9","0","146.18","114.82","null","43.99234",""
"3284","Muffin - Mix - Creme Brule 15l","Wolff, Ernser and Lang","null","2019","4","16.0000","256.00","8","0","146.17","109.83","null","42.90234",""
"3285","Muffin - Mix - Creme Brule 15l","Wolff, Ernser and Lang","null","2019","5","10.0000","160.00","6","0","91.36","68.64","null","42.90000",""
"3286","Muffin - Mix - Creme Brule 15l","Wolff, Ernser and Lang","null","2019","6","15.0000","240.00","7","0","137.03","102.97","null","42.90417",""
"3287","Wine - Dubouef Macon - Villages","Wolff, Ernser and Lang","null","null","null","null","null","null","null","null","null","null","null",""
"3288","Wine - Dubouef Macon - Villages","Wolff, Ernser and Lang","null","2019","1","11.0000","116.00","10","0","60.71","55.29","null","47.66379",""
"3289","White Baguette","Wolff, Ernser and Lang","null","null","null","null","null","null","null","null","null","null","null",""
"3290","White Baguette","Wolff, Ernser and Lang","null","null","null","null","null","null","null","null","null","null","null",""
"3291","White Baguette","Wolff, Ernser and Lang","null","2019","2","9.0000","103.75","5","0","49.64","54.11","null","52.15422",""
"3292","White Baguette","Wolff, Ernser and Lang","null","null","null","null","null","null","null","null","null","null","null",""
"3293","White Baguette","Wolff, Ernser and Lang","null","2019","3","9.0000","100.25","9","0","49.68","50.57","null","50.44389",""
"3294","White Baguette","Wolff, Ernser and Lang","null","2019","4","9.0000","123.75","8","0","49.67","74.08","null","59.86263",""
"3295","White Baguette","Wolff, Ernser and Lang","null","2019","5","6.0000","82.50","6","0","33.12","49.38","null","59.85455",""
"3296","White Baguette","Wolff, Ernser and Lang","null","2019","6","8.0000","110.00","7","0","44.15","65.85","null","59.86364",""
"3297","Wine - Prem Select Charddonany","Wolff, Ernser and Lang","null","null","null","null","null","null","null","null","null","null","null",""
"3298","Wine - Prem Select Charddonany","Wolff, Ernser and Lang","null","2019","4","2.0000","41.00","1","0","18.73","22.27","null","54.31707",""
"3299","Juice - Apple, 1.36l","Wolff, Ernser and Lang","null","null","null","null","null","null","null","null","null","null","null",""
"3300","Juice - Apple, 1.36l","Wolff, Ernser and Lang","null","null","null","null","null","null","null","null","null","null","null",""
"3301","Squash - Sunburst","Wolff, Ernser and Lang","null","null","null","null","null","null","null","null","null","null","null",""
"3302","Squash - Sunburst","Wolff, Ernser and Lang","null","2019","1","2.0000","47.60","2","0","20.68","26.92","null","56.55462",""
"3303","Chocolate - Milk","Wolff, Ernser and Lang","null","null","null","null","null","null","null","null","null","null","null",""
"3304","Chocolate - Milk","Wolff, Ernser and Lang","null","null","null","null","null","null","null","null","null","null","null",""
"3305","Chocolate - Milk","Wolff, Ernser and Lang","null","2019","2","2.0000","47.60","2","0","20.68","26.92","null","56.55462",""
"3306","Chocolate - Milk","Wolff, Ernser and Lang","null","null","null","null","null","null","null","null","null","null","null",""
"3307","Chocolate - Milk","Wolff, Ernser and Lang","null","2019","3","4.0000","95.20","5","0","41.36","53.84","null","56.55462",""
"3308","Chocolate - Milk","Wolff, Ernser and Lang","null","2019","4","2.0000","47.60","2","0","20.68","26.92","null","56.55462",""
"3309","Chocolate - Milk","Wolff, Ernser and Lang","null","2019","5","5.0000","119.00","4","0","51.69","67.31","null","56.56303",""
"3310","Chocolate - Milk","Wolff, Ernser and Lang","null","2019","6","2.0000","47.60","2","0","20.68","26.92","null","56.55462",""
"3311","Butter Balls Salted","Wolff, Ernser and Lang","null","null","null","null","null","null","null","null","null","null","null",""
"3312","Butter Balls Salted","Wolff, Ernser and Lang","null","2019","1","2.0000","43.00","2","0","19.84","23.16","null","53.86047",""
"3313","Cup - 4oz Translucent","Wolff, Ernser and Lang","null","null","null","null","null","null","null","null","null","null","null",""
"3314","Cup - 4oz Translucent","Wolff, Ernser and Lang","null","null","null","null","null","null","null","null","null","null","null",""
"3315","Cup - 4oz Translucent","Wolff, Ernser and Lang","null","2019","2","2.0000","43.00","2","0","19.84","23.16","null","53.86047",""
"3316","Cup - 4oz Translucent","Wolff, Ernser and Lang","null","null","null","null","null","null","null","null","null","null","null",""
"3317","Cup - 4oz Translucent","Wolff, Ernser and Lang","null","2019","3","2.0000","43.00","2","0","19.84","23.16","null","53.86047",""
"3318","Cup - 4oz Translucent","Wolff, Ernser and Lang","null","2019","4","3.0000","64.50","3","0","29.76","34.74","null","53.86047",""
"3319","Cup - 4oz Translucent","Wolff, Ernser and Lang","null","2019","5","3.0000","64.50","3","0","29.76","34.74","null","53.86047",""
"3320","Cup - 4oz Translucent","Wolff, Ernser and Lang","null","2019","6","1.0000","21.50","1","0","9.92","11.58","null","53.86047",""
"3321","Wine - Semi Dry Riesling Vineland","Wolff, Ernser and Lang","null","null","null","null","null","null","null","null","null","null","null",""
"3322","Wine - Semi Dry Riesling Vineland","Wolff, Ernser and Lang","null","2019","1","27.0000","399.00","13","1","189.39","195.36","null","50.77583",""
"3323","Wine - Sawmill Creek Autumn","Wolff, Ernser and Lang","null","null","null","null","null","null","null","null","null","null","null",""
"3324","Wine - Sawmill Creek Autumn","Wolff, Ernser and Lang","null","null","null","null","null","null","null","null","null","null","null",""
"3325","Wine - Sawmill Creek Autumn","Wolff, Ernser and Lang","null","2019","2","15.0000","231.25","6","0","105.21","126.04","null","54.50378",""
"3326","Wine - Sawmill Creek Autumn","Wolff, Ernser and Lang","null","null","null","null","null","null","null","null","null","null","null",""
"3327","Wine - Sawmill Creek Autumn","Wolff, Ernser and Lang","null","2019","3","21.0000","304.50","9","0","147.30","157.20","null","51.62562",""
"3328","Wine - Sawmill Creek Autumn","Wolff, Ernser and Lang","null","2019","4","15.0000","213.75","7","0","105.22","108.53","null","50.77427",""
"3329","Wine - Sawmill Creek Autumn","Wolff, Ernser and Lang","null","2019","5","18.0000","256.50","9","0","126.26","130.24","null","50.77583",""
"3330","Wine - Sawmill Creek Autumn","Wolff, Ernser and Lang","null","2019","6","17.0000","242.25","8","0","119.24","123.01","null","50.77812",""
"3331","Icecream Cone - Areo Chocolate","Wolff, Ernser and Lang","null","null","null","null","null","null","null","null","null","null","null",""
"3332","Icecream Cone - Areo Chocolate","Wolff, Ernser and Lang","null","2019","1","25.0000","456.25","13","0","169.14","287.11","null","62.92822",""
"3333","Cheese - Camembert","Wolff, Ernser and Lang","null","null","null","null","null","null","null","null","null","null","null",""
"3334","Cheese - Camembert","Wolff, Ernser and Lang","null","null","null","null","null","null","null","null","null","null","null",""
"3335","Cheese - Camembert","Wolff, Ernser and Lang","null","2019","2","18.0000","413.00","7","0","121.32","291.68","null","70.62470",""
"3336","Cheese - Camembert","Wolff, Ernser and Lang","null","null","null","null","null","null","null","null","null","null","null",""
"3337","Cheese - Camembert","Wolff, Ernser and Lang","null","2019","3","18.0000","341.50","10","0","121.32","220.18","null","64.47438",""
"3338","Cheese - Camembert","Wolff, Ernser and Lang","null","2019","4","18.0000","328.50","8","0","121.32","207.18","null","63.06849",""
"3339","Cheese - Camembert","Wolff, Ernser and Lang","null","2019","5","17.0000","310.25","10","0","114.58","195.67","null","63.06849",""
"3340","Cheese - Camembert","Wolff, Ernser and Lang","null","2019","6","16.0000","292.00","7","0","107.84","184.16","null","63.06849",""
"3341","Bread Country Roll","Wolff, Ernser and Lang","null","null","null","null","null","null","null","null","null","null","null",""
"3342","Bread Country Roll","Wolff, Ernser and Lang","null","2019","1","25.0000","431.25","13","0","311.57","119.68","null","27.75188",""
"3343","Juice - Apple Cider","Wolff, Ernser and Lang","null","null","null","null","null","null","null","null","null","null","null",""
"3344","Juice - Apple Cider","Wolff, Ernser and Lang","null","null","null","null","null","null","null","null","null","null","null",""
"3345","Juice - Apple Cider","Wolff, Ernser and Lang","null","2019","2","18.0000","444.90","7","0","224.35","220.55","null","49.57294",""
"3346","Juice - Apple Cider","Wolff, Ernser and Lang","null","null","null","null","null","null","null","null","null","null","null",""
"3347","Juice - Apple Cider","Wolff, Ernser and Lang","null","2019","3","18.0000","344.70","11","0","224.34","120.36","null","34.91732",""
"3348","Juice - Apple Cider","Wolff, Ernser and Lang","null","2019","4","19.0000","327.75","9","0","236.82","90.93","null","27.74371",""
"3349","Juice - Apple Cider","Wolff, Ernser and Lang","null","2019","5","18.0000","310.50","10","0","224.35","86.15","null","27.74557",""
"3350","Juice - Apple Cider","Wolff, Ernser and Lang","null","2019","6","16.0000","276.00","7","0","199.43","76.57","null","27.74275",""
"3351","Cherries - Fresh","Wolff, Ernser and Lang","null","null","null","null","null","null","null","null","null","null","null",""
"3352","Cherries - Fresh","Wolff, Ernser and Lang","null","2019","3","1.0000","15.13","1","0","3.12","12.01","null","79.37872",""
"3353","Sea Bass - Fillets","Wolff, Ernser and Lang","null","null","null","null","null","null","null","null","null","null","null",""
"3354","Sea Bass - Fillets","Wolff, Ernser and Lang","null","null","null","null","null","null","null","null","null","null","null",""
"3355","Sea Bass - Fillets","Wolff, Ernser and Lang","null","2019","5","2.0000","30.26","1","0","6.23","24.03","null","79.41176",""
"3356","Sea Bass - Fillets","Wolff, Ernser and Lang","null","null","null","null","null","null","null","null","null","null","null",""
"3357","Ginger - Crystalized","Wolff, Ernser and Lang","null","null","null","null","null","null","null","null","null","null","null",""
"3358","Ginger - Crystalized","Wolff, Ernser and Lang","null","2019","3","1.0000","37.00","1","0","18.33","18.67","null","50.45946",""
"3359","Raisin - Dark","Wolff, Ernser and Lang","null","null","null","null","null","null","null","null","null","null","null",""
"3360","Raisin - Dark","Wolff, Ernser and Lang","null","null","null","null","null","null","null","null","null","null","null",""
"3361","Sugar - Sweet N Low, Individual","Wolff, Ernser and Lang","null","null","null","null","null","null","null","null","null","null","null",""
"3362","Sugar - Sweet N Low, Individual","Wolff, Ernser and Lang","null","2019","3","2.0000","40.00","1","0","19.76","20.24","null","50.60000",""
"3363","Onions - Vidalia","Wolff, Ernser and Lang","null","null","null","null","null","null","null","null","null","null","null",""
"3364","Onions - Vidalia","Wolff, Ernser and Lang","null","null","null","null","null","null","null","null","null","null","null",""
"3365","Sage Derby","Wolff, Ernser and Lang","null","null","null","null","null","null","null","null","null","null","null",""
"3366","Sage Derby","Wolff, Ernser and Lang","null","2019","1","1.0000","40.15","1","0","18.73","21.42","null","53.34994",""
"3367","Cheese - Camembert","Wolff, Ernser and Lang","null","null","null","null","null","null","null","null","null","null","null",""
"3368","Cheese - Camembert","Wolff, Ernser and Lang","null","null","null","null","null","null","null","null","null","null","null",""
"3369","Cheese - Oka","Wolff, Ernser and Lang","null","null","null","null","null","null","null","null","null","null","null",""
"3370","Cheese - Oka","Wolff, Ernser and Lang","null","2019","1","1.0000","95.00","1","0","42.10","52.90","null","55.68421",""
"3371","Truffle Shells - White Chocolate","Wolff, Ernser and Lang","null","null","null","null","null","null","null","null","null","null","null",""
"3372","Truffle Shells - White Chocolate","Wolff, Ernser and Lang","null","null","null","null","null","null","null","null","null","null","null",""
"3373","Soup - French Can Pea","Wolff, Ernser and Lang","null","null","null","null","null","null","null","null","null","null","null",""
"3374","Soup - French Can Pea","Wolff, Ernser and Lang","null","2019","1","1.0000","23.93","1","0","13.98","9.95","null","41.57961",""
"3375","Ice Cream Bar - Hagen Daz","Wolff, Ernser and Lang","null","null","null","null","null","null","null","null","null","null","null",""
"3376","Ice Cream Bar - Hagen Daz","Wolff, Ernser and Lang","null","null","null","null","null","null","null","null","null","null","null",""
"3377","Ice Cream Bar - Hagen Daz","Wolff, Ernser and Lang","null","2019","3","1.0000","23.93","1","0","13.98","9.95","null","41.57961",""
"3378","Ice Cream Bar - Hagen Daz","Wolff, Ernser and Lang","null","null","null","null","null","null","null","null","null","null","null",""
"3379","Ice Cream Bar - Hagen Daz","Wolff, Ernser and Lang","null","null","null","null","null","null","null","null","null","null","null",""
"3380","null","null","Customer Total:","null","null","null","12,135.41","null","null","6,065.24","null","null","null",""
"3381","Ice Cream Bar - Hagen Daz","Wolff, Ernser and Lang","null","null","null","null","null","null","null","null","null","null","null",""
"3382","Ice Cream Bar - Hagen Daz","Ernser-Parker","null","null","null","null","null","null","null","null","null","null","null",""
"3383","Octopus","Ernser-Parker","null","null","null","null","null","null","null","null","null","null","null",""
"3384","Octopus","Ernser-Parker","null","2019","1","4.0000","40.05","3","0","23.91","16.14","null","40.29963",""
"3385","V8 - Vegetable Cocktail","Ernser-Parker","null","null","null","null","null","null","null","null","null","null","null",""
"3386","V8 - Vegetable Cocktail","Ernser-Parker","null","null","null","null","null","null","null","null","null","null","null",""
"3387","V8 - Vegetable Cocktail","Ernser-Parker","null","2019","2","3.0000","36.00","3","0","17.94","18.06","null","50.16667",""
"3388","V8 - Vegetable Cocktail","Ernser-Parker","null","null","null","null","null","null","null","null","null","null","null",""
"3389","V8 - Vegetable Cocktail","Ernser-Parker","null","2019","3","2.0000","22.10","2","0","11.96","10.14","null","45.88235",""
"3390","Skirt - 29 Foot","Ernser-Parker","null","null","null","null","null","null","null","null","null","null","null",""
"3391","Skirt - 29 Foot","Ernser-Parker","null","2019","1","5.0000","58.25","3","0","22.45","35.80","null","61.45923",""
"3392","Blueberries - Frozen","Ernser-Parker","null","null","null","null","null","null","null","null","null","null","null",""
"3393","Blueberries - Frozen","Ernser-Parker","null","null","null","null","null","null","null","null","null","null","null",""
"3394","Blueberries - Frozen","Ernser-Parker","null","2019","2","4.0000","52.00","3","0","17.96","34.04","null","65.46154",""
"3395","Blueberries - Frozen","Ernser-Parker","null","null","null","null","null","null","null","null","null","null","null",""
"3396","Blueberries - Frozen","Ernser-Parker","null","2019","3","3.0000","37.00","3","0","13.47","23.53","null","63.59459",""
"3397","Wine - Semi Dry Riesling Vineland","Ernser-Parker","null","null","null","null","null","null","null","null","null","null","null",""
"3398","Wine - Semi Dry Riesling Vineland","Ernser-Parker","null","2019","1","3.0000","44.50","3","0","21.03","23.47","null","52.74157",""
"3399","Wine - Sawmill Creek Autumn","Ernser-Parker","null","null","null","null","null","null","null","null","null","null","null",""
"3400","Wine - Sawmill Creek Autumn","Ernser-Parker","null","null","null","null","null","null","null","null","null","null","null",""
"3401","Wine - Sawmill Creek Autumn","Ernser-Parker","null","2019","2","3.0000","48.00","3","0","21.03","26.97","null","56.18750",""
"3402","Wine - Sawmill Creek Autumn","Ernser-Parker","null","null","null","null","null","null","null","null","null","null","null",""
"3403","Wine - Sawmill Creek Autumn","Ernser-Parker","null","2019","3","3.0000","46.00","2","0","21.04","24.96","null","54.26087",""
"3404","Icecream Cone - Areo Chocolate","Ernser-Parker","null","null","null","null","null","null","null","null","null","null","null",""
"3405","Icecream Cone - Areo Chocolate","Ernser-Parker","null","2019","2","1.0000","24.75","1","0","6.74","18.01","null","72.76768",""
"3406","Cheese - Camembert","Ernser-Parker","null","null","null","null","null","null","null","null","null","null","null",""
"3407","Cheese - Camembert","Ernser-Parker","null","null","null","null","null","null","null","null","null","null","null",""
"3408","Cheese - Camembert","Ernser-Parker","null","2019","3","2.0000","37.50","1","0","13.48","24.02","null","64.05333",""
"3409","Cheese - Camembert","Ernser-Parker","null","null","null","null","null","null","null","null","null","null","null",""
"3410","Bread Country Roll","Ernser-Parker","null","null","null","null","null","null","null","null","null","null","null",""
"3411","Bread Country Roll","Ernser-Parker","null","2019","1","4.0000","79.00","3","0","49.85","29.15","null","36.89873",""
"3412","Juice - Apple Cider","Ernser-Parker","null","null","null","null","null","null","null","null","null","null","null",""
"3413","Juice - Apple Cider","Ernser-Parker","null","null","null","null","null","null","null","null","null","null","null",""
"3414","Juice - Apple Cider","Ernser-Parker","null","2019","2","4.0000","102.60","3","0","49.85","52.75","null","51.41326",""
"3415","Juice - Apple Cider","Ernser-Parker","null","null","null","null","null","null","null","null","null","null","null",""
"3416","Juice - Apple Cider","Ernser-Parker","null","2019","3","5.0000","104.55","3","0","62.32","42.23","null","40.39216",""
"3417","Cherries - Fresh","Ernser-Parker","null","null","null","null","null","null","null","null","null","null","null",""
"3418","Cherries - Fresh","Ernser-Parker","null","2019","3","1.0000","15.13","1","0","3.12","12.01","null","79.37872",""
"3419","Sea Bass - Fillets","Ernser-Parker","null","null","null","null","null","null","null","null","null","null","null",""
"3420","Sea Bass - Fillets","Ernser-Parker","null","null","null","null","null","null","null","null","null","null","null",""
"3421","Sugar - Sweet N Low, Individual","Ernser-Parker","null","null","null","null","null","null","null","null","null","null","null",""
"3422","Sugar - Sweet N Low, Individual","Ernser-Parker","null","2019","1","1.0000","25.85","1","0","9.88","15.97","null","61.77950",""
"3423","Onions - Vidalia","Ernser-Parker","null","null","null","null","null","null","null","null","null","null","null",""
"3424","Onions - Vidalia","Ernser-Parker","null","null","null","null","null","null","null","null","null","null","null",""
"3425","Onions - Vidalia","Ernser-Parker","null","2019","3","1.0000","34.10","1","0","9.88","24.22","null","71.02639",""
"3426","Onions - Vidalia","Ernser-Parker","null","null","null","null","null","null","null","null","null","null","null",""
"3427","Soup - French Can Pea","Ernser-Parker","null","null","null","null","null","null","null","null","null","null","null",""
"3428","Soup - French Can Pea","Ernser-Parker","null","2019","1","1.0000","25.00","1","0","13.98","11.02","null","44.08000",""
"3429","Ice Cream Bar - Hagen Daz","Ernser-Parker","null","null","null","null","null","null","null","null","null","null","null",""
"3430","Ice Cream Bar - Hagen Daz","Ernser-Parker","null","null","null","null","null","null","null","null","null","null","null",""
"3431","Ice Cream Bar - Hagen Daz","Ernser-Parker","null","null","null","null","null","null","null","null","null","null","null",""
"3432","null","null","Customer Total:","null","null","null","832.38","null","null","389.89","null","null","null",""
"3433","Ice Cream Bar - Hagen Daz","Ernser-Parker","null","null","null","null","null","null","null","null","null","null","null",""
"3434","Ice Cream Bar - Hagen Daz","Nicolas and Sons","null","null","null","null","null","null","null","null","null","null","null",""
"3435","Bread Bowl Plain","Nicolas and Sons","null","null","null","null","null","null","null","null","null","null","null",""
"3436","Bread Bowl Plain","Nicolas and Sons","null","2019","6","1.0000","14.58","1","0","5.29","9.29","null","63.71742",""
"3437","Cinnamon - Ground","Nicolas and Sons","null","null","null","null","null","null","null","null","null","null","null",""
"3438","Cinnamon - Ground","Nicolas and Sons","null","null","null","null","null","null","null","null","null","null","null",""
"3439","Cherries - Fresh","Nicolas and Sons","null","null","null","null","null","null","null","null","null","null","null",""
"3440","Cherries - Fresh","Nicolas and Sons","null","2019","1","1.0000","19.50","1","0","3.12","16.38","null","84.00000",""
"3441","Sea Bass - Fillets","Nicolas and Sons","null","null","null","null","null","null","null","null","null","null","null",""
"3442","Sea Bass - Fillets","Nicolas and Sons","null","null","null","null","null","null","null","null","null","null","null",""
"3443","Sea Bass - Fillets","Nicolas and Sons","null","2019","6","1.0000","15.13","1","0","3.12","12.01","null","79.37872",""
"3444","Sea Bass - Fillets","Nicolas and Sons","null","null","null","null","null","null","null","null","null","null","null",""
"3445","Sugar - Sweet N Low, Individual","Nicolas and Sons","null","null","null","null","null","null","null","null","null","null","null",""
"3446","Sugar - Sweet N Low, Individual","Nicolas and Sons","null","2019","1","5.0000","129.25","1","0","49.39","79.86","null","61.78723",""
"3447","Onions - Vidalia","Nicolas and Sons","null","null","null","null","null","null","null","null","null","null","null",""
"3448","Onions - Vidalia","Nicolas and Sons","null","null","null","null","null","null","null","null","null","null","null",""
"3449","Onions - Vidalia","Nicolas and Sons","null","2019","6","4.0000","136.40","1","0","39.51","96.89","null","71.03372",""
"3450","Onions - Vidalia","Nicolas and Sons","null","null","null","null","null","null","null","null","null","null","null",""
"3451","Sage Derby","Nicolas and Sons","null","null","null","null","null","null","null","null","null","null","null",""
"3452","Sage Derby","Nicolas and Sons","null","2019","1","1.0000","39.60","1","0","18.73","20.87","null","52.70202",""
"3453","Cheese - Camembert","Nicolas and Sons","null","null","null","null","null","null","null","null","null","null","null",""
"3454","Cheese - Camembert","Nicolas and Sons","null","null","null","null","null","null","null","null","null","null","null",""
"3455","Cheese - Camembert","Nicolas and Sons","null","2019","6","1.0000","40.15","1","0","18.73","21.42","null","53.34994",""
"3456","Cheese - Camembert","Nicolas and Sons","null","null","null","null","null","null","null","null","null","null","null",""
"3457","Cheese - Oka","Nicolas and Sons","null","null","null","null","null","null","null","null","null","null","null",""
"3458","Cheese - Oka","Nicolas and Sons","null","2019","1","1.0000","95.00","1","0","42.10","52.90","null","55.68421",""
"3459","Truffle Shells - White Chocolate","Nicolas and Sons","null","null","null","null","null","null","null","null","null","null","null",""
"3460","Truffle Shells - White Chocolate","Nicolas and Sons","null","null","null","null","null","null","null","null","null","null","null",""
"3461","Truffle Shells - White Chocolate","Nicolas and Sons","null","2019","6","1.0000","95.00","1","0","42.10","52.90","null","55.68421",""
"3462","Truffle Shells - White Chocolate","Nicolas and Sons","null","null","null","null","null","null","null","null","null","null","null",""
"3463","Soup - French Can Pea","Nicolas and Sons","null","null","null","null","null","null","null","null","null","null","null",""
"3464","Soup - French Can Pea","Nicolas and Sons","null","2019","1","2.0000","50.00","1","0","27.95","22.05","null","44.10000",""
"3465","Ice Cream Bar - Hagen Daz","Nicolas and Sons","null","null","null","null","null","null","null","null","null","null","null",""
"3466","Ice Cream Bar - Hagen Daz","Nicolas and Sons","null","null","null","null","null","null","null","null","null","null","null",""
"3467","Ice Cream Bar - Hagen Daz","Nicolas and Sons","null","2019","6","1.0000","23.93","1","0","13.98","9.95","null","41.57961",""
"3468","Ice Cream Bar - Hagen Daz","Nicolas and Sons","null","null","null","null","null","null","null","null","null","null","null",""
"3469","Ice Cream Bar - Hagen Daz","Nicolas and Sons","null","null","null","null","null","null","null","null","null","null","null",""
"3470","null","null","Customer Total:","null","null","null","658.54","null","null","264.02","null","null","null",""
"3471","Ice Cream Bar - Hagen Daz","Nicolas and Sons","null","null","null","null","null","null","null","null","null","null","null",""
"3472","Ice Cream Bar - Hagen Daz","Prohaska-Bayer","null","null","null","null","null","null","null","null","null","null","null",""
"3473","Kohlrabi","Prohaska-Bayer","null","null","null","null","null","null","null","null","null","null","null",""
"3474","Kohlrabi","Prohaska-Bayer","null","2019","2","2.0000","23.00","2","0","8.26","14.74","null","64.08696",""
"3475","Puree - Guava","Prohaska-Bayer","null","null","null","null","null","null","null","null","null","null","null",""
"3476","Puree - Guava","Prohaska-Bayer","null","null","null","null","null","null","null","null","null","null","null",""
"3477","Puree - Guava","Prohaska-Bayer","null","2019","3","3.0000","30.00","3","0","12.39","17.61","null","58.70000",""
"3478","Puree - Guava","Prohaska-Bayer","null","null","null","null","null","null","null","null","null","null","null",""
"3479","Puree - Guava","Prohaska-Bayer","null","2019","4","2.0000","20.00","2","0","8.26","11.74","null","58.70000",""
"3480","Puree - Guava","Prohaska-Bayer","null","2019","5","2.0000","20.00","2","0","8.26","11.74","null","58.70000",""
"3481","Puree - Guava","Prohaska-Bayer","null","2019","6","3.0000","30.00","3","0","12.39","17.61","null","58.70000",""
"3482","Basil - Primerba, Paste","Prohaska-Bayer","null","null","null","null","null","null","null","null","null","null","null",""
"3483","Basil - Primerba, Paste","Prohaska-Bayer","null","2019","3","1.0000","10.25","1","0","6.71","3.54","null","34.53659",""
"3484","Salsify, Organic","Prohaska-Bayer","null","null","null","null","null","null","null","null","null","null","null",""
"3485","Salsify, Organic","Prohaska-Bayer","null","null","null","null","null","null","null","null","null","null","null",""
"3486","Coffee - Espresso","Prohaska-Bayer","null","null","null","null","null","null","null","null","null","null","null",""
"3487","Coffee - Espresso","Prohaska-Bayer","null","2019","1","2.0000","29.50","2","0","11.04","18.46","null","62.57627",""
"3488","Trout - Hot Smkd, Dbl Fillet","Prohaska-Bayer","null","null","null","null","null","null","null","null","null","null","null",""
"3489","Trout - Hot Smkd, Dbl Fillet","Prohaska-Bayer","null","null","null","null","null","null","null","null","null","null","null",""
"3490","Trout - Hot Smkd, Dbl Fillet","Prohaska-Bayer","null","2019","2","2.0000","30.00","2","0","11.04","18.96","null","63.20000",""
"3491","Trout - Hot Smkd, Dbl Fillet","Prohaska-Bayer","null","null","null","null","null","null","null","null","null","null","null",""
"3492","Trout - Hot Smkd, Dbl Fillet","Prohaska-Bayer","null","2019","3","4.0000","59.00","4","0","22.08","36.92","null","62.57627",""
"3493","Trout - Hot Smkd, Dbl Fillet","Prohaska-Bayer","null","2019","4","4.0000","59.00","4","0","22.08","36.92","null","62.57627",""
"3494","Trout - Hot Smkd, Dbl Fillet","Prohaska-Bayer","null","2019","5","4.0000","59.00","4","0","22.08","36.92","null","62.57627",""
"3495","Trout - Hot Smkd, Dbl Fillet","Prohaska-Bayer","null","2019","6","7.0000","103.25","5","0","38.62","64.63","null","62.59564",""
"3496","Squash - Sunburst","Prohaska-Bayer","null","null","null","null","null","null","null","null","null","null","null",""
"3497","Squash - Sunburst","Prohaska-Bayer","null","2019","1","3.0000","69.80","3","0","31.02","38.78","null","55.55874",""
"3498","Chocolate - Milk","Prohaska-Bayer","null","null","null","null","null","null","null","null","null","null","null",""
"3499","Chocolate - Milk","Prohaska-Bayer","null","null","null","null","null","null","null","null","null","null","null",""
"3500","Chocolate - Milk","Prohaska-Bayer","null","2019","2","1.0000","23.80","1","0","10.34","13.46","null","56.55462",""
"3501","Chocolate - Milk","Prohaska-Bayer","null","null","null","null","null","null","null","null","null","null","null",""
"3502","Chocolate - Milk","Prohaska-Bayer","null","2019","3","2.0000","46.00","2","0","20.68","25.32","null","55.04348",""
"3503","Chocolate - Milk","Prohaska-Bayer","null","2019","4","2.0000","46.00","2","0","20.68","25.32","null","55.04348",""
"3504","Chocolate - Milk","Prohaska-Bayer","null","2019","6","2.0000","46.00","2","0","20.68","25.32","null","55.04348",""
"3505","Butter Balls Salted","Prohaska-Bayer","null","null","null","null","null","null","null","null","null","null","null",""
"3506","Butter Balls Salted","Prohaska-Bayer","null","2019","1","2.0000","51.00","2","0","19.84","31.16","null","61.09804",""
"3507","Cup - 4oz Translucent","Prohaska-Bayer","null","null","null","null","null","null","null","null","null","null","null",""
"3508","Cup - 4oz Translucent","Prohaska-Bayer","null","null","null","null","null","null","null","null","null","null","null",""
"3509","Cup - 4oz Translucent","Prohaska-Bayer","null","2019","2","2.0000","43.00","2","0","19.84","23.16","null","53.86047",""
"3510","Cup - 4oz Translucent","Prohaska-Bayer","null","null","null","null","null","null","null","null","null","null","null",""
"3511","Cup - 4oz Translucent","Prohaska-Bayer","null","2019","3","1.0000","21.50","1","0","9.92","11.58","null","53.86047",""
"3512","Cup - 4oz Translucent","Prohaska-Bayer","null","2019","4","1.0000","21.50","1","0","9.92","11.58","null","53.86047",""
"3513","Cup - 4oz Translucent","Prohaska-Bayer","null","2019","6","2.0000","43.00","2","0","19.84","23.16","null","53.86047",""
"3514","Wine - Tio Pepe Sherry Fino","Prohaska-Bayer","null","null","null","null","null","null","null","null","null","null","null",""
"3515","Wine - Tio Pepe Sherry Fino","Prohaska-Bayer","null","2019","3","1.0000","14.10","1","0","11.50","2.60","null","18.43972",""
"3516","ORGANIC Baby Mix 3lbs","Prohaska-Bayer","null","null","null","null","null","null","null","null","null","null","null",""
"3517","ORGANIC Baby Mix 3lbs","Prohaska-Bayer","null","null","null","null","null","null","null","null","null","null","null",""
"3518","Wine - Semi Dry Riesling Vineland","Prohaska-Bayer","null","null","null","null","null","null","null","null","null","null","null",""
"3519","Wine - Semi Dry Riesling Vineland","Prohaska-Bayer","null","2019","1","12.0000","169.00","7","0","84.17","84.83","null","50.19527",""
"3520","Wine - Sawmill Creek Autumn","Prohaska-Bayer","null","null","null","null","null","null","null","null","null","null","null",""
"3521","Wine - Sawmill Creek Autumn","Prohaska-Bayer","null","null","null","null","null","null","null","null","null","null","null",""
"3522","Wine - Sawmill Creek Autumn","Prohaska-Bayer","null","2019","2","9.0000","144.00","6","0","63.12","80.88","null","56.16667",""
"3523","Wine - Sawmill Creek Autumn","Prohaska-Bayer","null","null","null","null","null","null","null","null","null","null","null",""
"3524","Wine - Sawmill Creek Autumn","Prohaska-Bayer","null","2019","3","7.0000","98.00","5","0","49.09","48.91","null","49.90816",""
"3525","Wine - Sawmill Creek Autumn","Prohaska-Bayer","null","2019","4","10.0000","140.00","6","0","70.14","69.86","null","49.90000",""
"3526","Wine - Sawmill Creek Autumn","Prohaska-Bayer","null","2019","5","9.0000","126.00","6","0","63.12","62.88","null","49.90476",""
"3527","Wine - Sawmill Creek Autumn","Prohaska-Bayer","null","2019","6","9.0000","126.00","8","0","63.10","62.90","null","49.92063",""
"3528","Icecream Cone - Areo Chocolate","Prohaska-Bayer","null","null","null","null","null","null","null","null","null","null","null",""
"3529","Icecream Cone - Areo Chocolate","Prohaska-Bayer","null","2019","1","13.0000","241.75","7","0","88.90","152.85","null","63.22647",""
"3530","Cheese - Camembert","Prohaska-Bayer","null","null","null","null","null","null","null","null","null","null","null",""
"3531","Cheese - Camembert","Prohaska-Bayer","null","null","null","null","null","null","null","null","null","null","null",""
"3532","Cheese - Camembert","Prohaska-Bayer","null","2019","2","7.0000","173.25","6","0","47.18","126.07","null","72.76768",""
"3533","Cheese - Camembert","Prohaska-Bayer","null","null","null","null","null","null","null","null","null","null","null",""
"3534","Cheese - Camembert","Prohaska-Bayer","null","2019","3","7.0000","131.25","6","0","47.18","84.07","null","64.05333",""
"3535","Cheese - Camembert","Prohaska-Bayer","null","2019","4","3.0000","56.25","2","0","20.22","36.03","null","64.05333",""
"3536","Cheese - Camembert","Prohaska-Bayer","null","2019","5","5.0000","93.75","5","0","33.70","60.05","null","64.05333",""
"3537","Cheese - Camembert","Prohaska-Bayer","null","2019","6","7.0000","131.25","7","0","47.18","84.07","null","64.05333",""
"3538","Bread Country Roll","Prohaska-Bayer","null","null","null","null","null","null","null","null","null","null","null",""
"3539","Bread Country Roll","Prohaska-Bayer","null","2019","1","12.0000","211.00","6","0","149.51","61.49","null","29.14218",""
"3540","Juice - Apple Cider","Prohaska-Bayer","null","null","null","null","null","null","null","null","null","null","null",""
"3541","Juice - Apple Cider","Prohaska-Bayer","null","null","null","null","null","null","null","null","null","null","null",""
"3542","Juice - Apple Cider","Prohaska-Bayer","null","2019","2","7.0000","179.55","5","0","87.24","92.31","null","51.41186",""
"3543","Juice - Apple Cider","Prohaska-Bayer","null","null","null","null","null","null","null","null","null","null","null",""
"3544","Juice - Apple Cider","Prohaska-Bayer","null","2019","3","6.0000","106.50","4","0","74.78","31.72","null","29.78404",""
"3545","Juice - Apple Cider","Prohaska-Bayer","null","2019","4","6.0000","106.50","5","0","74.77","31.73","null","29.79343",""
"3546","Juice - Apple Cider","Prohaska-Bayer","null","2019","5","4.0000","71.00","4","0","49.84","21.16","null","29.80282",""
"3547","Juice - Apple Cider","Prohaska-Bayer","null","2019","6","5.0000","88.75","5","0","62.30","26.45","null","29.80282",""
"3548","Cherries - Fresh","Prohaska-Bayer","null","null","null","null","null","null","null","null","null","null","null",""
"3549","Cherries - Fresh","Prohaska-Bayer","null","2019","5","1.0000","15.13","1","0","3.12","12.01","null","79.37872",""
"3550","Sea Bass - Fillets","Prohaska-Bayer","null","null","null","null","null","null","null","null","null","null","null",""
"3551","Sea Bass - Fillets","Prohaska-Bayer","null","null","null","null","null","null","null","null","null","null","null",""
"3552","Ecolab Crystal Fusion","Prohaska-Bayer","null","null","null","null","null","null","null","null","null","null","null",""
"3553","Ecolab Crystal Fusion","Prohaska-Bayer","null","2019","4","1.0000","46.50","1","0","0.00","46.50","null","100.00000",""
"3554","Dried Local Shiitake 12x14g","Prohaska-Bayer","null","null","null","null","null","null","null","null","null","null","null",""
"3555","Dried Local Shiitake 12x14g","Prohaska-Bayer","null","null","null","null","null","null","null","null","null","null","null",""
"3556","Sugar - Sweet N Low, Individual","Prohaska-Bayer","null","null","null","null","null","null","null","null","null","null","null",""
"3557","Sugar - Sweet N Low, Individual","Prohaska-Bayer","null","2019","1","2.0000","59.95","2","0","19.76","40.19","null","67.03920",""
"3558","Onions - Vidalia","Prohaska-Bayer","null","null","null","null","null","null","null","null","null","null","null",""
"3559","Onions - Vidalia","Prohaska-Bayer","null","null","null","null","null","null","null","null","null","null","null",""
"3560","Onions - Vidalia","Prohaska-Bayer","null","2019","3","1.0000","34.10","1","0","9.88","24.22","null","71.02639",""
"3561","Onions - Vidalia","Prohaska-Bayer","null","null","null","null","null","null","null","null","null","null","null",""
"3562","Onions - Vidalia","Prohaska-Bayer","null","2019","4","1.0000","34.10","1","0","9.88","24.22","null","71.02639",""
"3563","Onions - Vidalia","Prohaska-Bayer","null","2019","5","2.0000","64.10","2","0","19.76","44.34","null","69.17317",""
"3564","Soup - French Can Pea","Prohaska-Bayer","null","null","null","null","null","null","null","null","null","null","null",""
"3565","Soup - French Can Pea","Prohaska-Bayer","null","2019","1","1.0000","25.00","1","0","13.98","11.02","null","44.08000",""
"3566","Ice Cream Bar - Hagen Daz","Prohaska-Bayer","null","null","null","null","null","null","null","null","null","null","null",""
"3567","Ice Cream Bar - Hagen Daz","Prohaska-Bayer","null","null","null","null","null","null","null","null","null","null","null",""
"3568","Ice Cream Bar - Hagen Daz","Prohaska-Bayer","null","2019","4","1.0000","23.93","1","0","13.98","9.95","null","41.57961",""
"3569","Ice Cream Bar - Hagen Daz","Prohaska-Bayer","null","null","null","null","null","null","null","null","null","null","null",""
"3570","Ice Cream Bar - Hagen Daz","Prohaska-Bayer","null","2019","5","1.0000","23.93","1","0","13.98","9.95","null","41.57961",""
"3571","Ice Cream Bar - Hagen Daz","Prohaska-Bayer","null","null","null","null","null","null","null","null","null","null","null",""
"3572","null","null","Customer Total:","null","null","null","3,619.24","null","null","1,657.35","null","null","null",""
"3573","Ice Cream Bar - Hagen Daz","Prohaska-Bayer","null","null","null","null","null","null","null","null","null","null","null",""
"3574","Ice Cream Bar - Hagen Daz","Anderson, Raynor and Bernier","null","null","null","null","null","null","null","null","null","null","null",""
"3575","Tomatoes - Heirloom","Anderson, Raynor and Bernier","null","null","null","null","null","null","null","null","null","null","null",""
"3576","Tomatoes - Heirloom","Anderson, Raynor and Bernier","null","2019","1","2.0000","29.00","1","0","18.83","10.17","null","35.06897",""
"3577","Wine - Red, Metus Rose","Anderson, Raynor and Bernier","null","null","null","null","null","null","null","null","null","null","null",""
"3578","Wine - Red, Metus Rose","Anderson, Raynor and Bernier","null","null","null","null","null","null","null","null","null","null","null",""
"3579","Wine - Riesling Alsace Ac 2001","Anderson, Raynor and Bernier","null","null","null","null","null","null","null","null","null","null","null",""
"3580","Wine - Riesling Alsace Ac 2001","Anderson, Raynor and Bernier","null","2019","4","1.0000","13.20","1","0","4.48","8.72","null","66.06061",""
"3581","Paste - Black Olive","Anderson, Raynor and Bernier","null","null","null","null","null","null","null","null","null","null","null",""
"3582","Paste - Black Olive","Anderson, Raynor and Bernier","null","null","null","null","null","null","null","null","null","null","null",""
"3583","Stock - Beef, White","Anderson, Raynor and Bernier","null","null","null","null","null","null","null","null","null","null","null",""
"3584","Stock - Beef, White","Anderson, Raynor and Bernier","null","2019","5","1.0000","11.50","1","0","11.92","-0.42","null","-3.65217",""
"3585","Flavouring - Orange","Anderson, Raynor and Bernier","null","null","null","null","null","null","null","null","null","null","null",""
"3586","Flavouring - Orange","Anderson, Raynor and Bernier","null","null","null","null","null","null","null","null","null","null","null",""
"3587","Tomatoes","Anderson, Raynor and Bernier","null","null","null","null","null","null","null","null","null","null","null",""
"3588","Tomatoes","Anderson, Raynor and Bernier","null","2019","5","1.0000","26.40","1","0","4.01","22.39","null","84.81061",""
"3589","Chinese Foods - Plain Fried Rice","Anderson, Raynor and Bernier","null","null","null","null","null","null","null","null","null","null","null",""
"3590","Chinese Foods - Plain Fried Rice","Anderson, Raynor and Bernier","null","null","null","null","null","null","null","null","null","null","null",""
"3591","Mix Pina Colada","Anderson, Raynor and Bernier","null","null","null","null","null","null","null","null","null","null","null",""
"3592","Mix Pina Colada","Anderson, Raynor and Bernier","null","2019","5","1.0000","25.85","1","0","3.88","21.97","null","84.99033",""
"3593","Lidsoupcont Rp12dn","Anderson, Raynor and Bernier","null","null","null","null","null","null","null","null","null","null","null",""
"3594","Lidsoupcont Rp12dn","Anderson, Raynor and Bernier","null","null","null","null","null","null","null","null","null","null","null",""
"3595","Tomatoes - Grape","Anderson, Raynor and Bernier","null","null","null","null","null","null","null","null","null","null","null",""
"3596","Tomatoes - Grape","Anderson, Raynor and Bernier","null","2019","1","7.0000","75.25","6","0","34.44","40.81","null","54.23256",""
"3597","Zucchini - Mini, Green","Anderson, Raynor and Bernier","null","null","null","null","null","null","null","null","null","null","null",""
"3598","Zucchini - Mini, Green","Anderson, Raynor and Bernier","null","null","null","null","null","null","null","null","null","null","null",""
"3599","Zucchini - Mini, Green","Anderson, Raynor and Bernier","null","2019","2","5.0000","53.75","5","0","24.60","29.15","null","54.23256",""
"3600","Zucchini - Mini, Green","Anderson, Raynor and Bernier","null","null","null","null","null","null","null","null","null","null","null",""
"3601","Zucchini - Mini, Green","Anderson, Raynor and Bernier","null","2019","3","8.0000","86.00","6","0","39.36","46.64","null","54.23256",""
"3602","Zucchini - Mini, Green","Anderson, Raynor and Bernier","null","2019","4","2.0000","21.50","2","0","9.84","11.66","null","54.23256",""
"3603","Zucchini - Mini, Green","Anderson, Raynor and Bernier","null","2019","5","2.0000","21.50","1","0","9.84","11.66","null","54.23256",""
"3604","Octopus","Anderson, Raynor and Bernier","null","null","null","null","null","null","null","null","null","null","null",""
"3605","Octopus","Anderson, Raynor and Bernier","null","2019","1","19.0000","185.25","8","0","113.55","71.70","null","38.70445",""
"3606","V8 - Vegetable Cocktail","Anderson, Raynor and Bernier","null","null","null","null","null","null","null","null","null","null","null",""
"3607","V8 - Vegetable Cocktail","Anderson, Raynor and Bernier","null","null","null","null","null","null","null","null","null","null","null",""
"3608","V8 - Vegetable Cocktail","Anderson, Raynor and Bernier","null","2019","2","15.0000","164.25","8","0","89.64","74.61","null","45.42466",""
"3609","V8 - Vegetable Cocktail","Anderson, Raynor and Bernier","null","null","null","null","null","null","null","null","null","null","null",""
"3610","V8 - Vegetable Cocktail","Anderson, Raynor and Bernier","null","2019","3","14.0000","138.75","8","0","83.66","55.09","null","39.70450",""
"3611","V8 - Vegetable Cocktail","Anderson, Raynor and Bernier","null","2019","4","14.0000","136.50","8","0","83.66","52.84","null","38.71062",""
"3612","V8 - Vegetable Cocktail","Anderson, Raynor and Bernier","null","2019","5","25.0000","243.75","12","0","149.41","94.34","null","38.70359",""
"3613","V8 - Vegetable Cocktail","Anderson, Raynor and Bernier","null","2019","6","13.0000","126.75","7","0","77.69","49.06","null","38.70611",""
"3614","Cape Capensis - Fillet","Anderson, Raynor and Bernier","null","null","null","null","null","null","null","null","null","null","null",""
"3615","Cape Capensis - Fillet","Anderson, Raynor and Bernier","null","2019","3","0.0000","24.76","1","1","-0.19","0.19","null","0.00000",""
"3616","Roe - White Fish","Anderson, Raynor and Bernier","null","null","null","null","null","null","null","null","null","null","null",""
"3617","Roe - White Fish","Anderson, Raynor and Bernier","null","null","null","null","null","null","null","null","null","null","null",""
"3618","Roe - White Fish","Anderson, Raynor and Bernier","null","2019","4","1.0000","12.38","1","0","9.80","2.58","null","20.84006",""
"3619","Roe - White Fish","Anderson, Raynor and Bernier","null","null","null","null","null","null","null","null","null","null","null",""
"3620","Skirt - 29 Foot","Anderson, Raynor and Bernier","null","null","null","null","null","null","null","null","null","null","null",""
"3621","Skirt - 29 Foot","Anderson, Raynor and Bernier","null","2019","1","9.0000","108.00","6","0","40.41","67.59","null","62.58333",""
"3622","Blueberries - Frozen","Anderson, Raynor and Bernier","null","null","null","null","null","null","null","null","null","null","null",""
"3623","Blueberries - Frozen","Anderson, Raynor and Bernier","null","null","null","null","null","null","null","null","null","null","null",""
"3624","Blueberries - Frozen","Anderson, Raynor and Bernier","null","2019","2","8.0000","102.00","6","0","35.92","66.08","null","64.78431",""
"3625","Blueberries - Frozen","Anderson, Raynor and Bernier","null","null","null","null","null","null","null","null","null","null","null",""
"3626","Blueberries - Frozen","Anderson, Raynor and Bernier","null","2019","3","9.0000","121.00","7","1","40.98","68.02","null","62.40367",""
"3627","Blueberries - Frozen","Anderson, Raynor and Bernier","null","2019","4","2.0000","24.00","2","0","8.98","15.02","null","62.58333",""
"3628","Blueberries - Frozen","Anderson, Raynor and Bernier","null","2019","5","7.0000","84.00","6","0","31.43","52.57","null","62.58333",""
"3629","Blueberries - Frozen","Anderson, Raynor and Bernier","null","2019","6","5.0000","60.00","5","0","22.45","37.55","null","62.58333",""
"3630","Coffee - Espresso","Anderson, Raynor and Bernier","null","null","null","null","null","null","null","null","null","null","null",""
"3631","Coffee - Espresso","Anderson, Raynor and Bernier","null","2019","1","6.0000","105.00","7","1","33.12","56.88","null","63.20000",""
"3632","Trout - Hot Smkd, Dbl Fillet","Anderson, Raynor and Bernier","null","null","null","null","null","null","null","null","null","null","null",""
"3633","Trout - Hot Smkd, Dbl Fillet","Anderson, Raynor and Bernier","null","null","null","null","null","null","null","null","null","null","null",""
"3634","Trout - Hot Smkd, Dbl Fillet","Anderson, Raynor and Bernier","null","2019","2","9.0000","135.00","8","0","49.67","85.33","null","63.20741",""
"3635","Trout - Hot Smkd, Dbl Fillet","Anderson, Raynor and Bernier","null","null","null","null","null","null","null","null","null","null","null",""
"3636","Trout - Hot Smkd, Dbl Fillet","Anderson, Raynor and Bernier","null","2019","3","9.0000","150.00","9","1","49.67","85.33","null","63.20741",""
"3637","Trout - Hot Smkd, Dbl Fillet","Anderson, Raynor and Bernier","null","2019","4","8.0000","120.00","8","0","44.16","75.84","null","63.20000",""
"3638","Trout - Hot Smkd, Dbl Fillet","Anderson, Raynor and Bernier","null","2019","5","7.0000","105.00","6","0","38.63","66.37","null","63.20952",""
"3639","Trout - Hot Smkd, Dbl Fillet","Anderson, Raynor and Bernier","null","2019","6","7.0000","105.00","7","0","38.64","66.36","null","63.20000",""
"3640","Beef - Baby, Liver","Anderson, Raynor and Bernier","null","null","null","null","null","null","null","null","null","null","null",""
"3641","Beef - Baby, Liver","Anderson, Raynor and Bernier","null","2019","1","8.0000","128.00","8","0","73.12","54.88","null","42.87500",""
"3642","Muffin - Mix - Creme Brule 15l","Anderson, Raynor and Bernier","null","null","null","null","null","null","null","null","null","null","null",""
"3643","Muffin - Mix - Creme Brule 15l","Anderson, Raynor and Bernier","null","null","null","null","null","null","null","null","null","null","null",""
"3644","Muffin - Mix - Creme Brule 15l","Anderson, Raynor and Bernier","null","2019","2","7.0000","124.50","7","0","63.98","60.52","null","48.61044",""
"3645","Muffin - Mix - Creme Brule 15l","Anderson, Raynor and Bernier","null","null","null","null","null","null","null","null","null","null","null",""
"3646","Muffin - Mix - Creme Brule 15l","Anderson, Raynor and Bernier","null","2019","3","6.0000","96.00","5","0","54.83","41.17","null","42.88542",""
"3647","Muffin - Mix - Creme Brule 15l","Anderson, Raynor and Bernier","null","2019","4","6.0000","96.00","6","0","54.84","41.16","null","42.87500",""
"3648","Muffin - Mix - Creme Brule 15l","Anderson, Raynor and Bernier","null","2019","5","4.0000","64.00","4","0","36.56","27.44","null","42.87500",""
"3649","Muffin - Mix - Creme Brule 15l","Anderson, Raynor and Bernier","null","2019","6","5.0000","80.00","5","0","45.70","34.30","null","42.87500",""
"3650","Wine - Dubouef Macon - Villages","Anderson, Raynor and Bernier","null","null","null","null","null","null","null","null","null","null","null",""
"3651","Wine - Dubouef Macon - Villages","Anderson, Raynor and Bernier","null","2019","5","1.0000","13.75","1","0","5.52","8.23","null","59.85455",""
"3652","White Baguette","Anderson, Raynor and Bernier","null","null","null","null","null","null","null","null","null","null","null",""
"3653","White Baguette","Anderson, Raynor and Bernier","null","null","null","null","null","null","null","null","null","null","null",""
"3654","Wine - Prem Select Charddonany","Anderson, Raynor and Bernier","null","null","null","null","null","null","null","null","null","null","null",""
"3655","Wine - Prem Select Charddonany","Anderson, Raynor and Bernier","null","2019","1","9.0000","149.95","8","0","84.25","65.70","null","43.81460",""
"3656","Juice - Apple, 1.36l","Anderson, Raynor and Bernier","null","null","null","null","null","null","null","null","null","null","null",""
"3657","Juice - Apple, 1.36l","Anderson, Raynor and Bernier","null","null","null","null","null","null","null","null","null","null","null",""
"3658","Juice - Apple, 1.36l","Anderson, Raynor and Bernier","null","2019","2","6.0000","108.70","6","0","56.16","52.54","null","48.33487",""
"3659","Juice - Apple, 1.36l","Anderson, Raynor and Bernier","null","null","null","null","null","null","null","null","null","null","null",""
"3660","Juice - Apple, 1.36l","Anderson, Raynor and Bernier","null","2019","3","9.0000","156.70","8","0","84.25","72.45","null","46.23484",""
"3661","Juice - Apple, 1.36l","Anderson, Raynor and Bernier","null","2019","4","8.0000","164.00","8","0","74.88","89.12","null","54.34146",""
"3662","Juice - Apple, 1.36l","Anderson, Raynor and Bernier","null","2019","5","9.0000","184.50","8","0","84.25","100.25","null","54.33604",""
"3663","Juice - Apple, 1.36l","Anderson, Raynor and Bernier","null","2019","6","6.0000","123.00","5","0","56.17","66.83","null","54.33333",""
"3664","Wine - Semi Dry Riesling Vineland","Anderson, Raynor and Bernier","null","null","null","null","null","null","null","null","null","null","null",""
"3665","Wine - Semi Dry Riesling Vineland","Anderson, Raynor and Bernier","null","2019","1","8.0000","112.50","5","0","56.11","56.39","null","50.12444",""
"3666","Wine - Sawmill Creek Autumn","Anderson, Raynor and Bernier","null","null","null","null","null","null","null","null","null","null","null",""
"3667","Wine - Sawmill Creek Autumn","Anderson, Raynor and Bernier","null","null","null","null","null","null","null","null","null","null","null",""
"3668","Wine - Sawmill Creek Autumn","Anderson, Raynor and Bernier","null","2019","2","7.0000","108.00","6","0","49.08","58.92","null","54.55556",""
"3669","Wine - Sawmill Creek Autumn","Anderson, Raynor and Bernier","null","null","null","null","null","null","null","null","null","null","null",""
"3670","Wine - Sawmill Creek Autumn","Anderson, Raynor and Bernier","null","2019","3","5.0000","84.00","6","1","42.06","27.94","null","39.91429",""
"3671","Wine - Sawmill Creek Autumn","Anderson, Raynor and Bernier","null","2019","4","6.0000","86.50","6","0","42.06","44.44","null","51.37572",""
"3672","Wine - Sawmill Creek Autumn","Anderson, Raynor and Bernier","null","2019","5","5.0000","70.00","5","0","35.05","34.95","null","49.92857",""
"3673","Wine - Sawmill Creek Autumn","Anderson, Raynor and Bernier","null","2019","6","5.0000","70.00","5","0","35.05","34.95","null","49.92857",""
"3674","Icecream Cone - Areo Chocolate","Anderson, Raynor and Bernier","null","null","null","null","null","null","null","null","null","null","null",""
"3675","Icecream Cone - Areo Chocolate","Anderson, Raynor and Bernier","null","2019","1","11.0000","213.73","8","0","74.14","139.59","null","65.31137",""
"3676","Cheese - Camembert","Anderson, Raynor and Bernier","null","null","null","null","null","null","null","null","null","null","null",""
"3677","Cheese - Camembert","Anderson, Raynor and Bernier","null","null","null","null","null","null","null","null","null","null","null",""
"3678","Cheese - Camembert","Anderson, Raynor and Bernier","null","2019","2","10.0000","223.50","8","0","67.40","156.10","null","69.84340",""
"3679","Cheese - Camembert","Anderson, Raynor and Bernier","null","null","null","null","null","null","null","null","null","null","null",""
"3680","Cheese - Camembert","Anderson, Raynor and Bernier","null","2019","3","11.0000","225.00","11","1","71.84","134.41","null","65.16848",""
"3681","Cheese - Camembert","Anderson, Raynor and Bernier","null","2019","4","8.0000","150.00","6","0","53.92","96.08","null","64.05333",""
"3682","Cheese - Camembert","Anderson, Raynor and Bernier","null","2019","5","13.0000","243.75","11","0","87.62","156.13","null","64.05333",""
"3683","Cheese - Camembert","Anderson, Raynor and Bernier","null","2019","6","10.0000","187.50","7","0","67.40","120.10","null","64.05333",""
"3684","Bread Country Roll","Anderson, Raynor and Bernier","null","null","null","null","null","null","null","null","null","null","null",""
"3685","Bread Country Roll","Anderson, Raynor and Bernier","null","2019","1","12.0000","224.40","9","0","149.55","74.85","null","33.35561",""
"3686","Juice - Apple Cider","Anderson, Raynor and Bernier","null","null","null","null","null","null","null","null","null","null","null",""
"3687","Juice - Apple Cider","Anderson, Raynor and Bernier","null","null","null","null","null","null","null","null","null","null","null",""
"3688","Juice - Apple Cider","Anderson, Raynor and Bernier","null","2019","2","7.0000","162.75","6","0","87.23","75.52","null","46.40246",""
"3689","Juice - Apple Cider","Anderson, Raynor and Bernier","null","null","null","null","null","null","null","null","null","null","null",""
"3690","Juice - Apple Cider","Anderson, Raynor and Bernier","null","2019","3","11.0000","198.15","11","0","137.06","61.09","null","30.83018",""
"3691","Juice - Apple Cider","Anderson, Raynor and Bernier","null","2019","4","7.0000","120.75","6","0","87.23","33.52","null","27.75983",""
"3692","Juice - Apple Cider","Anderson, Raynor and Bernier","null","2019","5","8.0000","146.40","7","0","99.69","46.71","null","31.90574",""
"3693","Juice - Apple Cider","Anderson, Raynor and Bernier","null","2019","6","4.0000","69.00","4","0","49.84","19.16","null","27.76812",""
"3694","Juice - Apple Cider","Anderson, Raynor and Bernier","null","null","null","null","null","null","null","null","null","null","null",""
"3695","null","null","Customer Total:","null","null","null","6,800.37","null","null","3,269.32","null","null","null",""
"3696","Juice - Apple Cider","Anderson, Raynor and Bernier","null","null","null","null","null","null","null","null","null","null","null",""
"3697","Juice - Apple Cider","Shields and Sons","null","null","null","null","null","null","null","null","null","null","null",""
"3698","Bread Bowl Plain","Shields and Sons","null","null","null","null","null","null","null","null","null","null","null",""
"3699","Bread Bowl Plain","Shields and Sons","null","2019","2","1.0000","14.58","1","0","5.33","9.25","null","63.44307",""
"3700","Cinnamon - Ground","Shields and Sons","null","null","null","null","null","null","null","null","null","null","null",""
"3701","Cinnamon - Ground","Shields and Sons","null","null","null","null","null","null","null","null","null","null","null",""
"3702","Cookie Dough - Oatmeal Rasin","Shields and Sons","null","null","null","null","null","null","null","null","null","null","null",""
"3703","Cookie Dough - Oatmeal Rasin","Shields and Sons","null","2019","2","1.0000","13.20","1","0","2.45","10.75","null","81.43939",""
"3704","Mayonnaise - Individual Pkg","Shields and Sons","null","null","null","null","null","null","null","null","null","null","null",""
"3705","Mayonnaise - Individual Pkg","Shields and Sons","null","null","null","null","null","null","null","null","null","null","null",""
"3706","Cherries - Fresh","Shields and Sons","null","null","null","null","null","null","null","null","null","null","null",""
"3707","Cherries - Fresh","Shields and Sons","null","2019","1","1.0000","19.50","1","0","3.11","16.39","null","84.05128",""
"3708","Sea Bass - Fillets","Shields and Sons","null","null","null","null","null","null","null","null","null","null","null",""
"3709","Sea Bass - Fillets","Shields and Sons","null","null","null","null","null","null","null","null","null","null","null",""
"3710","Sea Bass - Fillets","Shields and Sons","null","2019","2","1.0000","15.13","1","0","3.12","12.01","null","79.37872",""
"3711","Sea Bass - Fillets","Shields and Sons","null","null","null","null","null","null","null","null","null","null","null",""
"3712","Ginger - Crystalized","Shields and Sons","null","null","null","null","null","null","null","null","null","null","null",""
"3713","Ginger - Crystalized","Shields and Sons","null","2019","1","1.0000","37.00","1","0","18.27","18.73","null","50.62162",""
"3714","Raisin - Dark","Shields and Sons","null","null","null","null","null","null","null","null","null","null","null",""
"3715","Raisin - Dark","Shields and Sons","null","null","null","null","null","null","null","null","null","null","null",""
"3716","Sugar - Sweet N Low, Individual","Shields and Sons","null","null","null","null","null","null","null","null","null","null","null",""
"3717","Sugar - Sweet N Low, Individual","Shields and Sons","null","2019","1","2.0000","51.70","1","0","19.90","31.80","null","61.50870",""
"3718","Onions - Vidalia","Shields and Sons","null","null","null","null","null","null","null","null","null","null","null",""
"3719","Onions - Vidalia","Shields and Sons","null","null","null","null","null","null","null","null","null","null","null",""
"3720","Onions - Vidalia","Shields and Sons","null","2019","2","3.0000","102.30","1","0","29.63","72.67","null","71.03617",""
"3721","Onions - Vidalia","Shields and Sons","null","null","null","null","null","null","null","null","null","null","null",""
"3722","Sage Derby","Shields and Sons","null","null","null","null","null","null","null","null","null","null","null",""
"3723","Sage Derby","Shields and Sons","null","2019","1","2.0000","79.20","1","0","37.21","41.99","null","53.01768",""
"3724","Cheese - Camembert","Shields and Sons","null","null","null","null","null","null","null","null","null","null","null",""
"3725","Cheese - Camembert","Shields and Sons","null","null","null","null","null","null","null","null","null","null","null",""
"3726","Cheese - Oka","Shields and Sons","null","null","null","null","null","null","null","null","null","null","null",""
"3727","Cheese - Oka","Shields and Sons","null","2019","1","1.0000","95.00","1","0","42.10","52.90","null","55.68421",""
"3728","Truffle Shells - White Chocolate","Shields and Sons","null","null","null","null","null","null","null","null","null","null","null",""
"3729","Truffle Shells - White Chocolate","Shields and Sons","null","null","null","null","null","null","null","null","null","null","null",""
"3730","Truffle Shells - White Chocolate","Shields and Sons","null","2019","2","1.0000","95.00","1","0","42.10","52.90","null","55.68421",""
"3731","Truffle Shells - White Chocolate","Shields and Sons","null","null","null","null","null","null","null","null","null","null","null",""
"3732","Soup - French Can Pea","Shields and Sons","null","null","null","null","null","null","null","null","null","null","null",""
"3733","Soup - French Can Pea","Shields and Sons","null","2019","1","1.0000","25.00","1","0","13.98","11.02","null","44.08000",""
"3734","Ice Cream Bar - Hagen Daz","Shields and Sons","null","null","null","null","null","null","null","null","null","null","null",""
"3735","Ice Cream Bar - Hagen Daz","Shields and Sons","null","null","null","null","null","null","null","null","null","null","null",""
"3736","Ice Cream Bar - Hagen Daz","Shields and Sons","null","2019","2","1.0000","23.93","1","0","13.98","9.95","null","41.57961",""
"3737","Ice Cream Bar - Hagen Daz","Shields and Sons","null","null","null","null","null","null","null","null","null","null","null",""
"3738","null","null","Customer Total:","null","null","null","571.54","null","null","231.18","null","null","null",""
"3739","Ice Cream Bar - Hagen Daz","Shields and Sons","null","null","null","null","null","null","null","null","null","null","null",""
"3740","Ice Cream Bar - Hagen Daz","Wuckert-Nader","null","null","null","null","null","null","null","null","null","null","null",""
"3741","Octopus","Wuckert-Nader","null","null","null","null","null","null","null","null","null","null","null",""
"3742","Octopus","Wuckert-Nader","null","2019","3","7.0000","129.50","1","0","116.68","12.82","null","9.89961",""
"3743","Veal - Ground","Wuckert-Nader","null","null","null","null","null","null","null","null","null","null","null",""
"3744","Veal - Ground","Wuckert-Nader","null","null","null","null","null","null","null","null","null","null","null",""
"3745","Rum - Mount Gay Eclipes","Wuckert-Nader","null","null","null","null","null","null","null","null","null","null","null",""
"3746","Rum - Mount Gay Eclipes","Wuckert-Nader","null","2019","3","5.0000","131.50","1","0","85.86","45.64","null","34.70722",""
"3747","Wine - George Duboeuf Rose","Wuckert-Nader","null","null","null","null","null","null","null","null","null","null","null",""
"3748","Wine - George Duboeuf Rose","Wuckert-Nader","null","null","null","null","null","null","null","null","null","null","null",""
"3749","Orange Roughy 4/6 Oz","Wuckert-Nader","null","null","null","null","null","null","null","null","null","null","null",""
"3750","Orange Roughy 4/6 Oz","Wuckert-Nader","null","2019","5","7.0000","147.00","1","0","107.04","39.96","null","27.18367",""
"3751","Crab - Dungeness, Whole","Wuckert-Nader","null","null","null","null","null","null","null","null","null","null","null",""
"3752","Crab - Dungeness, Whole","Wuckert-Nader","null","null","null","null","null","null","null","null","null","null","null",""
"3753","Rabbit - Saddles","Wuckert-Nader","null","null","null","null","null","null","null","null","null","null","null",""
"3754","Rabbit - Saddles","Wuckert-Nader","null","2019","1","34.0000","546.00","4","0","375.07","170.93","null","31.30586",""
"3755","Beef - Bresaola","Wuckert-Nader","null","null","null","null","null","null","null","null","null","null","null",""
"3756","Beef - Bresaola","Wuckert-Nader","null","null","null","null","null","null","null","null","null","null","null",""
"3757","Beef - Bresaola","Wuckert-Nader","null","2019","2","20.0000","340.00","3","0","220.98","119.02","null","35.00588",""
"3758","Beef - Bresaola","Wuckert-Nader","null","null","null","null","null","null","null","null","null","null","null",""
"3759","Beef - Bresaola","Wuckert-Nader","null","2019","3","18.0000","391.00","4","1","215.43","90.57","null","29.59804",""
"3760","Beef - Bresaola","Wuckert-Nader","null","2019","4","21.0000","357.00","3","0","231.83","125.17","null","35.06162",""
"3761","Beef - Bresaola","Wuckert-Nader","null","2019","5","21.0000","357.00","3","0","232.18","124.82","null","34.96359",""
"3762","Beef - Bresaola","Wuckert-Nader","null","2019","6","28.0000","476.00","4","0","310.14","165.86","null","34.84454",""
"3763","Beef - Bresaola","Wuckert-Nader","null","null","null","null","null","null","null","null","null","null","null",""
"3764","null","null","Customer Total:","null","null","null","2,875.00","null","null","1,895.21","null","null","null",""
"3765","Beef - Bresaola","Wuckert-Nader","null","null","null","null","null","null","null","null","null","null","null",""
"3766","Beef - Bresaola","Boyer-Streich","null","null","null","null","null","null","null","null","null","null","null",""
"3767","Basil - Primerba, Paste","Boyer-Streich","null","null","null","null","null","null","null","null","null","null","null",""
"3768","Basil - Primerba, Paste","Boyer-Streich","null","2019","1","2.0000","20.50","2","0","13.42","7.08","null","34.53659",""
"3769","Salsify, Organic","Boyer-Streich","null","null","null","null","null","null","null","null","null","null","null",""
"3770","Salsify, Organic","Boyer-Streich","null","null","null","null","null","null","null","null","null","null","null",""
"3771","Salsify, Organic","Boyer-Streich","null","2019","2","3.0000","37.93","3","0","20.13","17.80","null","46.92855",""
"3772","Salsify, Organic","Boyer-Streich","null","null","null","null","null","null","null","null","null","null","null",""
"3773","Salsify, Organic","Boyer-Streich","null","2019","3","2.0000","20.50","2","0","13.42","7.08","null","34.53659",""
"3774","Salsify, Organic","Boyer-Streich","null","2019","4","3.0000","30.75","3","0","20.13","10.62","null","34.53659",""
"3775","Salsify, Organic","Boyer-Streich","null","2019","5","3.0000","30.75","3","0","20.13","10.62","null","34.53659",""
"3776","Salsify, Organic","Boyer-Streich","null","2019","6","2.0000","20.50","2","0","13.42","7.08","null","34.53659",""
"3777","Octopus","Boyer-Streich","null","null","null","null","null","null","null","null","null","null","null",""
"3778","Octopus","Boyer-Streich","null","2019","1","3.0000","29.25","3","0","17.94","11.31","null","38.66667",""
"3779","V8 - Vegetable Cocktail","Boyer-Streich","null","null","null","null","null","null","null","null","null","null","null",""
"3780","V8 - Vegetable Cocktail","Boyer-Streich","null","null","null","null","null","null","null","null","null","null","null",""
"3781","V8 - Vegetable Cocktail","Boyer-Streich","null","2019","2","3.0000","36.00","3","0","17.94","18.06","null","50.16667",""
"3782","V8 - Vegetable Cocktail","Boyer-Streich","null","null","null","null","null","null","null","null","null","null","null",""
"3783","V8 - Vegetable Cocktail","Boyer-Streich","null","2019","3","2.0000","19.50","2","0","11.96","7.54","null","38.66667",""
"3784","V8 - Vegetable Cocktail","Boyer-Streich","null","2019","4","3.0000","29.25","3","0","17.94","11.31","null","38.66667",""
"3785","V8 - Vegetable Cocktail","Boyer-Streich","null","2019","5","3.0000","29.25","3","0","17.94","11.31","null","38.66667",""
"3786","V8 - Vegetable Cocktail","Boyer-Streich","null","2019","6","2.0000","19.50","2","0","11.96","7.54","null","38.66667",""
"3787","Cape Capensis - Fillet","Boyer-Streich","null","null","null","null","null","null","null","null","null","null","null",""
"3788","Cape Capensis - Fillet","Boyer-Streich","null","2019","3","0.0000","22.50","1","1","7.50","-7.50","null","0.00000",""
"3789","Roe - White Fish","Boyer-Streich","null","null","null","null","null","null","null","null","null","null","null",""
"3790","Roe - White Fish","Boyer-Streich","null","null","null","null","null","null","null","null","null","null","null",""
"3791","Skirt - 29 Foot","Boyer-Streich","null","null","null","null","null","null","null","null","null","null","null",""
"3792","Skirt - 29 Foot","Boyer-Streich","null","2019","3","0.0000","10.25","1","1","0.33","-0.33","null","0.00000",""
"3793","Blueberries - Frozen","Boyer-Streich","null","null","null","null","null","null","null","null","null","null","null",""
"3794","Blueberries - Frozen","Boyer-Streich","null","null","null","null","null","null","null","null","null","null","null",""
"3795","Coffee - Espresso","Boyer-Streich","null","null","null","null","null","null","null","null","null","null","null",""
"3796","Coffee - Espresso","Boyer-Streich","null","2019","1","2.0000","30.05","2","0","11.04","19.01","null","63.26123",""
"3797","Trout - Hot Smkd, Dbl Fillet","Boyer-Streich","null","null","null","null","null","null","null","null","null","null","null",""
"3798","Trout - Hot Smkd, Dbl Fillet","Boyer-Streich","null","null","null","null","null","null","null","null","null","null","null",""
"3799","Trout - Hot Smkd, Dbl Fillet","Boyer-Streich","null","2019","2","2.0000","30.00","2","0","11.04","18.96","null","63.20000",""
"3800","Trout - Hot Smkd, Dbl Fillet","Boyer-Streich","null","null","null","null","null","null","null","null","null","null","null",""
"3801","Trout - Hot Smkd, Dbl Fillet","Boyer-Streich","null","2019","3","0.0000","15.05","1","1","0.00","0.00","null","0.00000",""
"3802","Wine - Semi Dry Riesling Vineland","Boyer-Streich","null","null","null","null","null","null","null","null","null","null","null",""
"3803","Wine - Semi Dry Riesling Vineland","Boyer-Streich","null","2019","3","0.0000","16.00","1","1","0.00","0.00","null","0.00000",""
"3804","Wine - Sawmill Creek Autumn","Boyer-Streich","null","null","null","null","null","null","null","null","null","null","null",""
"3805","Wine - Sawmill Creek Autumn","Boyer-Streich","null","null","null","null","null","null","null","null","null","null","null",""
"3806","Icecream Cone - Areo Chocolate","Boyer-Streich","null","null","null","null","null","null","null","null","null","null","null",""
"3807","Icecream Cone - Areo Chocolate","Boyer-Streich","null","2019","3","0.0000","18.25","1","1","-4.20","4.20","null","0.00000",""
"3808","Cheese - Camembert","Boyer-Streich","null","null","null","null","null","null","null","null","null","null","null",""
"3809","Cheese - Camembert","Boyer-Streich","null","null","null","null","null","null","null","null","null","null","null",""
"3810","Cheese - Camembert","Boyer-Streich","null","null","null","null","null","null","null","null","null","null","null",""
"3811","null","null","Customer Total:","null","null","null","465.78","null","null","222.04","null","null","null",""
"3812","Cheese - Camembert","Boyer-Streich","null","null","null","null","null","null","null","null","null","null","null",""
"3813","Cheese - Camembert","Parisian-Parisian","null","null","null","null","null","null","null","null","null","null","null",""
"3814","Tomatoes - Grape","Parisian-Parisian","null","null","null","null","null","null","null","null","null","null","null",""
"3815","Tomatoes - Grape","Parisian-Parisian","null","2019","3","2.0000","21.50","2","0","9.84","11.66","null","54.23256",""
"3816","Zucchini - Mini, Green","Parisian-Parisian","null","null","null","null","null","null","null","null","null","null","null",""
"3817","Zucchini - Mini, Green","Parisian-Parisian","null","null","null","null","null","null","null","null","null","null","null",""
"3818","Zucchini - Mini, Green","Parisian-Parisian","null","2019","4","1.0000","10.75","1","0","4.92","5.83","null","54.23256",""
"3819","Zucchini - Mini, Green","Parisian-Parisian","null","null","null","null","null","null","null","null","null","null","null",""
"3820","Zucchini - Mini, Green","Parisian-Parisian","null","2019","5","2.0000","21.50","2","0","9.84","11.66","null","54.23256",""
"3821","Basil - Primerba, Paste","Parisian-Parisian","null","null","null","null","null","null","null","null","null","null","null",""
"3822","Basil - Primerba, Paste","Parisian-Parisian","null","2019","1","3.0000","30.75","3","0","20.13","10.62","null","34.53659",""
"3823","Salsify, Organic","Parisian-Parisian","null","null","null","null","null","null","null","null","null","null","null",""
"3824","Salsify, Organic","Parisian-Parisian","null","null","null","null","null","null","null","null","null","null","null",""
"3825","Salsify, Organic","Parisian-Parisian","null","2019","2","2.0000","25.00","2","0","13.42","11.58","null","46.32000",""
"3826","Salsify, Organic","Parisian-Parisian","null","null","null","null","null","null","null","null","null","null","null",""
"3827","Salsify, Organic","Parisian-Parisian","null","2019","3","1.0000","12.50","1","0","6.71","5.79","null","46.32000",""
"3828","Salsify, Organic","Parisian-Parisian","null","2019","4","1.0000","12.50","1","0","6.71","5.79","null","46.32000",""
"3829","Salsify, Organic","Parisian-Parisian","null","2019","5","1.0000","12.50","1","0","6.71","5.79","null","46.32000",""
"3830","Beef - Ground Lean Fresh","Parisian-Parisian","null","null","null","null","null","null","null","null","null","null","null",""
"3831","Beef - Ground Lean Fresh","Parisian-Parisian","null","2019","1","1.0000","17.50","1","0","14.24","3.26","null","18.62857",""
"3832","Muffin Puck Ww Carrot","Parisian-Parisian","null","null","null","null","null","null","null","null","null","null","null",""
"3833","Muffin Puck Ww Carrot","Parisian-Parisian","null","null","null","null","null","null","null","null","null","null","null",""
"3834","Muffin Puck Ww Carrot","Parisian-Parisian","null","2019","2","1.0000","19.50","1","0","14.25","5.25","null","26.92308",""
"3835","Muffin Puck Ww Carrot","Parisian-Parisian","null","null","null","null","null","null","null","null","null","null","null",""
"3836","Muffin Puck Ww Carrot","Parisian-Parisian","null","2019","4","1.0000","19.50","1","0","13.53","5.97","null","30.61538",""
"3837","Octopus","Parisian-Parisian","null","null","null","null","null","null","null","null","null","null","null",""
"3838","Octopus","Parisian-Parisian","null","2019","1","4.0000","39.00","4","0","23.92","15.08","null","38.66667",""
"3839","V8 - Vegetable Cocktail","Parisian-Parisian","null","null","null","null","null","null","null","null","null","null","null",""
"3840","V8 - Vegetable Cocktail","Parisian-Parisian","null","null","null","null","null","null","null","null","null","null","null",""
"3841","V8 - Vegetable Cocktail","Parisian-Parisian","null","2019","2","4.0000","48.00","3","0","23.91","24.09","null","50.18750",""
"3842","V8 - Vegetable Cocktail","Parisian-Parisian","null","null","null","null","null","null","null","null","null","null","null",""
"3843","V8 - Vegetable Cocktail","Parisian-Parisian","null","2019","3","5.0000","60.00","4","0","29.89","30.11","null","50.18333",""
"3844","V8 - Vegetable Cocktail","Parisian-Parisian","null","2019","4","3.0000","36.00","3","0","17.94","18.06","null","50.16667",""
"3845","V8 - Vegetable Cocktail","Parisian-Parisian","null","2019","5","3.0000","36.00","3","0","17.94","18.06","null","50.16667",""
"3846","V8 - Vegetable Cocktail","Parisian-Parisian","null","2019","6","2.0000","24.00","2","0","11.96","12.04","null","50.16667",""
"3847","Flour - Bran, Red","Parisian-Parisian","null","null","null","null","null","null","null","null","null","null","null",""
"3848","Flour - Bran, Red","Parisian-Parisian","null","2019","1","1.0000","14.25","1","0","12.82","1.43","null","10.03509",""
"3849","Artichokes - Jerusalem","Parisian-Parisian","null","null","null","null","null","null","null","null","null","null","null",""
"3850","Artichokes - Jerusalem","Parisian-Parisian","null","null","null","null","null","null","null","null","null","null","null",""
"3851","Artichokes - Jerusalem","Parisian-Parisian","null","2019","6","1.0000","14.25","1","0","12.45","1.80","null","12.63158",""
"3852","Artichokes - Jerusalem","Parisian-Parisian","null","null","null","null","null","null","null","null","null","null","null",""
"3853","Cape Capensis - Fillet","Parisian-Parisian","null","null","null","null","null","null","null","null","null","null","null",""
"3854","Cape Capensis - Fillet","Parisian-Parisian","null","2019","1","4.0000","45.00","3","0","39.16","5.84","null","12.97778",""
"3855","Roe - White Fish","Parisian-Parisian","null","null","null","null","null","null","null","null","null","null","null",""
"3856","Roe - White Fish","Parisian-Parisian","null","null","null","null","null","null","null","null","null","null","null",""
"3857","Roe - White Fish","Parisian-Parisian","null","2019","2","4.0000","60.00","5","1","39.10","8.90","null","18.54167",""
"3858","Roe - White Fish","Parisian-Parisian","null","null","null","null","null","null","null","null","null","null","null",""
"3859","Roe - White Fish","Parisian-Parisian","null","2019","3","4.0000","48.00","4","0","39.01","8.99","null","18.72917",""
"3860","Roe - White Fish","Parisian-Parisian","null","2019","4","4.0000","48.00","4","0","38.62","9.38","null","19.54167",""
"3861","Roe - White Fish","Parisian-Parisian","null","2019","5","2.0000","24.00","2","0","19.59","4.41","null","18.37500",""
"3862","Roe - White Fish","Parisian-Parisian","null","2019","6","3.0000","36.00","3","0","29.40","6.60","null","18.33333",""
"3863","Skirt - 29 Foot","Parisian-Parisian","null","null","null","null","null","null","null","null","null","null","null",""
"3864","Skirt - 29 Foot","Parisian-Parisian","null","2019","1","6.0000","61.50","5","0","26.94","34.56","null","56.19512",""
"3865","Blueberries - Frozen","Parisian-Parisian","null","null","null","null","null","null","null","null","null","null","null",""
"3866","Blueberries - Frozen","Parisian-Parisian","null","null","null","null","null","null","null","null","null","null","null",""
"3867","Blueberries - Frozen","Parisian-Parisian","null","2019","2","5.0000","78.00","5","1","22.45","42.55","null","65.46154",""
"3868","Blueberries - Frozen","Parisian-Parisian","null","null","null","null","null","null","null","null","null","null","null",""
"3869","Blueberries - Frozen","Parisian-Parisian","null","2019","3","5.0000","65.00","4","0","22.45","42.55","null","65.46154",""
"3870","Blueberries - Frozen","Parisian-Parisian","null","2019","4","5.0000","65.00","5","0","22.45","42.55","null","65.46154",""
"3871","Blueberries - Frozen","Parisian-Parisian","null","2019","5","4.0000","52.00","4","0","17.96","34.04","null","65.46154",""
"3872","Blueberries - Frozen","Parisian-Parisian","null","2019","6","3.0000","39.00","3","0","13.47","25.53","null","65.46154",""
"3873","Coffee - Espresso","Parisian-Parisian","null","null","null","null","null","null","null","null","null","null","null",""
"3874","Coffee - Espresso","Parisian-Parisian","null","2019","1","3.0000","45.00","3","0","16.56","28.44","null","63.20000",""
"3875","Trout - Hot Smkd, Dbl Fillet","Parisian-Parisian","null","null","null","null","null","null","null","null","null","null","null",""
"3876","Trout - Hot Smkd, Dbl Fillet","Parisian-Parisian","null","null","null","null","null","null","null","null","null","null","null",""
"3877","Trout - Hot Smkd, Dbl Fillet","Parisian-Parisian","null","2019","2","3.0000","45.00","3","0","16.56","28.44","null","63.20000",""
"3878","Trout - Hot Smkd, Dbl Fillet","Parisian-Parisian","null","null","null","null","null","null","null","null","null","null","null",""
"3879","Trout - Hot Smkd, Dbl Fillet","Parisian-Parisian","null","2019","3","3.0000","45.00","3","0","16.56","28.44","null","63.20000",""
"3880","Trout - Hot Smkd, Dbl Fillet","Parisian-Parisian","null","2019","4","4.0000","60.00","4","0","22.08","37.92","null","63.20000",""
"3881","Trout - Hot Smkd, Dbl Fillet","Parisian-Parisian","null","2019","5","3.0000","45.00","3","0","16.56","28.44","null","63.20000",""
"3882","Trout - Hot Smkd, Dbl Fillet","Parisian-Parisian","null","2019","6","3.0000","45.00","3","0","16.56","28.44","null","63.20000",""
"3883","Wine - Dubouef Macon - Villages","Parisian-Parisian","null","null","null","null","null","null","null","null","null","null","null",""
"3884","Wine - Dubouef Macon - Villages","Parisian-Parisian","null","2019","1","2.0000","20.00","2","0","11.04","8.96","null","44.80000",""
"3885","White Baguette","Parisian-Parisian","null","null","null","null","null","null","null","null","null","null","null",""
"3886","White Baguette","Parisian-Parisian","null","null","null","null","null","null","null","null","null","null","null",""
"3887","White Baguette","Parisian-Parisian","null","2019","2","1.0000","12.75","1","0","5.52","7.23","null","56.70588",""
"3888","White Baguette","Parisian-Parisian","null","null","null","null","null","null","null","null","null","null","null",""
"3889","White Baguette","Parisian-Parisian","null","2019","3","1.0000","10.00","1","0","5.52","4.48","null","44.80000",""
"3890","White Baguette","Parisian-Parisian","null","2019","4","2.0000","27.50","2","0","11.04","16.46","null","59.85455",""
"3891","White Baguette","Parisian-Parisian","null","2019","5","1.0000","13.75","1","0","5.52","8.23","null","59.85455",""
"3892","White Baguette","Parisian-Parisian","null","2019","6","3.0000","41.25","3","0","16.56","24.69","null","59.85455",""
"3893","Squash - Sunburst","Parisian-Parisian","null","null","null","null","null","null","null","null","null","null","null",""
"3894","Squash - Sunburst","Parisian-Parisian","null","2019","5","1.0000","23.80","1","0","10.34","13.46","null","56.55462",""
"3895","Chocolate - Milk","Parisian-Parisian","null","null","null","null","null","null","null","null","null","null","null",""
"3896","Chocolate - Milk","Parisian-Parisian","null","null","null","null","null","null","null","null","null","null","null",""
"3897","Chocolate - Milk","Parisian-Parisian","null","2019","6","1.0000","23.80","1","0","10.34","13.46","null","56.55462",""
"3898","Chocolate - Milk","Parisian-Parisian","null","null","null","null","null","null","null","null","null","null","null",""
"3899","Butter Balls Salted","Parisian-Parisian","null","null","null","null","null","null","null","null","null","null","null",""
"3900","Butter Balls Salted","Parisian-Parisian","null","2019","6","1.0000","21.50","1","0","9.92","11.58","null","53.86047",""
"3901","Cup - 4oz Translucent","Parisian-Parisian","null","null","null","null","null","null","null","null","null","null","null",""
"3902","Cup - 4oz Translucent","Parisian-Parisian","null","null","null","null","null","null","null","null","null","null","null",""
"3903","Wine - Semi Dry Riesling Vineland","Parisian-Parisian","null","null","null","null","null","null","null","null","null","null","null",""
"3904","Wine - Semi Dry Riesling Vineland","Parisian-Parisian","null","2019","1","3.0000","42.75","3","0","21.03","21.72","null","50.80702",""
"3905","Wine - Sawmill Creek Autumn","Parisian-Parisian","null","null","null","null","null","null","null","null","null","null","null",""
"3906","Wine - Sawmill Creek Autumn","Parisian-Parisian","null","null","null","null","null","null","null","null","null","null","null",""
"3907","Wine - Sawmill Creek Autumn","Parisian-Parisian","null","2019","2","2.0000","48.00","3","1","14.02","17.98","null","56.18750",""
"3908","Wine - Sawmill Creek Autumn","Parisian-Parisian","null","null","null","null","null","null","null","null","null","null","null",""
"3909","Wine - Sawmill Creek Autumn","Parisian-Parisian","null","2019","3","2.0000","30.25","2","0","14.02","16.23","null","53.65289",""
"3910","Wine - Sawmill Creek Autumn","Parisian-Parisian","null","2019","4","2.0000","28.50","2","0","14.02","14.48","null","50.80702",""
"3911","Wine - Sawmill Creek Autumn","Parisian-Parisian","null","2019","5","1.0000","14.25","1","0","7.01","7.24","null","50.80702",""
"3912","Wine - Sawmill Creek Autumn","Parisian-Parisian","null","2019","6","3.0000","42.75","3","0","21.03","21.72","null","50.80702",""
"3913","Icecream Cone - Areo Chocolate","Parisian-Parisian","null","null","null","null","null","null","null","null","null","null","null",""
"3914","Icecream Cone - Areo Chocolate","Parisian-Parisian","null","2019","1","4.0000","73.00","3","0","26.96","46.04","null","63.06849",""
"3915","Cheese - Camembert","Parisian-Parisian","null","null","null","null","null","null","null","null","null","null","null",""
"3916","Cheese - Camembert","Parisian-Parisian","null","null","null","null","null","null","null","null","null","null","null",""
"3917","Cheese - Camembert","Parisian-Parisian","null","2019","2","3.0000","74.25","3","0","20.22","54.03","null","72.76768",""
"3918","Cheese - Camembert","Parisian-Parisian","null","null","null","null","null","null","null","null","null","null","null",""
"3919","Cheese - Camembert","Parisian-Parisian","null","2019","3","4.0000","73.00","3","0","26.96","46.04","null","63.06849",""
"3920","Cheese - Camembert","Parisian-Parisian","null","2019","4","4.0000","79.50","4","0","26.96","52.54","null","66.08805",""
"3921","Cheese - Camembert","Parisian-Parisian","null","2019","5","4.0000","73.00","4","0","26.96","46.04","null","63.06849",""
"3922","Cheese - Camembert","Parisian-Parisian","null","2019","6","4.0000","73.00","4","0","26.96","46.04","null","63.06849",""
"3923","Sugar - Sweet N Low, Individual","Parisian-Parisian","null","null","null","null","null","null","null","null","null","null","null",""
"3924","Sugar - Sweet N Low, Individual","Parisian-Parisian","null","2019","1","1.0000","20.00","1","0","9.88","10.12","null","50.60000",""
"3925","Onions - Vidalia","Parisian-Parisian","null","null","null","null","null","null","null","null","null","null","null",""
"3926","Onions - Vidalia","Parisian-Parisian","null","null","null","null","null","null","null","null","null","null","null",""
"3927","Sage Derby","Parisian-Parisian","null","null","null","null","null","null","null","null","null","null","null",""
"3928","Sage Derby","Parisian-Parisian","null","2019","1","1.0000","28.90","1","0","18.73","10.17","null","35.19031",""
"3929","Cheese - Camembert","Parisian-Parisian","null","null","null","null","null","null","null","null","null","null","null",""
"3930","Cheese - Camembert","Parisian-Parisian","null","null","null","null","null","null","null","null","null","null","null",""
"3931","Cheese - Camembert","Parisian-Parisian","null","null","null","null","null","null","null","null","null","null","null",""
"3932","null","null","Customer Total:","null","null","null","2,277.00","null","null","1,067.17","null","null","null",""
"3933","Cheese - Camembert","Parisian-Parisian","null","null","null","null","null","null","null","null","null","null","null",""
"3934","Cheese - Camembert","Jakubowski, Altenwerth and Little","null","null","null","null","null","null","null","null","null","null","null",""
"3935","Tomatoes - Heirloom","Jakubowski, Altenwerth and Little","null","null","null","null","null","null","null","null","null","null","null",""
"3936","Tomatoes - Heirloom","Jakubowski, Altenwerth and Little","null","2019","1","5.0000","72.50","1","0","47.06","25.44","null","35.08966",""
"3937","Wine - Red, Metus Rose","Jakubowski, Altenwerth and Little","null","null","null","null","null","null","null","null","null","null","null",""
"3938","Wine - Red, Metus Rose","Jakubowski, Altenwerth and Little","null","null","null","null","null","null","null","null","null","null","null",""
"3939","Tomatoes - Grape","Jakubowski, Altenwerth and Little","null","null","null","null","null","null","null","null","null","null","null",""
"3940","Tomatoes - Grape","Jakubowski, Altenwerth and Little","null","2019","1","8.0000","81.50","6","0","39.36","42.14","null","51.70552",""
"3941","Zucchini - Mini, Green","Jakubowski, Altenwerth and Little","null","null","null","null","null","null","null","null","null","null","null",""
"3942","Zucchini - Mini, Green","Jakubowski, Altenwerth and Little","null","null","null","null","null","null","null","null","null","null","null",""
"3943","Zucchini - Mini, Green","Jakubowski, Altenwerth and Little","null","2019","2","6.0000","64.50","4","0","29.52","34.98","null","54.23256",""
"3944","Zucchini - Mini, Green","Jakubowski, Altenwerth and Little","null","null","null","null","null","null","null","null","null","null","null",""
"3945","Zucchini - Mini, Green","Jakubowski, Altenwerth and Little","null","2019","3","9.0000","96.75","5","0","44.28","52.47","null","54.23256",""
"3946","Zucchini - Mini, Green","Jakubowski, Altenwerth and Little","null","2019","4","5.0000","53.75","4","0","24.60","29.15","null","54.23256",""
"3947","Zucchini - Mini, Green","Jakubowski, Altenwerth and Little","null","2019","5","6.0000","64.50","4","0","29.52","34.98","null","54.23256",""
"3948","Zucchini - Mini, Green","Jakubowski, Altenwerth and Little","null","2019","6","5.0000","53.75","3","0","24.60","29.15","null","54.23256",""
"3949","Octopus","Jakubowski, Altenwerth and Little","null","null","null","null","null","null","null","null","null","null","null",""
"3950","Octopus","Jakubowski, Altenwerth and Little","null","2019","3","1.0000","12.38","1","0","5.98","6.40","null","51.69628",""
"3951","V8 - Vegetable Cocktail","Jakubowski, Altenwerth and Little","null","null","null","null","null","null","null","null","null","null","null",""
"3952","V8 - Vegetable Cocktail","Jakubowski, Altenwerth and Little","null","null","null","null","null","null","null","null","null","null","null",""
"3953","Skirt - 29 Foot","Jakubowski, Altenwerth and Little","null","null","null","null","null","null","null","null","null","null","null",""
"3954","Skirt - 29 Foot","Jakubowski, Altenwerth and Little","null","2019","1","10.0000","102.50","6","0","44.90","57.60","null","56.19512",""
"3955","Blueberries - Frozen","Jakubowski, Altenwerth and Little","null","null","null","null","null","null","null","null","null","null","null",""
"3956","Blueberries - Frozen","Jakubowski, Altenwerth and Little","null","null","null","null","null","null","null","null","null","null","null",""
"3957","Blueberries - Frozen","Jakubowski, Altenwerth and Little","null","2019","2","6.0000","69.75","4","0","26.94","42.81","null","61.37634",""
"3958","Blueberries - Frozen","Jakubowski, Altenwerth and Little","null","null","null","null","null","null","null","null","null","null","null",""
"3959","Blueberries - Frozen","Jakubowski, Altenwerth and Little","null","2019","3","10.0000","102.50","5","0","44.90","57.60","null","56.19512",""
"3960","Blueberries - Frozen","Jakubowski, Altenwerth and Little","null","2019","4","5.0000","51.25","4","0","22.45","28.80","null","56.19512",""
"3961","Blueberries - Frozen","Jakubowski, Altenwerth and Little","null","2019","5","6.0000","61.50","4","0","26.94","34.56","null","56.19512",""
"3962","Blueberries - Frozen","Jakubowski, Altenwerth and Little","null","2019","6","5.0000","51.25","3","0","22.45","28.80","null","56.19512",""
"3963","Wine - Semi Dry Riesling Vineland","Jakubowski, Altenwerth and Little","null","null","null","null","null","null","null","null","null","null","null",""
"3964","Wine - Semi Dry Riesling Vineland","Jakubowski, Altenwerth and Little","null","2019","1","7.0000","99.75","6","0","49.08","50.67","null","50.79699",""
"3965","Wine - Sawmill Creek Autumn","Jakubowski, Altenwerth and Little","null","null","null","null","null","null","null","null","null","null","null",""
"3966","Wine - Sawmill Creek Autumn","Jakubowski, Altenwerth and Little","null","null","null","null","null","null","null","null","null","null","null",""
"3967","Wine - Sawmill Creek Autumn","Jakubowski, Altenwerth and Little","null","2019","2","6.0000","92.50","4","0","42.08","50.42","null","54.50811",""
"3968","Wine - Sawmill Creek Autumn","Jakubowski, Altenwerth and Little","null","null","null","null","null","null","null","null","null","null","null",""
"3969","Wine - Sawmill Creek Autumn","Jakubowski, Altenwerth and Little","null","2019","3","8.0000","114.00","5","0","56.11","57.89","null","50.78070",""
"3970","Wine - Sawmill Creek Autumn","Jakubowski, Altenwerth and Little","null","2019","4","5.0000","71.25","4","0","35.06","36.19","null","50.79298",""
"3971","Wine - Sawmill Creek Autumn","Jakubowski, Altenwerth and Little","null","2019","5","6.0000","85.50","4","0","42.08","43.42","null","50.78363",""
"3972","Wine - Sawmill Creek Autumn","Jakubowski, Altenwerth and Little","null","2019","6","5.0000","71.25","3","0","35.07","36.18","null","50.77895",""
"3973","Sugar - Sweet N Low, Individual","Jakubowski, Altenwerth and Little","null","null","null","null","null","null","null","null","null","null","null",""
"3974","Sugar - Sweet N Low, Individual","Jakubowski, Altenwerth and Little","null","2019","1","2.0000","51.70","1","0","19.76","31.94","null","61.77950",""
"3975","Onions - Vidalia","Jakubowski, Altenwerth and Little","null","null","null","null","null","null","null","null","null","null","null",""
"3976","Onions - Vidalia","Jakubowski, Altenwerth and Little","null","null","null","null","null","null","null","null","null","null","null",""
"3977","Onions - Vidalia","Jakubowski, Altenwerth and Little","null","2019","3","1.0000","34.10","1","0","9.88","24.22","null","71.02639",""
"3978","Onions - Vidalia","Jakubowski, Altenwerth and Little","null","null","null","null","null","null","null","null","null","null","null",""
"3979","Arctic Char - Fresh, Whole","Jakubowski, Altenwerth and Little","null","null","null","null","null","null","null","null","null","null","null",""
"3980","Arctic Char - Fresh, Whole","Jakubowski, Altenwerth and Little","null","2019","6","1.0000","15.25","1","0","5.54","9.71","null","63.67213",""
"3981","Pants Custom Dry Clean","Jakubowski, Altenwerth and Little","null","null","null","null","null","null","null","null","null","null","null",""
"3982","Pants Custom Dry Clean","Jakubowski, Altenwerth and Little","null","null","null","null","null","null","null","null","null","null","null",""
"3983","Sage Derby","Jakubowski, Altenwerth and Little","null","null","null","null","null","null","null","null","null","null","null",""
"3984","Sage Derby","Jakubowski, Altenwerth and Little","null","2019","3","1.0000","40.15","1","0","18.73","21.42","null","53.34994",""
"3985","Cheese - Camembert","Jakubowski, Altenwerth and Little","null","null","null","null","null","null","null","null","null","null","null",""
"3986","Cheese - Camembert","Jakubowski, Altenwerth and Little","null","null","null","null","null","null","null","null","null","null","null",""
"3987","Soup - French Can Pea","Jakubowski, Altenwerth and Little","null","null","null","null","null","null","null","null","null","null","null",""
"3988","Soup - French Can Pea","Jakubowski, Altenwerth and Little","null","2019","1","1.0000","17.60","1","0","13.98","3.62","null","20.56818",""
"3989","Ice Cream Bar - Hagen Daz","Jakubowski, Altenwerth and Little","null","null","null","null","null","null","null","null","null","null","null",""
"3990","Ice Cream Bar - Hagen Daz","Jakubowski, Altenwerth and Little","null","null","null","null","null","null","null","null","null","null","null",""
"3991","Ice Cream Bar - Hagen Daz","Jakubowski, Altenwerth and Little","null","null","null","null","null","null","null","null","null","null","null",""
"3992","null","null","Customer Total:","null","null","null","1,631.43","null","null","760.87","null","null","null",""
"3993","Ice Cream Bar - Hagen Daz","Jakubowski, Altenwerth and Little","null","null","null","null","null","null","null","null","null","null","null",""
"3994","Ice Cream Bar - Hagen Daz","Bogisich, Lang and Friesen","null","null","null","null","null","null","null","null","null","null","null",""
"3995","Wine - Riesling Alsace Ac 2001","Bogisich, Lang and Friesen","null","null","null","null","null","null","null","null","null","null","null",""
"3996","Wine - Riesling Alsace Ac 2001","Bogisich, Lang and Friesen","null","2019","1","1.0000","12.50","1","0","4.48","8.02","null","64.16000",""
"3997","Paste - Black Olive","Bogisich, Lang and Friesen","null","null","null","null","null","null","null","null","null","null","null",""
"3998","Paste - Black Olive","Bogisich, Lang and Friesen","null","null","null","null","null","null","null","null","null","null","null",""
"3999","Tomatoes","Bogisich, Lang and Friesen","null","null","null","null","null","null","null","null","null","null","null",""
"4000","Tomatoes","Bogisich, Lang and Friesen","null","2019","4","0.0000","0.00","0","1","0.00","0.00","null","0.00000",""
"4001","Chinese Foods - Plain Fried Rice","Bogisich, Lang and Friesen","null","null","null","null","null","null","null","null","null","null","null",""
"4002","Chinese Foods - Plain Fried Rice","Bogisich, Lang and Friesen","null","null","null","null","null","null","null","null","null","null","null",""
"4003","Mix Pina Colada","Bogisich, Lang and Friesen","null","null","null","null","null","null","null","null","null","null","null",""
"4004","Mix Pina Colada","Bogisich, Lang and Friesen","null","2019","4","0.0000","0.00","0","1","0.00","0.00","null","0.00000",""
"4005","Lidsoupcont Rp12dn","Bogisich, Lang and Friesen","null","null","null","null","null","null","null","null","null","null","null",""
"4006","Lidsoupcont Rp12dn","Bogisich, Lang and Friesen","null","null","null","null","null","null","null","null","null","null","null",""
"4007","Kohlrabi","Bogisich, Lang and Friesen","null","null","null","null","null","null","null","null","null","null","null",""
"4008","Kohlrabi","Bogisich, Lang and Friesen","null","2019","1","6.0000","60.00","6","0","24.78","35.22","null","58.70000",""
"4009","Puree - Guava","Bogisich, Lang and Friesen","null","null","null","null","null","null","null","null","null","null","null",""
"4010","Puree - Guava","Bogisich, Lang and Friesen","null","null","null","null","null","null","null","null","null","null","null",""
"4011","Puree - Guava","Bogisich, Lang and Friesen","null","2019","2","4.0000","54.88","5","1","16.52","26.48","null","61.58140",""
"4012","Puree - Guava","Bogisich, Lang and Friesen","null","null","null","null","null","null","null","null","null","null","null",""
"4013","Puree - Guava","Bogisich, Lang and Friesen","null","2019","3","5.0000","50.00","5","0","20.65","29.35","null","58.70000",""
"4014","Puree - Guava","Bogisich, Lang and Friesen","null","2019","4","6.0000","60.00","6","0","24.78","35.22","null","58.70000",""
"4015","Puree - Guava","Bogisich, Lang and Friesen","null","2019","5","7.0000","70.00","7","0","28.91","41.09","null","58.70000",""
"4016","Puree - Guava","Bogisich, Lang and Friesen","null","2019","6","5.0000","50.00","5","0","20.65","29.35","null","58.70000",""
"4017","Tomatoes - Grape","Bogisich, Lang and Friesen","null","null","null","null","null","null","null","null","null","null","null",""
"4018","Tomatoes - Grape","Bogisich, Lang and Friesen","null","2019","1","14.0000","150.50","12","0","68.88","81.62","null","54.23256",""
"4019","Zucchini - Mini, Green","Bogisich, Lang and Friesen","null","null","null","null","null","null","null","null","null","null","null",""
"4020","Zucchini - Mini, Green","Bogisich, Lang and Friesen","null","null","null","null","null","null","null","null","null","null","null",""
"4021","Zucchini - Mini, Green","Bogisich, Lang and Friesen","null","2019","2","14.0000","150.50","11","0","68.88","81.62","null","54.23256",""
"4022","Zucchini - Mini, Green","Bogisich, Lang and Friesen","null","null","null","null","null","null","null","null","null","null","null",""
"4023","Zucchini - Mini, Green","Bogisich, Lang and Friesen","null","2019","3","18.0000","195.75","15","0","88.56","107.19","null","54.75862",""
"4024","Zucchini - Mini, Green","Bogisich, Lang and Friesen","null","2019","4","17.0000","193.50","15","1","84.72","98.03","null","53.64159",""
"4025","Zucchini - Mini, Green","Bogisich, Lang and Friesen","null","2019","5","14.0000","150.50","12","0","68.88","81.62","null","54.23256",""
"4026","Zucchini - Mini, Green","Bogisich, Lang and Friesen","null","2019","6","12.0000","129.00","11","0","59.04","69.96","null","54.23256",""
"4027","Basil - Primerba, Paste","Bogisich, Lang and Friesen","null","null","null","null","null","null","null","null","null","null","null",""
"4028","Basil - Primerba, Paste","Bogisich, Lang and Friesen","null","2019","3","1.0000","12.93","1","0","6.71","6.22","null","48.10518",""
"4029","Salsify, Organic","Bogisich, Lang and Friesen","null","null","null","null","null","null","null","null","null","null","null",""
"4030","Salsify, Organic","Bogisich, Lang and Friesen","null","null","null","null","null","null","null","null","null","null","null",""
"4031","Cheese - Fontina","Bogisich, Lang and Friesen","null","null","null","null","null","null","null","null","null","null","null",""
"4032","Cheese - Fontina","Bogisich, Lang and Friesen","null","2019","1","4.0000","50.80","1","0","46.95","3.85","null","7.57874",""
"4033","Sausage - Andouille","Bogisich, Lang and Friesen","null","null","null","null","null","null","null","null","null","null","null",""
"4034","Sausage - Andouille","Bogisich, Lang and Friesen","null","null","null","null","null","null","null","null","null","null","null",""
"4035","Flour - Bran, Red","Bogisich, Lang and Friesen","null","null","null","null","null","null","null","null","null","null","null",""
"4036","Flour - Bran, Red","Bogisich, Lang and Friesen","null","2019","1","3.0000","37.20","1","0","38.58","-1.38","null","-3.70968",""
"4037","Artichokes - Jerusalem","Bogisich, Lang and Friesen","null","null","null","null","null","null","null","null","null","null","null",""
"4038","Artichokes - Jerusalem","Bogisich, Lang and Friesen","null","null","null","null","null","null","null","null","null","null","null",""
"4039","Cape Capensis - Fillet","Bogisich, Lang and Friesen","null","null","null","null","null","null","null","null","null","null","null",""
"4040","Cape Capensis - Fillet","Bogisich, Lang and Friesen","null","2019","1","1.0000","11.25","1","0","9.78","1.47","null","13.06667",""
"4041","Roe - White Fish","Bogisich, Lang and Friesen","null","null","null","null","null","null","null","null","null","null","null",""
"4042","Roe - White Fish","Bogisich, Lang and Friesen","null","null","null","null","null","null","null","null","null","null","null",""
"4043","Roe - White Fish","Bogisich, Lang and Friesen","null","2019","3","2.0000","22.50","1","0","19.22","3.28","null","14.57778",""
"4044","Roe - White Fish","Bogisich, Lang and Friesen","null","null","null","null","null","null","null","null","null","null","null",""
"4045","Roe - White Fish","Bogisich, Lang and Friesen","null","2019","6","1.0000","11.25","1","0","9.80","1.45","null","12.88889",""
"4046","Skirt - 29 Foot","Bogisich, Lang and Friesen","null","null","null","null","null","null","null","null","null","null","null",""
"4047","Skirt - 29 Foot","Bogisich, Lang and Friesen","null","2019","1","15.0000","153.75","14","0","67.35","86.40","null","56.19512",""
"4048","Blueberries - Frozen","Bogisich, Lang and Friesen","null","null","null","null","null","null","null","null","null","null","null",""
"4049","Blueberries - Frozen","Bogisich, Lang and Friesen","null","null","null","null","null","null","null","null","null","null","null",""
"4050","Blueberries - Frozen","Bogisich, Lang and Friesen","null","2019","2","13.0000","166.80","13","1","58.37","94.13","null","61.72459",""
"4051","Blueberries - Frozen","Bogisich, Lang and Friesen","null","null","null","null","null","null","null","null","null","null","null",""
"4052","Blueberries - Frozen","Bogisich, Lang and Friesen","null","2019","3","13.0000","147.05","11","0","58.37","88.68","null","60.30602",""
"4053","Blueberries - Frozen","Bogisich, Lang and Friesen","null","2019","4","15.0000","153.75","13","0","67.35","86.40","null","56.19512",""
"4054","Blueberries - Frozen","Bogisich, Lang and Friesen","null","2019","5","14.0000","143.50","13","2","62.86","80.64","null","56.19512",""
"4055","Blueberries - Frozen","Bogisich, Lang and Friesen","null","2019","6","11.0000","112.75","10","0","49.39","63.36","null","56.19512",""
"4056","Coffee - Espresso","Bogisich, Lang and Friesen","null","null","null","null","null","null","null","null","null","null","null",""
"4057","Coffee - Espresso","Bogisich, Lang and Friesen","null","2019","1","9.0000","135.30","9","0","49.68","85.62","null","63.28160",""
"4058","Trout - Hot Smkd, Dbl Fillet","Bogisich, Lang and Friesen","null","null","null","null","null","null","null","null","null","null","null",""
"4059","Trout - Hot Smkd, Dbl Fillet","Bogisich, Lang and Friesen","null","null","null","null","null","null","null","null","null","null","null",""
"4060","Trout - Hot Smkd, Dbl Fillet","Bogisich, Lang and Friesen","null","2019","2","8.0000","136.33","9","1","44.16","75.94","null","63.23064",""
"4061","Trout - Hot Smkd, Dbl Fillet","Bogisich, Lang and Friesen","null","null","null","null","null","null","null","null","null","null","null",""
"4062","Trout - Hot Smkd, Dbl Fillet","Bogisich, Lang and Friesen","null","2019","3","9.0000","136.85","9","0","49.68","87.17","null","63.69748",""
"4063","Trout - Hot Smkd, Dbl Fillet","Bogisich, Lang and Friesen","null","2019","4","10.0000","150.50","10","0","55.20","95.30","null","63.32226",""
"4064","Trout - Hot Smkd, Dbl Fillet","Bogisich, Lang and Friesen","null","2019","5","8.0000","120.40","8","0","44.16","76.24","null","63.32226",""
"4065","Trout - Hot Smkd, Dbl Fillet","Bogisich, Lang and Friesen","null","2019","6","9.0000","135.45","8","0","49.67","85.78","null","63.32964",""
"4066","Wine - Dubouef Macon - Villages","Bogisich, Lang and Friesen","null","null","null","null","null","null","null","null","null","null","null",""
"4067","Wine - Dubouef Macon - Villages","Bogisich, Lang and Friesen","null","2019","1","9.0000","93.00","9","0","49.68","43.32","null","46.58065",""
"4068","White Baguette","Bogisich, Lang and Friesen","null","null","null","null","null","null","null","null","null","null","null",""
"4069","White Baguette","Bogisich, Lang and Friesen","null","null","null","null","null","null","null","null","null","null","null",""
"4070","White Baguette","Bogisich, Lang and Friesen","null","2019","2","6.0000","68.25","6","0","33.12","35.13","null","51.47253",""
"4071","White Baguette","Bogisich, Lang and Friesen","null","null","null","null","null","null","null","null","null","null","null",""
"4072","White Baguette","Bogisich, Lang and Friesen","null","2019","3","7.0000","77.50","7","0","38.64","38.86","null","50.14194",""
"4073","White Baguette","Bogisich, Lang and Friesen","null","2019","4","7.0000","96.25","7","0","38.64","57.61","null","59.85455",""
"4074","White Baguette","Bogisich, Lang and Friesen","null","2019","5","8.0000","110.00","8","0","44.16","65.84","null","59.85455",""
"4075","White Baguette","Bogisich, Lang and Friesen","null","2019","6","4.0000","55.00","4","0","22.08","32.92","null","59.85455",""
"4076","Wine - Prem Select Charddonany","Bogisich, Lang and Friesen","null","null","null","null","null","null","null","null","null","null","null",""
"4077","Wine - Prem Select Charddonany","Bogisich, Lang and Friesen","null","2019","1","11.0000","182.00","11","0","102.96","79.04","null","43.42857",""
"4078","Juice - Apple, 1.36l","Bogisich, Lang and Friesen","null","null","null","null","null","null","null","null","null","null","null",""
"4079","Juice - Apple, 1.36l","Bogisich, Lang and Friesen","null","null","null","null","null","null","null","null","null","null","null",""
"4080","Juice - Apple, 1.36l","Bogisich, Lang and Friesen","null","2019","2","9.0000","171.20","9","1","84.25","70.75","null","45.64516",""
"4081","Juice - Apple, 1.36l","Bogisich, Lang and Friesen","null","null","null","null","null","null","null","null","null","null","null",""
"4082","Juice - Apple, 1.36l","Bogisich, Lang and Friesen","null","2019","3","8.0000","136.20","8","0","74.88","61.32","null","45.02203",""
"4083","Juice - Apple, 1.36l","Bogisich, Lang and Friesen","null","2019","4","8.0000","164.00","8","0","74.88","89.12","null","54.34146",""
"4084","Juice - Apple, 1.36l","Bogisich, Lang and Friesen","null","2019","5","9.0000","184.50","9","0","84.24","100.26","null","54.34146",""
"4085","Juice - Apple, 1.36l","Bogisich, Lang and Friesen","null","2019","6","9.0000","184.50","8","0","84.25","100.25","null","54.33604",""
"4086","Squash - Sunburst","Bogisich, Lang and Friesen","null","null","null","null","null","null","null","null","null","null","null",""
"4087","Squash - Sunburst","Bogisich, Lang and Friesen","null","2019","1","1.0000","23.80","1","0","10.34","13.46","null","56.55462",""
"4088","Chocolate - Milk","Bogisich, Lang and Friesen","null","null","null","null","null","null","null","null","null","null","null",""
"4089","Chocolate - Milk","Bogisich, Lang and Friesen","null","null","null","null","null","null","null","null","null","null","null",""
"4090","Chocolate - Milk","Bogisich, Lang and Friesen","null","2019","2","1.0000","23.80","1","0","10.34","13.46","null","56.55462",""
"4091","Chocolate - Milk","Bogisich, Lang and Friesen","null","null","null","null","null","null","null","null","null","null","null",""
"4092","Chocolate - Milk","Bogisich, Lang and Friesen","null","2019","3","1.0000","23.80","1","0","10.34","13.46","null","56.55462",""
"4093","Chocolate - Milk","Bogisich, Lang and Friesen","null","2019","4","0.0000","23.80","1","1","2.92","-2.92","null","0.00000",""
"4094","Chocolate - Milk","Bogisich, Lang and Friesen","null","2019","5","1.0000","23.80","1","0","10.34","13.46","null","56.55462",""
"4095","Butter Balls Salted","Bogisich, Lang and Friesen","null","null","null","null","null","null","null","null","null","null","null",""
"4096","Butter Balls Salted","Bogisich, Lang and Friesen","null","2019","1","2.0000","43.00","2","0","19.84","23.16","null","53.86047",""
"4097","Cup - 4oz Translucent","Bogisich, Lang and Friesen","null","null","null","null","null","null","null","null","null","null","null",""
"4098","Cup - 4oz Translucent","Bogisich, Lang and Friesen","null","null","null","null","null","null","null","null","null","null","null",""
"4099","Cup - 4oz Translucent","Bogisich, Lang and Friesen","null","2019","3","1.0000","21.50","1","0","9.92","11.58","null","53.86047",""
"4100","Cup - 4oz Translucent","Bogisich, Lang and Friesen","null","null","null","null","null","null","null","null","null","null","null",""
"4101","Cup - 4oz Translucent","Bogisich, Lang and Friesen","null","2019","4","0.0000","21.50","1","1","0.83","-0.83","null","0.00000",""
"4102","Caviar - Salmon","Bogisich, Lang and Friesen","null","null","null","null","null","null","null","null","null","null","null",""
"4103","Caviar - Salmon","Bogisich, Lang and Friesen","null","2019","1","1.0000","23.00","1","0","11.15","11.85","null","51.52174",""
"4104","Asparagus - Mexican","Bogisich, Lang and Friesen","null","null","null","null","null","null","null","null","null","null","null",""
"4105","Asparagus - Mexican","Bogisich, Lang and Friesen","null","null","null","null","null","null","null","null","null","null","null",""
"4106","Asparagus - Mexican","Bogisich, Lang and Friesen","null","2019","2","2.0000","78.65","3","1","22.30","29.40","null","56.86654",""
"4107","Asparagus - Mexican","Bogisich, Lang and Friesen","null","null","null","null","null","null","null","null","null","null","null",""
"4108","Asparagus - Mexican","Bogisich, Lang and Friesen","null","2019","4","1.0000","23.00","1","0","11.15","11.85","null","51.52174",""
"4109","Wine - Semi Dry Riesling Vineland","Bogisich, Lang and Friesen","null","null","null","null","null","null","null","null","null","null","null",""
"4110","Wine - Semi Dry Riesling Vineland","Bogisich, Lang and Friesen","null","2019","1","11.0000","156.75","10","0","77.12","79.63","null","50.80064",""
"4111","Wine - Sawmill Creek Autumn","Bogisich, Lang and Friesen","null","null","null","null","null","null","null","null","null","null","null",""
"4112","Wine - Sawmill Creek Autumn","Bogisich, Lang and Friesen","null","null","null","null","null","null","null","null","null","null","null",""
"4113","Wine - Sawmill Creek Autumn","Bogisich, Lang and Friesen","null","2019","2","8.0000","117.50","8","0","56.08","61.42","null","52.27234",""
"4114","Wine - Sawmill Creek Autumn","Bogisich, Lang and Friesen","null","null","null","null","null","null","null","null","null","null","null",""
"4115","Wine - Sawmill Creek Autumn","Bogisich, Lang and Friesen","null","2019","3","10.0000","144.25","10","0","70.10","74.15","null","51.40381",""
"4116","Wine - Sawmill Creek Autumn","Bogisich, Lang and Friesen","null","2019","4","8.0000","114.00","8","0","56.08","57.92","null","50.80702",""
"4117","Wine - Sawmill Creek Autumn","Bogisich, Lang and Friesen","null","2019","5","10.0000","144.75","10","0","70.10","74.65","null","51.57168",""
"4118","Wine - Sawmill Creek Autumn","Bogisich, Lang and Friesen","null","2019","6","8.0000","114.00","7","0","56.09","57.91","null","50.79825",""
"4119","Icecream Cone - Areo Chocolate","Bogisich, Lang and Friesen","null","null","null","null","null","null","null","null","null","null","null",""
"4120","Icecream Cone - Areo Chocolate","Bogisich, Lang and Friesen","null","2019","1","13.0000","237.25","12","0","88.26","148.99","null","62.79874",""
"4121","Cheese - Camembert","Bogisich, Lang and Friesen","null","null","null","null","null","null","null","null","null","null","null",""
"4122","Cheese - Camembert","Bogisich, Lang and Friesen","null","null","null","null","null","null","null","null","null","null","null",""
"4123","Cheese - Camembert","Bogisich, Lang and Friesen","null","2019","2","12.0000","285.23","13","1","80.89","177.11","null","68.64729",""
"4124","Cheese - Camembert","Bogisich, Lang and Friesen","null","null","null","null","null","null","null","null","null","null","null",""
"4125","Cheese - Camembert","Bogisich, Lang and Friesen","null","2019","3","12.0000","229.75","12","0","80.88","148.87","null","64.79652",""
"4126","Cheese - Camembert","Bogisich, Lang and Friesen","null","2019","4","13.0000","243.75","12","0","87.62","156.13","null","64.05333",""
"4127","Cheese - Camembert","Bogisich, Lang and Friesen","null","2019","5","10.0000","182.50","10","0","67.40","115.10","null","63.06849",""
"4128","Cheese - Camembert","Bogisich, Lang and Friesen","null","2019","6","8.0000","146.00","8","0","53.92","92.08","null","63.06849",""
"4129","Bread Country Roll","Bogisich, Lang and Friesen","null","null","null","null","null","null","null","null","null","null","null",""
"4130","Bread Country Roll","Bogisich, Lang and Friesen","null","2019","4","1.0000","17.25","1","0","12.46","4.79","null","27.76812",""
"4131","Juice - Apple Cider","Bogisich, Lang and Friesen","null","null","null","null","null","null","null","null","null","null","null",""
"4132","Juice - Apple Cider","Bogisich, Lang and Friesen","null","null","null","null","null","null","null","null","null","null","null",""
"4133","Juice - Apple Cider","Bogisich, Lang and Friesen","null","2019","6","1.0000","17.25","1","0","12.46","4.79","null","27.76812",""
"4134","Juice - Apple Cider","Bogisich, Lang and Friesen","null","null","null","null","null","null","null","null","null","null","null",""
"4135","Cookie Dough - Oatmeal Rasin","Bogisich, Lang and Friesen","null","null","null","null","null","null","null","null","null","null","null",""
"4136","Cookie Dough - Oatmeal Rasin","Bogisich, Lang and Friesen","null","2019","3","1.0000","13.20","1","0","2.45","10.75","null","81.43939",""
"4137","Mayonnaise - Individual Pkg","Bogisich, Lang and Friesen","null","null","null","null","null","null","null","null","null","null","null",""
"4138","Mayonnaise - Individual Pkg","Bogisich, Lang and Friesen","null","null","null","null","null","null","null","null","null","null","null",""
"4139","Sugar - Sweet N Low, Individual","Bogisich, Lang and Friesen","null","null","null","null","null","null","null","null","null","null","null",""
"4140","Sugar - Sweet N Low, Individual","Bogisich, Lang and Friesen","null","2019","1","2.0000","51.70","2","0","19.76","31.94","null","61.77950",""
"4141","Onions - Vidalia","Bogisich, Lang and Friesen","null","null","null","null","null","null","null","null","null","null","null",""
"4142","Onions - Vidalia","Bogisich, Lang and Friesen","null","null","null","null","null","null","null","null","null","null","null",""
"4143","Onions - Vidalia","Bogisich, Lang and Friesen","null","2019","4","1.0000","34.10","1","0","9.88","24.22","null","71.02639",""
"4144","Onions - Vidalia","Bogisich, Lang and Friesen","null","null","null","null","null","null","null","null","null","null","null",""
"4145","Arctic Char - Fresh, Whole","Bogisich, Lang and Friesen","null","null","null","null","null","null","null","null","null","null","null",""
"4146","Arctic Char - Fresh, Whole","Bogisich, Lang and Friesen","null","2019","5","1.0000","15.25","1","0","5.54","9.71","null","63.67213",""
"4147","Pants Custom Dry Clean","Bogisich, Lang and Friesen","null","null","null","null","null","null","null","null","null","null","null",""
"4148","Pants Custom Dry Clean","Bogisich, Lang and Friesen","null","null","null","null","null","null","null","null","null","null","null",""
"4149","Sage Derby","Bogisich, Lang and Friesen","null","null","null","null","null","null","null","null","null","null","null",""
"4150","Sage Derby","Bogisich, Lang and Friesen","null","2019","4","1.0000","28.90","1","0","18.73","10.17","null","35.19031",""
"4151","Cheese - Camembert","Bogisich, Lang and Friesen","null","null","null","null","null","null","null","null","null","null","null",""
"4152","Cheese - Camembert","Bogisich, Lang and Friesen","null","null","null","null","null","null","null","null","null","null","null",""
"4153","Soup - French Can Pea","Bogisich, Lang and Friesen","null","null","null","null","null","null","null","null","null","null","null",""
"4154","Soup - French Can Pea","Bogisich, Lang and Friesen","null","2019","2","1.0000","17.60","1","0","13.98","3.62","null","20.56818",""
"4155","Ice Cream Bar - Hagen Daz","Bogisich, Lang and Friesen","null","null","null","null","null","null","null","null","null","null","null",""
"4156","Ice Cream Bar - Hagen Daz","Bogisich, Lang and Friesen","null","null","null","null","null","null","null","null","null","null","null",""
"4157","Ice Cream Bar - Hagen Daz","Bogisich, Lang and Friesen","null","2019","5","1.0000","17.60","1","0","13.98","3.62","null","20.56818",""
"4158","Ice Cream Bar - Hagen Daz","Bogisich, Lang and Friesen","null","null","null","null","null","null","null","null","null","null","null",""
"4159","Ice Cream Bar - Hagen Daz","Bogisich, Lang and Friesen","null","null","null","null","null","null","null","null","null","null","null",""
"4160","null","null","Customer Total:","null","null","null","7,346.12","null","null","3,172.04","null","null","null",""
"4161","Ice Cream Bar - Hagen Daz","Bogisich, Lang and Friesen","null","null","null","null","null","null","null","null","null","null","null",""
"4162","Ice Cream Bar - Hagen Daz","Hirthe Group","null","null","null","null","null","null","null","null","null","null","null",""
"4163","Cheese - Gouda","Hirthe Group","null","null","null","null","null","null","null","null","null","null","null",""
"4164","Cheese - Gouda","Hirthe Group","null","2019","4","9.0000","360.00","1","0","134.26","225.74","null","62.70556",""
"4165","Wine - White, Riesling, Henry Of","Hirthe Group","null","null","null","null","null","null","null","null","null","null","null",""
"4166","Wine - White, Riesling, Henry Of","Hirthe Group","null","null","null","null","null","null","null","null","null","null","null",""
"4167","Wine - White, Riesling, Henry Of","Hirthe Group","null","2019","6","16.0000","352.00","1","0","238.67","113.33","null","32.19602",""
"4168","Wine - White, Riesling, Henry Of","Hirthe Group","null","null","null","null","null","null","null","null","null","null","null",""
"4169","Wine - White, Riesling, Henry Of","Hirthe Group","null","null","null","null","null","null","null","null","null","null","null",""
"4170","null","null","Customer Total:","null","null","null","712.00","null","null","372.93","null","null","null",""
"4171","Wine - White, Riesling, Henry Of","Hirthe Group","null","null","null","null","null","null","null","null","null","null","null",""
"4172","Wine - White, Riesling, Henry Of","Schneider, Rice and Wehner","null","null","null","null","null","null","null","null","null","null","null",""
"4173","Bread Bowl Plain","Schneider, Rice and Wehner","null","null","null","null","null","null","null","null","null","null","null",""
"4174","Bread Bowl Plain","Schneider, Rice and Wehner","null","2019","2","1.0000","14.58","1","0","5.32","9.26","null","63.51166",""
"4175","Cinnamon - Ground","Schneider, Rice and Wehner","null","null","null","null","null","null","null","null","null","null","null",""
"4176","Cinnamon - Ground","Schneider, Rice and Wehner","null","null","null","null","null","null","null","null","null","null","null",""
"4177","Cookie Dough - Oatmeal Rasin","Schneider, Rice and Wehner","null","null","null","null","null","null","null","null","null","null","null",""
"4178","Cookie Dough - Oatmeal Rasin","Schneider, Rice and Wehner","null","2019","2","1.0000","13.20","1","0","2.45","10.75","null","81.43939",""
"4179","Mayonnaise - Individual Pkg","Schneider, Rice and Wehner","null","null","null","null","null","null","null","null","null","null","null",""
"4180","Mayonnaise - Individual Pkg","Schneider, Rice and Wehner","null","null","null","null","null","null","null","null","null","null","null",""
"4181","Cherries - Fresh","Schneider, Rice and Wehner","null","null","null","null","null","null","null","null","null","null","null",""
"4182","Cherries - Fresh","Schneider, Rice and Wehner","null","2019","2","1.0000","15.13","1","0","3.12","12.01","null","79.37872",""
"4183","Sea Bass - Fillets","Schneider, Rice and Wehner","null","null","null","null","null","null","null","null","null","null","null",""
"4184","Sea Bass - Fillets","Schneider, Rice and Wehner","null","null","null","null","null","null","null","null","null","null","null",""
"4185","Ginger - Crystalized","Schneider, Rice and Wehner","null","null","null","null","null","null","null","null","null","null","null",""
"4186","Ginger - Crystalized","Schneider, Rice and Wehner","null","2019","2","1.0000","37.00","1","0","18.29","18.71","null","50.56757",""
"4187","Raisin - Dark","Schneider, Rice and Wehner","null","null","null","null","null","null","null","null","null","null","null",""
"4188","Raisin - Dark","Schneider, Rice and Wehner","null","null","null","null","null","null","null","null","null","null","null",""
"4189","Sugar - Sweet N Low, Individual","Schneider, Rice and Wehner","null","null","null","null","null","null","null","null","null","null","null",""
"4190","Sugar - Sweet N Low, Individual","Schneider, Rice and Wehner","null","2019","2","4.0000","136.40","1","0","39.51","96.89","null","71.03372",""
"4191","Onions - Vidalia","Schneider, Rice and Wehner","null","null","null","null","null","null","null","null","null","null","null",""
"4192","Onions - Vidalia","Schneider, Rice and Wehner","null","null","null","null","null","null","null","null","null","null","null",""
"4193","Sage Derby","Schneider, Rice and Wehner","null","null","null","null","null","null","null","null","null","null","null",""
"4194","Sage Derby","Schneider, Rice and Wehner","null","2019","2","1.0000","40.15","1","0","18.73","21.42","null","53.34994",""
"4195","Cheese - Camembert","Schneider, Rice and Wehner","null","null","null","null","null","null","null","null","null","null","null",""
"4196","Cheese - Camembert","Schneider, Rice and Wehner","null","null","null","null","null","null","null","null","null","null","null",""
"4197","Cheese - Oka","Schneider, Rice and Wehner","null","null","null","null","null","null","null","null","null","null","null",""
"4198","Cheese - Oka","Schneider, Rice and Wehner","null","2019","2","1.0000","95.00","1","0","42.10","52.90","null","55.68421",""
"4199","Truffle Shells - White Chocolate","Schneider, Rice and Wehner","null","null","null","null","null","null","null","null","null","null","null",""
"4200","Truffle Shells - White Chocolate","Schneider, Rice and Wehner","null","null","null","null","null","null","null","null","null","null","null",""
"4201","Chocolate - Feathers","Schneider, Rice and Wehner","null","null","null","null","null","null","null","null","null","null","null",""
"4202","Chocolate - Feathers","Schneider, Rice and Wehner","null","2019","2","1.0000","70.00","1","0","29.09","40.91","null","58.44286",""
"4203","Dried Matsutake 12x14g","Schneider, Rice and Wehner","null","null","null","null","null","null","null","null","null","null","null",""
"4204","Dried Matsutake 12x14g","Schneider, Rice and Wehner","null","null","null","null","null","null","null","null","null","null","null",""
"4205","Soup - French Can Pea","Schneider, Rice and Wehner","null","null","null","null","null","null","null","null","null","null","null",""
"4206","Soup - French Can Pea","Schneider, Rice and Wehner","null","2019","2","1.0000","23.93","1","0","13.98","9.95","null","41.57961",""
"4207","Ice Cream Bar - Hagen Daz","Schneider, Rice and Wehner","null","null","null","null","null","null","null","null","null","null","null",""
"4208","Ice Cream Bar - Hagen Daz","Schneider, Rice and Wehner","null","null","null","null","null","null","null","null","null","null","null",""
"4209","Ice Cream Bar - Hagen Daz","Schneider, Rice and Wehner","null","null","null","null","null","null","null","null","null","null","null",""
"4210","null","null","Customer Total:","null","null","null","445.39","null","null","172.59","null","null","null",""
"4211","Ice Cream Bar - Hagen Daz","Schneider, Rice and Wehner","null","null","null","null","null","null","null","null","null","null","null",""
"4212","Ice Cream Bar - Hagen Daz","Daugherty, Jenkins and Moore","null","null","null","null","null","null","null","null","null","null","null",""
"4213","Muffin Orange Individual","Daugherty, Jenkins and Moore","null","null","null","null","null","null","null","null","null","null","null",""
"4214","Muffin Orange Individual","Daugherty, Jenkins and Moore","null","2019","2","2.0000","24.76","1","0","10.20","14.56","null","58.80452",""
"4215","Beef - Tenderloin - Aa","Daugherty, Jenkins and Moore","null","null","null","null","null","null","null","null","null","null","null",""
"4216","Beef - Tenderloin - Aa","Daugherty, Jenkins and Moore","null","null","null","null","null","null","null","null","null","null","null",""
"4217","Tamarind Paste","Daugherty, Jenkins and Moore","null","null","null","null","null","null","null","null","null","null","null",""
"4218","Tamarind Paste","Daugherty, Jenkins and Moore","null","2019","2","2.0000","28.00","1","0","10.86","17.14","null","61.21429",""
"4219","Fresh Baby Bellas 6x227g","Daugherty, Jenkins and Moore","null","null","null","null","null","null","null","null","null","null","null",""
"4220","Fresh Baby Bellas 6x227g","Daugherty, Jenkins and Moore","null","null","null","null","null","null","null","null","null","null","null",""
"4221","Wine - Alsace Gewurztraminer","Daugherty, Jenkins and Moore","null","null","null","null","null","null","null","null","null","null","null",""
"4222","Wine - Alsace Gewurztraminer","Daugherty, Jenkins and Moore","null","2019","4","1.0000","17.33","1","0","9.14","8.19","null","47.25909",""
"4223","Wine - Kwv Chenin Blanc South","Daugherty, Jenkins and Moore","null","null","null","null","null","null","null","null","null","null","null",""
"4224","Wine - Kwv Chenin Blanc South","Daugherty, Jenkins and Moore","null","null","null","null","null","null","null","null","null","null","null",""
"4225","Beef - Ground Lean Fresh","Daugherty, Jenkins and Moore","null","null","null","null","null","null","null","null","null","null","null",""
"4226","Beef - Ground Lean Fresh","Daugherty, Jenkins and Moore","null","2019","1","28.0000","558.00","8","0","398.31","159.69","null","28.61828",""
"4227","Muffin Puck Ww Carrot","Daugherty, Jenkins and Moore","null","null","null","null","null","null","null","null","null","null","null",""
"4228","Muffin Puck Ww Carrot","Daugherty, Jenkins and Moore","null","null","null","null","null","null","null","null","null","null","null",""
"4229","Muffin Puck Ww Carrot","Daugherty, Jenkins and Moore","null","2019","2","21.0000","427.35","8","0","299.15","128.20","null","29.99883",""
"4230","Muffin Puck Ww Carrot","Daugherty, Jenkins and Moore","null","null","null","null","null","null","null","null","null","null","null",""
"4231","Muffin Puck Ww Carrot","Daugherty, Jenkins and Moore","null","2019","3","28.0000","569.80","9","0","396.51","173.29","null","30.41243",""
"4232","Muffin Puck Ww Carrot","Daugherty, Jenkins and Moore","null","2019","4","26.0000","529.10","8","0","357.63","171.47","null","32.40786",""
"4233","Muffin Puck Ww Carrot","Daugherty, Jenkins and Moore","null","2019","5","21.0000","427.35","7","0","291.86","135.49","null","31.70469",""
"4234","Muffin Puck Ww Carrot","Daugherty, Jenkins and Moore","null","2019","6","16.0000","325.60","7","0","226.15","99.45","null","30.54361",""
"4235","Octopus","Daugherty, Jenkins and Moore","null","null","null","null","null","null","null","null","null","null","null",""
"4236","Octopus","Daugherty, Jenkins and Moore","null","2019","1","16.0000","264.00","8","2","95.62","96.38","null","50.19792",""
"4237","V8 - Vegetable Cocktail","Daugherty, Jenkins and Moore","null","null","null","null","null","null","null","null","null","null","null",""
"4238","V8 - Vegetable Cocktail","Daugherty, Jenkins and Moore","null","null","null","null","null","null","null","null","null","null","null",""
"4239","V8 - Vegetable Cocktail","Daugherty, Jenkins and Moore","null","2019","2","14.0000","173.32","7","0","83.67","89.65","null","51.72513",""
"4240","V8 - Vegetable Cocktail","Daugherty, Jenkins and Moore","null","null","null","null","null","null","null","null","null","null","null",""
"4241","V8 - Vegetable Cocktail","Daugherty, Jenkins and Moore","null","2019","3","20.0000","247.60","7","0","119.53","128.07","null","51.72456",""
"4242","V8 - Vegetable Cocktail","Daugherty, Jenkins and Moore","null","2019","4","14.0000","173.32","8","0","83.67","89.65","null","51.72513",""
"4243","V8 - Vegetable Cocktail","Daugherty, Jenkins and Moore","null","2019","5","15.0000","185.70","7","0","89.64","96.06","null","51.72859",""
"4244","V8 - Vegetable Cocktail","Daugherty, Jenkins and Moore","null","2019","6","8.0000","99.04","5","0","47.81","51.23","null","51.72658",""
"4245","Cape Capensis - Fillet","Daugherty, Jenkins and Moore","null","null","null","null","null","null","null","null","null","null","null",""
"4246","Cape Capensis - Fillet","Daugherty, Jenkins and Moore","null","2019","1","33.0000","437.00","9","1","323.14","77.86","null","19.41646",""
"4247","Roe - White Fish","Daugherty, Jenkins and Moore","null","null","null","null","null","null","null","null","null","null","null",""
"4248","Roe - White Fish","Daugherty, Jenkins and Moore","null","null","null","null","null","null","null","null","null","null","null",""
"4249","Roe - White Fish","Daugherty, Jenkins and Moore","null","2019","2","33.0000","408.54","8","0","323.00","85.54","null","20.93797",""
"4250","Roe - White Fish","Daugherty, Jenkins and Moore","null","null","null","null","null","null","null","null","null","null","null",""
"4251","Roe - White Fish","Daugherty, Jenkins and Moore","null","2019","3","40.0000","495.20","9","0","389.73","105.47","null","21.29847",""
"4252","Roe - White Fish","Daugherty, Jenkins and Moore","null","2019","4","26.0000","333.66","9","0","251.59","82.07","null","24.59690",""
"4253","Roe - White Fish","Daugherty, Jenkins and Moore","null","2019","5","30.0000","390.00","8","0","292.46","97.54","null","25.01026",""
"4254","Roe - White Fish","Daugherty, Jenkins and Moore","null","2019","6","29.0000","377.00","8","0","284.15","92.85","null","24.62865",""
"4255","Coffee - Espresso","Daugherty, Jenkins and Moore","null","null","null","null","null","null","null","null","null","null","null",""
"4256","Coffee - Espresso","Daugherty, Jenkins and Moore","null","2019","1","14.0000","231.00","5","0","77.22","153.78","null","66.57143",""
"4257","Trout - Hot Smkd, Dbl Fillet","Daugherty, Jenkins and Moore","null","null","null","null","null","null","null","null","null","null","null",""
"4258","Trout - Hot Smkd, Dbl Fillet","Daugherty, Jenkins and Moore","null","null","null","null","null","null","null","null","null","null","null",""
"4259","Trout - Hot Smkd, Dbl Fillet","Daugherty, Jenkins and Moore","null","2019","2","16.0000","259.68","6","0","88.24","171.44","null","66.01972",""
"4260","Trout - Hot Smkd, Dbl Fillet","Daugherty, Jenkins and Moore","null","null","null","null","null","null","null","null","null","null","null",""
"4261","Trout - Hot Smkd, Dbl Fillet","Daugherty, Jenkins and Moore","null","2019","3","18.0000","292.14","8","0","99.31","192.83","null","66.00602",""
"4262","Trout - Hot Smkd, Dbl Fillet","Daugherty, Jenkins and Moore","null","2019","4","17.0000","279.15","9","0","93.78","185.37","null","66.40516",""
"4263","Trout - Hot Smkd, Dbl Fillet","Daugherty, Jenkins and Moore","null","2019","5","18.0000","297.00","8","0","99.28","197.72","null","66.57239",""
"4264","Trout - Hot Smkd, Dbl Fillet","Daugherty, Jenkins and Moore","null","2019","6","13.0000","214.50","7","0","71.71","142.79","null","66.56876",""
"4265","Steam Pan - Half Size Deep","Daugherty, Jenkins and Moore","null","null","null","null","null","null","null","null","null","null","null",""
"4266","Steam Pan - Half Size Deep","Daugherty, Jenkins and Moore","null","2019","1","1.0000","16.25","1","0","7.06","9.19","null","56.55385",""
"4267","ORGANIC Portabellini 6x227g","Daugherty, Jenkins and Moore","null","null","null","null","null","null","null","null","null","null","null",""
"4268","ORGANIC Portabellini 6x227g","Daugherty, Jenkins and Moore","null","null","null","null","null","null","null","null","null","null","null",""
"4269","Beef - Baby, Liver","Daugherty, Jenkins and Moore","null","null","null","null","null","null","null","null","null","null","null",""
"4270","Beef - Baby, Liver","Daugherty, Jenkins and Moore","null","2019","1","7.0000","180.00","7","2","63.97","76.03","null","54.30714",""
"4271","Muffin - Mix - Creme Brule 15l","Daugherty, Jenkins and Moore","null","null","null","null","null","null","null","null","null","null","null",""
"4272","Muffin - Mix - Creme Brule 15l","Daugherty, Jenkins and Moore","null","null","null","null","null","null","null","null","null","null","null",""
"4273","Muffin - Mix - Creme Brule 15l","Daugherty, Jenkins and Moore","null","2019","2","9.0000","180.00","5","0","82.22","97.78","null","54.32222",""
"4274","Muffin - Mix - Creme Brule 15l","Daugherty, Jenkins and Moore","null","null","null","null","null","null","null","null","null","null","null",""
"4275","Muffin - Mix - Creme Brule 15l","Daugherty, Jenkins and Moore","null","2019","3","10.0000","200.00","5","0","91.37","108.63","null","54.31500",""
"4276","Muffin - Mix - Creme Brule 15l","Daugherty, Jenkins and Moore","null","2019","4","13.0000","260.00","6","0","118.76","141.24","null","54.32308",""
"4277","Muffin - Mix - Creme Brule 15l","Daugherty, Jenkins and Moore","null","2019","5","12.0000","240.00","9","0","109.66","130.34","null","54.30833",""
"4278","Muffin - Mix - Creme Brule 15l","Daugherty, Jenkins and Moore","null","2019","6","13.0000","260.00","7","0","118.76","141.24","null","54.32308",""
"4279","Wine - Prem Select Charddonany","Daugherty, Jenkins and Moore","null","null","null","null","null","null","null","null","null","null","null",""
"4280","Wine - Prem Select Charddonany","Daugherty, Jenkins and Moore","null","2019","1","21.0000","440.00","9","1","196.64","223.36","null","53.18095",""
"4281","Juice - Apple, 1.36l","Daugherty, Jenkins and Moore","null","null","null","null","null","null","null","null","null","null","null",""
"4282","Juice - Apple, 1.36l","Daugherty, Jenkins and Moore","null","null","null","null","null","null","null","null","null","null","null",""
"4283","Juice - Apple, 1.36l","Daugherty, Jenkins and Moore","null","2019","2","19.0000","386.65","8","0","177.91","208.74","null","53.98681",""
"4284","Juice - Apple, 1.36l","Daugherty, Jenkins and Moore","null","null","null","null","null","null","null","null","null","null","null",""
"4285","Juice - Apple, 1.36l","Daugherty, Jenkins and Moore","null","2019","3","17.0000","346.55","9","0","159.19","187.36","null","54.06435",""
"4286","Juice - Apple, 1.36l","Daugherty, Jenkins and Moore","null","2019","4","17.0000","348.50","8","0","159.19","189.31","null","54.32138",""
"4287","Juice - Apple, 1.36l","Daugherty, Jenkins and Moore","null","2019","5","16.0000","328.00","9","0","149.81","178.19","null","54.32622",""
"4288","Juice - Apple, 1.36l","Daugherty, Jenkins and Moore","null","2019","6","15.0000","307.50","8","0","140.46","167.04","null","54.32195",""
"4289","Wine - Semi Dry Riesling Vineland","Daugherty, Jenkins and Moore","null","null","null","null","null","null","null","null","null","null","null",""
"4290","Wine - Semi Dry Riesling Vineland","Daugherty, Jenkins and Moore","null","2019","1","19.0000","330.00","9","1","133.24","180.26","null","57.49920",""
"4291","Wine - Sawmill Creek Autumn","Daugherty, Jenkins and Moore","null","null","null","null","null","null","null","null","null","null","null",""
"4292","Wine - Sawmill Creek Autumn","Daugherty, Jenkins and Moore","null","null","null","null","null","null","null","null","null","null","null",""
"4293","Wine - Sawmill Creek Autumn","Daugherty, Jenkins and Moore","null","2019","2","20.0000","363.00","7","1","140.26","189.74","null","57.49697",""
"4294","Wine - Sawmill Creek Autumn","Daugherty, Jenkins and Moore","null","null","null","null","null","null","null","null","null","null","null",""
"4295","Wine - Sawmill Creek Autumn","Daugherty, Jenkins and Moore","null","2019","3","17.0000","280.50","7","0","119.24","161.26","null","57.49020",""
"4296","Wine - Sawmill Creek Autumn","Daugherty, Jenkins and Moore","null","2019","4","17.0000","280.50","9","0","119.23","161.27","null","57.49376",""
"4297","Wine - Sawmill Creek Autumn","Daugherty, Jenkins and Moore","null","2019","5","13.0000","214.50","8","0","91.17","123.33","null","57.49650",""
"4298","Wine - Sawmill Creek Autumn","Daugherty, Jenkins and Moore","null","2019","6","13.0000","214.50","8","0","91.17","123.33","null","57.49650",""
"4299","Raspberries - Frozen","Daugherty, Jenkins and Moore","null","null","null","null","null","null","null","null","null","null","null",""
"4300","Raspberries - Frozen","Daugherty, Jenkins and Moore","null","2019","5","3.0000","63.75","1","0","22.80","40.95","null","64.23529",""
"4301","Lemonade - Natural, 591 Ml","Daugherty, Jenkins and Moore","null","null","null","null","null","null","null","null","null","null","null",""
"4302","Lemonade - Natural, 591 Ml","Daugherty, Jenkins and Moore","null","null","null","null","null","null","null","null","null","null","null",""
"4303","Icecream Cone - Areo Chocolate","Daugherty, Jenkins and Moore","null","null","null","null","null","null","null","null","null","null","null",""
"4304","Icecream Cone - Areo Chocolate","Daugherty, Jenkins and Moore","null","2019","1","22.0000","553.50","9","1","148.30","380.45","null","71.95272",""
"4305","Cheese - Camembert","Daugherty, Jenkins and Moore","null","null","null","null","null","null","null","null","null","null","null",""
"4306","Cheese - Camembert","Daugherty, Jenkins and Moore","null","null","null","null","null","null","null","null","null","null","null",""
"4307","Cheese - Camembert","Daugherty, Jenkins and Moore","null","2019","2","22.0000","599.06","8","0","148.28","450.78","null","75.24789",""
"4308","Cheese - Camembert","Daugherty, Jenkins and Moore","null","null","null","null","null","null","null","null","null","null","null",""
"4309","Cheese - Camembert","Daugherty, Jenkins and Moore","null","2019","3","25.0000","680.75","9","0","168.50","512.25","null","75.24789",""
"4310","Cheese - Camembert","Daugherty, Jenkins and Moore","null","2019","4","13.0000","353.99","6","0","87.62","266.37","null","75.24789",""
"4311","Cheese - Camembert","Daugherty, Jenkins and Moore","null","2019","5","16.0000","435.68","7","0","107.84","327.84","null","75.24789",""
"4312","Cheese - Camembert","Daugherty, Jenkins and Moore","null","2019","6","14.0000","381.22","8","0","94.36","286.86","null","75.24789",""
"4313","Bread Country Roll","Daugherty, Jenkins and Moore","null","null","null","null","null","null","null","null","null","null","null",""
"4314","Bread Country Roll","Daugherty, Jenkins and Moore","null","2019","1","21.0000","554.50","9","1","261.71","267.04","null","50.50402",""
"4315","Juice - Apple Cider","Daugherty, Jenkins and Moore","null","null","null","null","null","null","null","null","null","null","null",""
"4316","Juice - Apple Cider","Daugherty, Jenkins and Moore","null","null","null","null","null","null","null","null","null","null","null",""
"4317","Juice - Apple Cider","Daugherty, Jenkins and Moore","null","2019","2","15.8300","554.40","7","1","197.29","351.22","null","64.03165",""
"4318","Juice - Apple Cider","Daugherty, Jenkins and Moore","null","null","null","null","null","null","null","null","null","null","null",""
"4319","Juice - Apple Cider","Daugherty, Jenkins and Moore","null","2019","3","17.0000","589.05","8","0","211.88","377.17","null","64.03022",""
"4320","Juice - Apple Cider","Daugherty, Jenkins and Moore","null","2019","4","14.0000","485.10","8","0","174.49","310.61","null","64.03010",""
"4321","Juice - Apple Cider","Daugherty, Jenkins and Moore","null","2019","5","14.0000","485.10","8","0","174.49","310.61","null","64.03010",""
"4322","Juice - Apple Cider","Daugherty, Jenkins and Moore","null","2019","6","9.0000","311.85","6","0","112.17","199.68","null","64.03078",""
"4323","Pepper - Red Thai","Daugherty, Jenkins and Moore","null","null","null","null","null","null","null","null","null","null","null",""
"4324","Pepper - Red Thai","Daugherty, Jenkins and Moore","null","2019","1","6.0000","102.00","6","0","33.12","68.88","null","67.52941",""
"4325","Macaroons - Two Bite Choc","Daugherty, Jenkins and Moore","null","null","null","null","null","null","null","null","null","null","null",""
"4326","Macaroons - Two Bite Choc","Daugherty, Jenkins and Moore","null","null","null","null","null","null","null","null","null","null","null",""
"4327","Macaroons - Two Bite Choc","Daugherty, Jenkins and Moore","null","2019","2","4.0000","70.00","4","0","22.08","47.92","null","68.45714",""
"4328","Macaroons - Two Bite Choc","Daugherty, Jenkins and Moore","null","null","null","null","null","null","null","null","null","null","null",""
"4329","Macaroons - Two Bite Choc","Daugherty, Jenkins and Moore","null","2019","3","8.0000","140.00","8","0","44.16","95.84","null","68.45714",""
"4330","Macaroons - Two Bite Choc","Daugherty, Jenkins and Moore","null","2019","4","7.0000","122.50","7","0","38.64","83.86","null","68.45714",""
"4331","Macaroons - Two Bite Choc","Daugherty, Jenkins and Moore","null","2019","5","10.0000","175.00","9","0","55.19","119.81","null","68.46286",""
"4332","Macaroons - Two Bite Choc","Daugherty, Jenkins and Moore","null","2019","6","5.0000","87.50","5","0","27.60","59.90","null","68.45714",""
"4333","Pepper - Jalapeno","Daugherty, Jenkins and Moore","null","null","null","null","null","null","null","null","null","null","null",""
"4334","Pepper - Jalapeno","Daugherty, Jenkins and Moore","null","2019","2","1.0000","9.25","1","0","-25.25","34.50","null","372.97297",""
"4335","Thyme - Fresh","Daugherty, Jenkins and Moore","null","null","null","null","null","null","null","null","null","null","null",""
"4336","Thyme - Fresh","Daugherty, Jenkins and Moore","null","null","null","null","null","null","null","null","null","null","null",""
"4337","Calvados - Boulard","Daugherty, Jenkins and Moore","null","null","null","null","null","null","null","null","null","null","null",""
"4338","Calvados - Boulard","Daugherty, Jenkins and Moore","null","2019","1","1.0000","17.00","1","0","8.18","8.82","null","51.88235",""
"4339","Nut - Walnut, Pieces","Daugherty, Jenkins and Moore","null","null","null","null","null","null","null","null","null","null","null",""
"4340","Nut - Walnut, Pieces","Daugherty, Jenkins and Moore","null","null","null","null","null","null","null","null","null","null","null",""
"4341","Nut - Walnut, Pieces","Daugherty, Jenkins and Moore","null","2019","2","2.0000","34.00","2","0","16.36","17.64","null","51.88235",""
"4342","Nut - Walnut, Pieces","Daugherty, Jenkins and Moore","null","null","null","null","null","null","null","null","null","null","null",""
"4343","Nut - Walnut, Pieces","Daugherty, Jenkins and Moore","null","2019","3","1.0000","17.00","1","0","8.18","8.82","null","51.88235",""
"4344","Nut - Walnut, Pieces","Daugherty, Jenkins and Moore","null","null","null","null","null","null","null","null","null","null","null",""
"4345","null","null","Customer Total:","null","null","null","20,063.79","null","null","9,320.66","null","null","null",""
"4346","Nut - Walnut, Pieces","Daugherty, Jenkins and Moore","null","null","null","null","null","null","null","null","null","null","null",""
"4347","Nut - Walnut, Pieces","Strosin, Rodriguez and Schumm","null","null","null","null","null","null","null","null","null","null","null",""
"4348","Cheese - St. Paulin","Strosin, Rodriguez and Schumm","null","null","null","null","null","null","null","null","null","null","null",""
"4349","Cheese - St. Paulin","Strosin, Rodriguez and Schumm","null","2019","4","2.0000","27.84","1","0","6.82","21.02","null","75.50287",""
"4350","Chicken - Breast, 5 - 7 Oz","Strosin, Rodriguez and Schumm","null","null","null","null","null","null","null","null","null","null","null",""
"4351","Chicken - Breast, 5 - 7 Oz","Strosin, Rodriguez and Schumm","null","null","null","null","null","null","null","null","null","null","null",""
"4352","Beef - Ground Lean Fresh","Strosin, Rodriguez and Schumm","null","null","null","null","null","null","null","null","null","null","null",""
"4353","Beef - Ground Lean Fresh","Strosin, Rodriguez and Schumm","null","2019","1","23.0000","453.00","5","0","327.11","125.89","null","27.79029",""
"4354","Muffin Puck Ww Carrot","Strosin, Rodriguez and Schumm","null","null","null","null","null","null","null","null","null","null","null",""
"4355","Muffin Puck Ww Carrot","Strosin, Rodriguez and Schumm","null","null","null","null","null","null","null","null","null","null","null",""
"4356","Muffin Puck Ww Carrot","Strosin, Rodriguez and Schumm","null","2019","2","16.0000","323.05","4","0","227.92","95.13","null","29.44745",""
"4357","Muffin Puck Ww Carrot","Strosin, Rodriguez and Schumm","null","null","null","null","null","null","null","null","null","null","null",""
"4358","Muffin Puck Ww Carrot","Strosin, Rodriguez and Schumm","null","2019","3","12.0000","234.00","4","0","170.29","63.71","null","27.22650",""
"4359","Muffin Puck Ww Carrot","Strosin, Rodriguez and Schumm","null","2019","4","12.0000","362.25","4","1","249.39","-8.64","null","-3.58879",""
"4360","Muffin Puck Ww Carrot","Strosin, Rodriguez and Schumm","null","2019","5","13.0000","263.25","4","0","182.23","81.02","null","30.77683",""
"4361","Muffin Puck Ww Carrot","Strosin, Rodriguez and Schumm","null","2019","6","10.0000","202.50","3","0","141.42","61.08","null","30.16296",""
"4362","Octopus","Strosin, Rodriguez and Schumm","null","null","null","null","null","null","null","null","null","null","null",""
"4363","Octopus","Strosin, Rodriguez and Schumm","null","2019","1","29.0000","348.00","4","0","173.28","174.72","null","50.20690",""
"4364","V8 - Vegetable Cocktail","Strosin, Rodriguez and Schumm","null","null","null","null","null","null","null","null","null","null","null",""
"4365","V8 - Vegetable Cocktail","Strosin, Rodriguez and Schumm","null","null","null","null","null","null","null","null","null","null","null",""
"4366","V8 - Vegetable Cocktail","Strosin, Rodriguez and Schumm","null","2019","2","22.0000","270.46","4","0","131.46","139.00","null","51.39392",""
"4367","V8 - Vegetable Cocktail","Strosin, Rodriguez and Schumm","null","null","null","null","null","null","null","null","null","null","null",""
"4368","V8 - Vegetable Cocktail","Strosin, Rodriguez and Schumm","null","2019","3","28.0000","336.00","4","0","167.30","168.70","null","50.20833",""
"4369","V8 - Vegetable Cocktail","Strosin, Rodriguez and Schumm","null","2019","4","20.0000","249.00","3","0","119.50","129.50","null","52.00803",""
"4370","V8 - Vegetable Cocktail","Strosin, Rodriguez and Schumm","null","2019","5","22.0000","275.00","3","0","131.45","143.55","null","52.20000",""
"4371","V8 - Vegetable Cocktail","Strosin, Rodriguez and Schumm","null","2019","6","13.0000","162.50","3","0","77.68","84.82","null","52.19692",""
"4372","Cape Capensis - Fillet","Strosin, Rodriguez and Schumm","null","null","null","null","null","null","null","null","null","null","null",""
"4373","Cape Capensis - Fillet","Strosin, Rodriguez and Schumm","null","2019","1","82.0000","1,034.00","5","0","802.77","231.23","null","22.36267",""
"4374","Roe - White Fish","Strosin, Rodriguez and Schumm","null","null","null","null","null","null","null","null","null","null","null",""
"4375","Roe - White Fish","Strosin, Rodriguez and Schumm","null","null","null","null","null","null","null","null","null","null","null",""
"4376","Roe - White Fish","Strosin, Rodriguez and Schumm","null","2019","2","74.0000","927.28","4","0","723.38","203.90","null","21.98904",""
"4377","Roe - White Fish","Strosin, Rodriguez and Schumm","null","null","null","null","null","null","null","null","null","null","null",""
"4378","Roe - White Fish","Strosin, Rodriguez and Schumm","null","2019","3","76.0000","988.00","4","0","739.89","248.11","null","25.11235",""
"4379","Roe - White Fish","Strosin, Rodriguez and Schumm","null","2019","4","78.0000","1,014.00","4","0","756.89","257.11","null","25.35602",""
"4380","Roe - White Fish","Strosin, Rodriguez and Schumm","null","2019","5","67.0000","871.00","4","0","649.28","221.72","null","25.45580",""
"4381","Roe - White Fish","Strosin, Rodriguez and Schumm","null","2019","6","43.0000","559.00","3","0","421.32","137.68","null","24.62970",""
"4382","Coffee - Espresso","Strosin, Rodriguez and Schumm","null","null","null","null","null","null","null","null","null","null","null",""
"4383","Coffee - Espresso","Strosin, Rodriguez and Schumm","null","2019","1","14.0000","456.00","5","2","77.22","302.28","null","79.65217",""
"4384","Trout - Hot Smkd, Dbl Fillet","Strosin, Rodriguez and Schumm","null","null","null","null","null","null","null","null","null","null","null",""
"4385","Trout - Hot Smkd, Dbl Fillet","Strosin, Rodriguez and Schumm","null","null","null","null","null","null","null","null","null","null","null",""
"4386","Trout - Hot Smkd, Dbl Fillet","Strosin, Rodriguez and Schumm","null","2019","2","16.0000","303.53","4","0","88.25","215.28","null","70.92544",""
"4387","Trout - Hot Smkd, Dbl Fillet","Strosin, Rodriguez and Schumm","null","null","null","null","null","null","null","null","null","null","null",""
"4388","Trout - Hot Smkd, Dbl Fillet","Strosin, Rodriguez and Schumm","null","2019","3","16.0000","400.00","4","0","88.24","311.76","null","77.94000",""
"4389","Trout - Hot Smkd, Dbl Fillet","Strosin, Rodriguez and Schumm","null","2019","4","16.0000","400.00","4","0","88.25","311.75","null","77.93750",""
"4390","Trout - Hot Smkd, Dbl Fillet","Strosin, Rodriguez and Schumm","null","2019","5","19.0000","475.00","4","0","104.79","370.21","null","77.93895",""
"4391","Trout - Hot Smkd, Dbl Fillet","Strosin, Rodriguez and Schumm","null","2019","6","14.0000","350.00","3","0","77.22","272.78","null","77.93714",""
"4392","Beef - Baby, Liver","Strosin, Rodriguez and Schumm","null","null","null","null","null","null","null","null","null","null","null",""
"4393","Beef - Baby, Liver","Strosin, Rodriguez and Schumm","null","2019","1","15.0000","300.00","4","0","137.04","162.96","null","54.32000",""
"4394","Muffin - Mix - Creme Brule 15l","Strosin, Rodriguez and Schumm","null","null","null","null","null","null","null","null","null","null","null",""
"4395","Muffin - Mix - Creme Brule 15l","Strosin, Rodriguez and Schumm","null","null","null","null","null","null","null","null","null","null","null",""
"4396","Muffin - Mix - Creme Brule 15l","Strosin, Rodriguez and Schumm","null","2019","2","4.0000","80.00","1","0","36.54","43.46","null","54.32500",""
"4397","Muffin - Mix - Creme Brule 15l","Strosin, Rodriguez and Schumm","null","null","null","null","null","null","null","null","null","null","null",""
"4398","Muffin - Mix - Creme Brule 15l","Strosin, Rodriguez and Schumm","null","2019","3","11.0000","220.00","3","0","100.49","119.51","null","54.32273",""
"4399","Muffin - Mix - Creme Brule 15l","Strosin, Rodriguez and Schumm","null","2019","4","12.0000","240.00","4","0","109.63","130.37","null","54.32083",""
"4400","Muffin - Mix - Creme Brule 15l","Strosin, Rodriguez and Schumm","null","2019","5","10.0000","200.00","3","0","91.36","108.64","null","54.32000",""
"4401","Muffin - Mix - Creme Brule 15l","Strosin, Rodriguez and Schumm","null","2019","6","13.0000","260.00","3","0","118.76","141.24","null","54.32308",""
"4402","Wine - Prem Select Charddonany","Strosin, Rodriguez and Schumm","null","null","null","null","null","null","null","null","null","null","null",""
"4403","Wine - Prem Select Charddonany","Strosin, Rodriguez and Schumm","null","2019","1","21.0000","420.00","5","0","196.64","223.36","null","53.18095",""
"4404","Juice - Apple, 1.36l","Strosin, Rodriguez and Schumm","null","null","null","null","null","null","null","null","null","null","null",""
"4405","Juice - Apple, 1.36l","Strosin, Rodriguez and Schumm","null","null","null","null","null","null","null","null","null","null","null",""
"4406","Juice - Apple, 1.36l","Strosin, Rodriguez and Schumm","null","2019","2","15.0000","304.55","4","0","140.47","164.08","null","53.87621",""
"4407","Juice - Apple, 1.36l","Strosin, Rodriguez and Schumm","null","null","null","null","null","null","null","null","null","null","null",""
"4408","Juice - Apple, 1.36l","Strosin, Rodriguez and Schumm","null","2019","3","15.0000","301.50","4","0","140.47","161.03","null","53.40962",""
"4409","Juice - Apple, 1.36l","Strosin, Rodriguez and Schumm","null","2019","4","11.0000","225.50","3","0","103.01","122.49","null","54.31929",""
"4410","Juice - Apple, 1.36l","Strosin, Rodriguez and Schumm","null","2019","5","20.0000","410.00","4","0","187.28","222.72","null","54.32195",""
"4411","Juice - Apple, 1.36l","Strosin, Rodriguez and Schumm","null","2019","6","9.0000","184.50","2","0","84.27","100.23","null","54.32520",""
"4412","Wine - Semi Dry Riesling Vineland","Strosin, Rodriguez and Schumm","null","null","null","null","null","null","null","null","null","null","null",""
"4413","Wine - Semi Dry Riesling Vineland","Strosin, Rodriguez and Schumm","null","2019","1","38.0000","627.00","5","0","266.48","360.52","null","57.49920",""
"4414","Wine - Sawmill Creek Autumn","Strosin, Rodriguez and Schumm","null","null","null","null","null","null","null","null","null","null","null",""
"4415","Wine - Sawmill Creek Autumn","Strosin, Rodriguez and Schumm","null","null","null","null","null","null","null","null","null","null","null",""
"4416","Wine - Sawmill Creek Autumn","Strosin, Rodriguez and Schumm","null","2019","2","34.0000","561.00","4","0","238.44","322.56","null","57.49733",""
"4417","Wine - Sawmill Creek Autumn","Strosin, Rodriguez and Schumm","null","null","null","null","null","null","null","null","null","null","null",""
"4418","Wine - Sawmill Creek Autumn","Strosin, Rodriguez and Schumm","null","2019","3","22.0000","363.00","4","0","154.28","208.72","null","57.49862",""
"4419","Wine - Sawmill Creek Autumn","Strosin, Rodriguez and Schumm","null","2019","4","30.0000","495.00","4","0","210.38","284.62","null","57.49899",""
"4420","Wine - Sawmill Creek Autumn","Strosin, Rodriguez and Schumm","null","2019","5","27.0000","445.50","4","0","189.34","256.16","null","57.49944",""
"4421","Wine - Sawmill Creek Autumn","Strosin, Rodriguez and Schumm","null","2019","6","14.0000","231.00","2","0","98.18","132.82","null","57.49784",""
"4422","Soup - Campbells Mac N Cheese","Strosin, Rodriguez and Schumm","null","null","null","null","null","null","null","null","null","null","null",""
"4423","Soup - Campbells Mac N Cheese","Strosin, Rodriguez and Schumm","null","2019","3","1.0000","25.00","1","0","9.04","15.96","null","63.84000",""
"4424","Wine - Pinot Noir Pond Haddock","Strosin, Rodriguez and Schumm","null","null","null","null","null","null","null","null","null","null","null",""
"4425","Wine - Pinot Noir Pond Haddock","Strosin, Rodriguez and Schumm","null","null","null","null","null","null","null","null","null","null","null",""
"4426","null","null","Customer Total:","null","null","null","17,178.21","null","null","9,335.45","null","null","null",""
"4427","Wine - Pinot Noir Pond Haddock","Strosin, Rodriguez and Schumm","null","null","null","null","null","null","null","null","null","null","null",""
"4428","Wine - Pinot Noir Pond Haddock","Rowe, Kautzer and Upton","null","null","null","null","null","null","null","null","null","null","null",""
"4429","Muffin Orange Individual","Rowe, Kautzer and Upton","null","null","null","null","null","null","null","null","null","null","null",""
"4430","Muffin Orange Individual","Rowe, Kautzer and Upton","null","2019","4","1.0000","12.38","1","0","5.10","7.28","null","58.80452",""
"4431","Beef - Tenderloin - Aa","Rowe, Kautzer and Upton","null","null","null","null","null","null","null","null","null","null","null",""
"4432","Beef - Tenderloin - Aa","Rowe, Kautzer and Upton","null","null","null","null","null","null","null","null","null","null","null",""
"4433","Beef - Ground Lean Fresh","Rowe, Kautzer and Upton","null","null","null","null","null","null","null","null","null","null","null",""
"4434","Beef - Ground Lean Fresh","Rowe, Kautzer and Upton","null","2019","5","0.0000","0.00","1","0","0.00","0.00","null","0.00000",""
"4435","Muffin Puck Ww Carrot","Rowe, Kautzer and Upton","null","null","null","null","null","null","null","null","null","null","null",""
"4436","Muffin Puck Ww Carrot","Rowe, Kautzer and Upton","null","null","null","null","null","null","null","null","null","null","null",""
"4437","Octopus","Rowe, Kautzer and Upton","null","null","null","null","null","null","null","null","null","null","null",""
"4438","Octopus","Rowe, Kautzer and Upton","null","2019","1","5.0000","60.00","3","0","29.89","30.11","null","50.18333",""
"4439","V8 - Vegetable Cocktail","Rowe, Kautzer and Upton","null","null","null","null","null","null","null","null","null","null","null",""
"4440","V8 - Vegetable Cocktail","Rowe, Kautzer and Upton","null","null","null","null","null","null","null","null","null","null","null",""
"4441","V8 - Vegetable Cocktail","Rowe, Kautzer and Upton","null","2019","2","4.0000","49.52","3","0","23.91","25.61","null","51.71648",""
"4442","V8 - Vegetable Cocktail","Rowe, Kautzer and Upton","null","null","null","null","null","null","null","null","null","null","null",""
"4443","V8 - Vegetable Cocktail","Rowe, Kautzer and Upton","null","2019","3","4.0000","49.52","4","0","23.92","25.60","null","51.69628",""
"4444","V8 - Vegetable Cocktail","Rowe, Kautzer and Upton","null","2019","4","1.0000","12.38","1","0","5.98","6.40","null","51.69628",""
"4445","V8 - Vegetable Cocktail","Rowe, Kautzer and Upton","null","2019","5","4.0000","49.52","4","0","23.92","25.60","null","51.69628",""
"4446","V8 - Vegetable Cocktail","Rowe, Kautzer and Upton","null","2019","6","2.0000","24.76","2","0","11.96","12.80","null","51.69628",""
"4447","Cape Capensis - Fillet","Rowe, Kautzer and Upton","null","null","null","null","null","null","null","null","null","null","null",""
"4448","Cape Capensis - Fillet","Rowe, Kautzer and Upton","null","2019","1","15.0000","168.75","4","0","146.88","21.87","null","12.96000",""
"4449","Roe - White Fish","Rowe, Kautzer and Upton","null","null","null","null","null","null","null","null","null","null","null",""
"4450","Roe - White Fish","Rowe, Kautzer and Upton","null","null","null","null","null","null","null","null","null","null","null",""
"4451","Roe - White Fish","Rowe, Kautzer and Upton","null","2019","2","17.0000","205.94","4","0","166.60","39.34","null","19.10265",""
"4452","Roe - White Fish","Rowe, Kautzer and Upton","null","null","null","null","null","null","null","null","null","null","null",""
"4453","Roe - White Fish","Rowe, Kautzer and Upton","null","2019","3","16.0000","184.52","4","0","156.56","27.96","null","15.15283",""
"4454","Roe - White Fish","Rowe, Kautzer and Upton","null","2019","4","12.0000","149.00","3","0","115.26","33.74","null","22.64430",""
"4455","Roe - White Fish","Rowe, Kautzer and Upton","null","2019","5","14.0000","208.00","4","1","154.98","27.02","null","14.84615",""
"4456","Roe - White Fish","Rowe, Kautzer and Upton","null","2019","6","8.0000","104.00","2","0","78.38","25.62","null","24.63462",""
"4457","Coffee - Espresso","Rowe, Kautzer and Upton","null","null","null","null","null","null","null","null","null","null","null",""
"4458","Coffee - Espresso","Rowe, Kautzer and Upton","null","2019","1","3.0000","43.50","2","0","16.55","26.95","null","61.95402",""
"4459","Trout - Hot Smkd, Dbl Fillet","Rowe, Kautzer and Upton","null","null","null","null","null","null","null","null","null","null","null",""
"4460","Trout - Hot Smkd, Dbl Fillet","Rowe, Kautzer and Upton","null","null","null","null","null","null","null","null","null","null","null",""
"4461","Trout - Hot Smkd, Dbl Fillet","Rowe, Kautzer and Upton","null","2019","2","4.0000","59.73","3","0","22.07","37.66","null","63.05039",""
"4462","Trout - Hot Smkd, Dbl Fillet","Rowe, Kautzer and Upton","null","null","null","null","null","null","null","null","null","null","null",""
"4463","Trout - Hot Smkd, Dbl Fillet","Rowe, Kautzer and Upton","null","2019","3","4.0000","59.73","4","0","22.08","37.65","null","63.03365",""
"4464","Trout - Hot Smkd, Dbl Fillet","Rowe, Kautzer and Upton","null","2019","4","3.0000","49.50","2","0","16.55","32.95","null","66.56566",""
"4465","Trout - Hot Smkd, Dbl Fillet","Rowe, Kautzer and Upton","null","2019","5","2.0000","33.00","2","0","11.04","21.96","null","66.54545",""
"4466","Beef - Baby, Liver","Rowe, Kautzer and Upton","null","null","null","null","null","null","null","null","null","null","null",""
"4467","Beef - Baby, Liver","Rowe, Kautzer and Upton","null","2019","1","4.0000","70.00","4","0","36.56","33.44","null","47.77143",""
"4468","Muffin - Mix - Creme Brule 15l","Rowe, Kautzer and Upton","null","null","null","null","null","null","null","null","null","null","null",""
"4469","Muffin - Mix - Creme Brule 15l","Rowe, Kautzer and Upton","null","null","null","null","null","null","null","null","null","null","null",""
"4470","Muffin - Mix - Creme Brule 15l","Rowe, Kautzer and Upton","null","2019","2","2.0000","37.50","2","0","18.28","19.22","null","51.25333",""
"4471","Muffin - Mix - Creme Brule 15l","Rowe, Kautzer and Upton","null","null","null","null","null","null","null","null","null","null","null",""
"4472","Muffin - Mix - Creme Brule 15l","Rowe, Kautzer and Upton","null","2019","3","2.0000","37.50","2","0","18.28","19.22","null","51.25333",""
"4473","Muffin - Mix - Creme Brule 15l","Rowe, Kautzer and Upton","null","2019","4","2.0000","37.50","2","0","18.28","19.22","null","51.25333",""
"4474","Muffin - Mix - Creme Brule 15l","Rowe, Kautzer and Upton","null","2019","5","3.0000","60.00","4","0","27.42","32.58","null","54.30000",""
"4475","Muffin - Mix - Creme Brule 15l","Rowe, Kautzer and Upton","null","2019","6","1.0000","20.00","1","0","9.14","10.86","null","54.30000",""
"4476","Wine - Dubouef Macon - Villages","Rowe, Kautzer and Upton","null","null","null","null","null","null","null","null","null","null","null",""
"4477","Wine - Dubouef Macon - Villages","Rowe, Kautzer and Upton","null","2019","5","0.0000","0.00","1","0","0.00","0.00","null","0.00000",""
"4478","White Baguette","Rowe, Kautzer and Upton","null","null","null","null","null","null","null","null","null","null","null",""
"4479","White Baguette","Rowe, Kautzer and Upton","null","null","null","null","null","null","null","null","null","null","null",""
"4480","Wine - Prem Select Charddonany","Rowe, Kautzer and Upton","null","null","null","null","null","null","null","null","null","null","null",""
"4481","Wine - Prem Select Charddonany","Rowe, Kautzer and Upton","null","2019","1","2.0000","35.40","2","0","18.72","16.68","null","47.11864",""
"4482","Juice - Apple, 1.36l","Rowe, Kautzer and Upton","null","null","null","null","null","null","null","null","null","null","null",""
"4483","Juice - Apple, 1.36l","Rowe, Kautzer and Upton","null","null","null","null","null","null","null","null","null","null","null",""
"4484","Juice - Apple, 1.36l","Rowe, Kautzer and Upton","null","2019","2","6.0000","114.15","4","0","56.18","57.97","null","50.78406",""
"4485","Juice - Apple, 1.36l","Rowe, Kautzer and Upton","null","null","null","null","null","null","null","null","null","null","null",""
"4486","Juice - Apple, 1.36l","Rowe, Kautzer and Upton","null","2019","3","4.0000","73.60","3","0","37.45","36.15","null","49.11685",""
"4487","Juice - Apple, 1.36l","Rowe, Kautzer and Upton","null","2019","4","2.0000","41.00","2","0","18.72","22.28","null","54.34146",""
"4488","Juice - Apple, 1.36l","Rowe, Kautzer and Upton","null","2019","5","5.0000","102.50","4","0","46.81","55.69","null","54.33171",""
"4489","Juice - Apple, 1.36l","Rowe, Kautzer and Upton","null","2019","6","2.0000","41.00","2","0","18.72","22.28","null","54.34146",""
"4490","Wine - Semi Dry Riesling Vineland","Rowe, Kautzer and Upton","null","null","null","null","null","null","null","null","null","null","null",""
"4491","Wine - Semi Dry Riesling Vineland","Rowe, Kautzer and Upton","null","2019","1","3.0000","44.25","3","0","21.03","23.22","null","52.47458",""
"4492","Wine - Sawmill Creek Autumn","Rowe, Kautzer and Upton","null","null","null","null","null","null","null","null","null","null","null",""
"4493","Wine - Sawmill Creek Autumn","Rowe, Kautzer and Upton","null","null","null","null","null","null","null","null","null","null","null",""
"4494","Wine - Sawmill Creek Autumn","Rowe, Kautzer and Upton","null","2019","2","4.0000","60.75","3","0","28.05","32.70","null","53.82716",""
"4495","Wine - Sawmill Creek Autumn","Rowe, Kautzer and Upton","null","null","null","null","null","null","null","null","null","null","null",""
"4496","Wine - Sawmill Creek Autumn","Rowe, Kautzer and Upton","null","2019","3","3.0000","46.00","3","0","21.03","24.97","null","54.28261",""
"4497","Wine - Sawmill Creek Autumn","Rowe, Kautzer and Upton","null","2019","4","3.0000","47.75","2","0","21.04","26.71","null","55.93717",""
"4498","Wine - Sawmill Creek Autumn","Rowe, Kautzer and Upton","null","2019","5","3.0000","49.50","3","0","21.03","28.47","null","57.51515",""
"4499","Wine - Sawmill Creek Autumn","Rowe, Kautzer and Upton","null","2019","6","3.0000","49.50","2","0","21.04","28.46","null","57.49495",""
"4500","Icecream Cone - Areo Chocolate","Rowe, Kautzer and Upton","null","null","null","null","null","null","null","null","null","null","null",""
"4501","Icecream Cone - Areo Chocolate","Rowe, Kautzer and Upton","null","2019","1","4.0000","93.75","4","0","26.96","66.79","null","71.24267",""
"4502","Cheese - Camembert","Rowe, Kautzer and Upton","null","null","null","null","null","null","null","null","null","null","null",""
"4503","Cheese - Camembert","Rowe, Kautzer and Upton","null","null","null","null","null","null","null","null","null","null","null",""
"4504","Cheese - Camembert","Rowe, Kautzer and Upton","null","2019","2","3.0000","81.69","3","0","20.22","61.47","null","75.24789",""
"4505","Cheese - Camembert","Rowe, Kautzer and Upton","null","null","null","null","null","null","null","null","null","null","null",""
"4506","Cheese - Camembert","Rowe, Kautzer and Upton","null","2019","3","4.0000","108.92","4","0","26.96","81.96","null","75.24789",""
"4507","Cheese - Camembert","Rowe, Kautzer and Upton","null","2019","4","3.0000","81.69","3","0","20.22","61.47","null","75.24789",""
"4508","Cheese - Camembert","Rowe, Kautzer and Upton","null","2019","5","4.0000","108.92","4","0","26.96","81.96","null","75.24789",""
"4509","Cheese - Camembert","Rowe, Kautzer and Upton","null","2019","6","2.0000","54.46","2","0","13.48","40.98","null","75.24789",""
"4510","Bread Country Roll","Rowe, Kautzer and Upton","null","null","null","null","null","null","null","null","null","null","null",""
"4511","Bread Country Roll","Rowe, Kautzer and Upton","null","2019","1","5.0000","121.25","3","0","62.32","58.93","null","48.60206",""
"4512","Juice - Apple Cider","Rowe, Kautzer and Upton","null","null","null","null","null","null","null","null","null","null","null",""
"4513","Juice - Apple Cider","Rowe, Kautzer and Upton","null","null","null","null","null","null","null","null","null","null","null",""
"4514","Juice - Apple Cider","Rowe, Kautzer and Upton","null","2019","2","3.0000","103.95","3","0","37.38","66.57","null","64.04040",""
"4515","Juice - Apple Cider","Rowe, Kautzer and Upton","null","null","null","null","null","null","null","null","null","null","null",""
"4516","Juice - Apple Cider","Rowe, Kautzer and Upton","null","2019","3","4.0000","138.60","4","0","49.84","88.76","null","64.04040",""
"4517","Juice - Apple Cider","Rowe, Kautzer and Upton","null","2019","4","3.0000","103.95","3","0","37.38","66.57","null","64.04040",""
"4518","Juice - Apple Cider","Rowe, Kautzer and Upton","null","2019","5","4.0000","138.60","4","0","49.84","88.76","null","64.04040",""
"4519","Juice - Apple Cider","Rowe, Kautzer and Upton","null","2019","6","2.0000","69.30","2","0","24.92","44.38","null","64.04040",""
"4520","Pepper - Red Thai","Rowe, Kautzer and Upton","null","null","null","null","null","null","null","null","null","null","null",""
"4521","Pepper - Red Thai","Rowe, Kautzer and Upton","null","2019","5","0.0000","0.00","1","0","0.00","0.00","null","0.00000",""
"4522","Macaroons - Two Bite Choc","Rowe, Kautzer and Upton","null","null","null","null","null","null","null","null","null","null","null",""
"4523","Macaroons - Two Bite Choc","Rowe, Kautzer and Upton","null","null","null","null","null","null","null","null","null","null","null",""
"4524","Macaroons - Two Bite Choc","Rowe, Kautzer and Upton","null","null","null","null","null","null","null","null","null","null","null",""
"4525","null","null","Customer Total:","null","null","null","3,696.73","null","null","1,885.89","null","null","null",""
"4526","Macaroons - Two Bite Choc","Rowe, Kautzer and Upton","null","null","null","null","null","null","null","null","null","null","null",""
"4527","Macaroons - Two Bite Choc","Waters and Sons","null","null","null","null","null","null","null","null","null","null","null",""
"4528","Beef - Ground Lean Fresh","Waters and Sons","null","null","null","null","null","null","null","null","null","null","null",""
"4529","Beef - Ground Lean Fresh","Waters and Sons","null","2019","1","8.0000","157.50","3","0","113.81","43.69","null","27.73968",""
"4530","Muffin Puck Ww Carrot","Waters and Sons","null","null","null","null","null","null","null","null","null","null","null",""
"4531","Muffin Puck Ww Carrot","Waters and Sons","null","null","null","null","null","null","null","null","null","null","null",""
"4532","Muffin Puck Ww Carrot","Waters and Sons","null","2019","2","4.0000","78.85","2","0","56.99","21.86","null","27.72353",""
"4533","Muffin Puck Ww Carrot","Waters and Sons","null","null","null","null","null","null","null","null","null","null","null",""
"4534","Muffin Puck Ww Carrot","Waters and Sons","null","2019","3","8.0000","156.85","4","0","113.53","43.32","null","27.61874",""
"4535","Muffin Puck Ww Carrot","Waters and Sons","null","2019","4","5.0000","98.25","3","0","68.95","29.30","null","29.82188",""
"4536","Muffin Puck Ww Carrot","Waters and Sons","null","2019","5","6.0000","121.50","3","0","83.38","38.12","null","31.37449",""
"4537","Muffin Puck Ww Carrot","Waters and Sons","null","2019","6","6.0000","121.50","3","0","84.83","36.67","null","30.18107",""
"4538","Cape Capensis - Fillet","Waters and Sons","null","null","null","null","null","null","null","null","null","null","null",""
"4539","Cape Capensis - Fillet","Waters and Sons","null","2019","1","14.0000","178.00","4","0","137.08","40.92","null","22.98876",""
"4540","Roe - White Fish","Waters and Sons","null","null","null","null","null","null","null","null","null","null","null",""
"4541","Roe - White Fish","Waters and Sons","null","null","null","null","null","null","null","null","null","null","null",""
"4542","Roe - White Fish","Waters and Sons","null","2019","2","17.0000","217.90","4","0","166.60","51.30","null","23.54291",""
"4543","Roe - White Fish","Waters and Sons","null","null","null","null","null","null","null","null","null","null","null",""
"4544","Roe - White Fish","Waters and Sons","null","2019","3","22.0000","282.90","5","0","214.53","68.37","null","24.16755",""
"4545","Roe - White Fish","Waters and Sons","null","2019","4","18.0000","234.00","4","0","172.31","61.69","null","26.36325",""
"4546","Roe - White Fish","Waters and Sons","null","2019","5","19.0000","247.00","4","0","184.72","62.28","null","25.21457",""
"4547","Roe - White Fish","Waters and Sons","null","2019","6","12.0000","156.00","3","0","117.58","38.42","null","24.62821",""
"4548","Coffee - Espresso","Waters and Sons","null","null","null","null","null","null","null","null","null","null","null",""
"4549","Coffee - Espresso","Waters and Sons","null","2019","1","4.0000","66.00","4","0","22.08","43.92","null","66.54545",""
"4550","Trout - Hot Smkd, Dbl Fillet","Waters and Sons","null","null","null","null","null","null","null","null","null","null","null",""
"4551","Trout - Hot Smkd, Dbl Fillet","Waters and Sons","null","null","null","null","null","null","null","null","null","null","null",""
"4552","Trout - Hot Smkd, Dbl Fillet","Waters and Sons","null","2019","2","6.0000","97.38","4","0","33.10","64.28","null","66.00945",""
"4553","Trout - Hot Smkd, Dbl Fillet","Waters and Sons","null","null","null","null","null","null","null","null","null","null","null",""
"4554","Trout - Hot Smkd, Dbl Fillet","Waters and Sons","null","2019","3","4.0000","64.92","4","0","22.08","42.84","null","65.98891",""
"4555","Trout - Hot Smkd, Dbl Fillet","Waters and Sons","null","2019","4","4.0000","65.19","3","0","22.07","43.12","null","66.14511",""
"4556","Trout - Hot Smkd, Dbl Fillet","Waters and Sons","null","2019","5","4.0000","66.00","2","0","22.06","43.94","null","66.57576",""
"4557","Trout - Hot Smkd, Dbl Fillet","Waters and Sons","null","2019","6","6.0000","99.00","3","0","33.09","65.91","null","66.57576",""
"4558","Beef - Baby, Liver","Waters and Sons","null","null","null","null","null","null","null","null","null","null","null",""
"4559","Beef - Baby, Liver","Waters and Sons","null","2019","1","5.0000","100.00","3","0","45.68","54.32","null","54.32000",""
"4560","Muffin - Mix - Creme Brule 15l","Waters and Sons","null","null","null","null","null","null","null","null","null","null","null",""
"4561","Muffin - Mix - Creme Brule 15l","Waters and Sons","null","null","null","null","null","null","null","null","null","null","null",""
"4562","Muffin - Mix - Creme Brule 15l","Waters and Sons","null","2019","2","2.0000","40.00","1","0","18.27","21.73","null","54.32500",""
"4563","Muffin - Mix - Creme Brule 15l","Waters and Sons","null","null","null","null","null","null","null","null","null","null","null",""
"4564","Muffin - Mix - Creme Brule 15l","Waters and Sons","null","2019","3","3.0000","80.00","3","1","27.41","32.59","null","54.31667",""
"4565","Muffin - Mix - Creme Brule 15l","Waters and Sons","null","2019","4","4.0000","80.00","3","0","36.55","43.45","null","54.31250",""
"4566","Muffin - Mix - Creme Brule 15l","Waters and Sons","null","2019","5","2.0000","40.00","2","0","18.28","21.72","null","54.30000",""
"4567","Muffin - Mix - Creme Brule 15l","Waters and Sons","null","2019","6","3.0000","60.00","3","0","27.42","32.58","null","54.30000",""
"4568","Wine - Prem Select Charddonany","Waters and Sons","null","null","null","null","null","null","null","null","null","null","null",""
"4569","Wine - Prem Select Charddonany","Waters and Sons","null","2019","1","2.0000","40.00","2","0","18.72","21.28","null","53.20000",""
"4570","Juice - Apple, 1.36l","Waters and Sons","null","null","null","null","null","null","null","null","null","null","null",""
"4571","Juice - Apple, 1.36l","Waters and Sons","null","null","null","null","null","null","null","null","null","null","null",""
"4572","Juice - Apple, 1.36l","Waters and Sons","null","2019","2","4.0000","80.35","3","0","37.45","42.90","null","53.39141",""
"4573","Juice - Apple, 1.36l","Waters and Sons","null","null","null","null","null","null","null","null","null","null","null",""
"4574","Juice - Apple, 1.36l","Waters and Sons","null","2019","3","4.0000","80.50","4","0","37.44","43.06","null","53.49068",""
"4575","Juice - Apple, 1.36l","Waters and Sons","null","2019","4","2.0000","41.00","2","0","18.72","22.28","null","54.34146",""
"4576","Juice - Apple, 1.36l","Waters and Sons","null","2019","5","4.0000","82.00","3","0","37.45","44.55","null","54.32927",""
"4577","Juice - Apple, 1.36l","Waters and Sons","null","2019","6","4.0000","82.00","3","0","37.45","44.55","null","54.32927",""
"4578","Butter Balls Salted","Waters and Sons","null","null","null","null","null","null","null","null","null","null","null",""
"4579","Butter Balls Salted","Waters and Sons","null","2019","1","1.0000","25.50","1","0","9.92","15.58","null","61.09804",""
"4580","Cup - 4oz Translucent","Waters and Sons","null","null","null","null","null","null","null","null","null","null","null",""
"4581","Cup - 4oz Translucent","Waters and Sons","null","null","null","null","null","null","null","null","null","null","null",""
"4582","Wine - Semi Dry Riesling Vineland","Waters and Sons","null","null","null","null","null","null","null","null","null","null","null",""
"4583","Wine - Semi Dry Riesling Vineland","Waters and Sons","null","2019","1","3.0000","49.50","3","0","21.03","28.47","null","57.51515",""
"4584","Wine - Sawmill Creek Autumn","Waters and Sons","null","null","null","null","null","null","null","null","null","null","null",""
"4585","Wine - Sawmill Creek Autumn","Waters and Sons","null","null","null","null","null","null","null","null","null","null","null",""
"4586","Wine - Sawmill Creek Autumn","Waters and Sons","null","2019","2","3.0000","49.50","3","0","21.03","28.47","null","57.51515",""
"4587","Wine - Sawmill Creek Autumn","Waters and Sons","null","null","null","null","null","null","null","null","null","null","null",""
"4588","Wine - Sawmill Creek Autumn","Waters and Sons","null","2019","3","3.0000","49.50","3","0","21.03","28.47","null","57.51515",""
"4589","Wine - Sawmill Creek Autumn","Waters and Sons","null","2019","4","3.0000","49.50","3","0","21.03","28.47","null","57.51515",""
"4590","Wine - Sawmill Creek Autumn","Waters and Sons","null","2019","5","1.0000","16.50","1","0","7.01","9.49","null","57.51515",""
"4591","Wine - Sawmill Creek Autumn","Waters and Sons","null","2019","6","2.0000","33.00","2","0","14.02","18.98","null","57.51515",""
"4592","Pepper - Red Thai","Waters and Sons","null","null","null","null","null","null","null","null","null","null","null",""
"4593","Pepper - Red Thai","Waters and Sons","null","2019","1","3.0000","47.00","3","0","16.56","30.44","null","64.76596",""
"4594","Macaroons - Two Bite Choc","Waters and Sons","null","null","null","null","null","null","null","null","null","null","null",""
"4595","Macaroons - Two Bite Choc","Waters and Sons","null","null","null","null","null","null","null","null","null","null","null",""
"4596","Macaroons - Two Bite Choc","Waters and Sons","null","2019","2","4.0000","62.50","4","0","22.08","40.42","null","64.67200",""
"4597","Macaroons - Two Bite Choc","Waters and Sons","null","null","null","null","null","null","null","null","null","null","null",""
"4598","Macaroons - Two Bite Choc","Waters and Sons","null","2019","3","4.0000","77.50","5","3","19.07","40.93","null","68.21667",""
"4599","Macaroons - Two Bite Choc","Waters and Sons","null","2019","4","4.0000","62.50","4","0","22.08","40.42","null","64.67200",""
"4600","Macaroons - Two Bite Choc","Waters and Sons","null","2019","5","5.0000","87.50","3","0","27.58","59.92","null","68.48000",""
"4601","Macaroons - Two Bite Choc","Waters and Sons","null","2019","6","2.0000","35.00","2","0","11.04","23.96","null","68.45714",""
"4602","Macaroons - Two Bite Choc","Waters and Sons","null","null","null","null","null","null","null","null","null","null","null",""
"4603","null","null","Customer Total:","null","null","null","3,959.59","null","null","2,263.11","null","null","null",""
"4604","Macaroons - Two Bite Choc","Waters and Sons","null","null","null","null","null","null","null","null","null","null","null",""
"4605","Macaroons - Two Bite Choc","Hudson Group","null","null","null","null","null","null","null","null","null","null","null",""
"4606","V8 Splash Strawberry Banana","Hudson Group","null","null","null","null","null","null","null","null","null","null","null",""
"4607","V8 Splash Strawberry Banana","Hudson Group","null","2019","4","66.0000","1,650.00","1","0","1,238.60","411.40","null","24.93333",""
"4608","Soup Knorr Chili With Beans","Hudson Group","null","null","null","null","null","null","null","null","null","null","null",""
"4609","Soup Knorr Chili With Beans","Hudson Group","null","null","null","null","null","null","null","null","null","null","null",""
"4610","Oil - Canola","Hudson Group","null","null","null","null","null","null","null","null","null","null","null",""
"4611","Oil - Canola","Hudson Group","null","2019","1","50.0000","2,750.00","1","0","1,670.16","1,079.84","null","39.26691",""
"4612","Porcini Powder 1kg/pp","Hudson Group","null","null","null","null","null","null","null","null","null","null","null",""
"4613","Porcini Powder 1kg/pp","Hudson Group","null","null","null","null","null","null","null","null","null","null","null",""
"4614","Porcini Powder 1kg/pp","Hudson Group","null","null","null","null","null","null","null","null","null","null","null",""
"4615","null","null","Customer Total:","null","null","null","4,400.00","null","null","2,908.76","null","null","null",""
"4616","Porcini Powder 1kg/pp","Hudson Group","null","null","null","null","null","null","null","null","null","null","null",""
"4617","Porcini Powder 1kg/pp","Graham and Sons","null","null","null","null","null","null","null","null","null","null","null",""
"4618","Cheese - Fontina","Graham and Sons","null","null","null","null","null","null","null","null","null","null","null",""
"4619","Cheese - Fontina","Graham and Sons","null","2019","1","10.0000","158.00","4","0","116.48","41.52","null","26.27848",""
"4620","Sausage - Andouille","Graham and Sons","null","null","null","null","null","null","null","null","null","null","null",""
"4621","Sausage - Andouille","Graham and Sons","null","null","null","null","null","null","null","null","null","null","null",""
"4622","Sausage - Andouille","Graham and Sons","null","2019","2","12.0000","186.00","4","0","140.85","45.15","null","24.27419",""
"4623","Sausage - Andouille","Graham and Sons","null","null","null","null","null","null","null","null","null","null","null",""
"4624","Sausage - Andouille","Graham and Sons","null","2019","3","14.0000","229.00","5","0","164.41","64.59","null","28.20524",""
"4625","Sausage - Andouille","Graham and Sons","null","2019","4","12.0000","204.00","4","0","140.96","63.04","null","30.90196",""
"4626","Sausage - Andouille","Graham and Sons","null","2019","5","13.0000","221.00","4","0","152.72","68.28","null","30.89593",""
"4627","Sausage - Andouille","Graham and Sons","null","2019","6","10.0000","170.00","4","0","117.48","52.52","null","30.89412",""
"4628","Flour - Bran, Red","Graham and Sons","null","null","null","null","null","null","null","null","null","null","null",""
"4629","Flour - Bran, Red","Graham and Sons","null","2019","1","24.0000","399.00","4","0","307.66","91.34","null","22.89223",""
"4630","Artichokes - Jerusalem","Graham and Sons","null","null","null","null","null","null","null","null","null","null","null",""
"4631","Artichokes - Jerusalem","Graham and Sons","null","null","null","null","null","null","null","null","null","null","null",""
"4632","Artichokes - Jerusalem","Graham and Sons","null","2019","2","30.0000","539.00","4","0","379.55","159.45","null","29.58256",""
"4633","Artichokes - Jerusalem","Graham and Sons","null","null","null","null","null","null","null","null","null","null","null",""
"4634","Artichokes - Jerusalem","Graham and Sons","null","2019","3","30.0000","514.25","5","0","376.68","137.57","null","26.75158",""
"4635","Artichokes - Jerusalem","Graham and Sons","null","2019","4","20.0000","371.25","4","0","249.91","121.34","null","32.68418",""
"4636","Artichokes - Jerusalem","Graham and Sons","null","2019","5","23.0000","539.00","5","1","309.46","133.29","null","30.10503",""
"4637","Artichokes - Jerusalem","Graham and Sons","null","2019","6","20.0000","385.00","4","0","248.90","136.10","null","35.35065",""
"4638","Cheese - Pont Couvert","Graham and Sons","null","null","null","null","null","null","null","null","null","null","null",""
"4639","Cheese - Pont Couvert","Graham and Sons","null","2019","1","3.0000","70.25","3","0","43.50","26.75","null","38.07829",""
"4640","Nescafe - Frothy French Vanilla","Graham and Sons","null","null","null","null","null","null","null","null","null","null","null",""
"4641","Nescafe - Frothy French Vanilla","Graham and Sons","null","null","null","null","null","null","null","null","null","null","null",""
"4642","Nescafe - Frothy French Vanilla","Graham and Sons","null","2019","2","4.0000","103.36","4","0","58.00","45.36","null","43.88545",""
"4643","Nescafe - Frothy French Vanilla","Graham and Sons","null","null","null","null","null","null","null","null","null","null","null",""
"4644","Nescafe - Frothy French Vanilla","Graham and Sons","null","2019","3","5.0000","126.68","5","0","72.50","54.18","null","42.76918",""
"4645","Nescafe - Frothy French Vanilla","Graham and Sons","null","2019","4","4.0000","105.25","4","0","58.00","47.25","null","44.89311",""
"4646","Nescafe - Frothy French Vanilla","Graham and Sons","null","2019","5","5.0000","133.75","5","0","72.50","61.25","null","45.79439",""
"4647","Nescafe - Frothy French Vanilla","Graham and Sons","null","2019","6","2.0000","53.50","2","0","29.00","24.50","null","45.79439",""
"4648","Crackers - Soda / Saltins","Graham and Sons","null","null","null","null","null","null","null","null","null","null","null",""
"4649","Crackers - Soda / Saltins","Graham and Sons","null","2019","1","1.0000","27.00","1","0","16.27","10.73","null","39.74074",""
"4650","Pastry - Baked Cinnamon Stick","Graham and Sons","null","null","null","null","null","null","null","null","null","null","null",""
"4651","Pastry - Baked Cinnamon Stick","Graham and Sons","null","null","null","null","null","null","null","null","null","null","null",""
"4652","Crawfish","Graham and Sons","null","null","null","null","null","null","null","null","null","null","null",""
"4653","Crawfish","Graham and Sons","null","2019","1","3.0000","172.10","3","0","103.23","68.87","null","40.01743",""
"4654","ORGANIC Shiitake 5lbs/cs (L)","Graham and Sons","null","null","null","null","null","null","null","null","null","null","null",""
"4655","ORGANIC Shiitake 5lbs/cs (L)","Graham and Sons","null","null","null","null","null","null","null","null","null","null","null",""
"4656","ORGANIC Shiitake 5lbs/cs (L)","Graham and Sons","null","2019","2","4.0000","228.80","4","0","138.32","90.48","null","39.54545",""
"4657","ORGANIC Shiitake 5lbs/cs (L)","Graham and Sons","null","null","null","null","null","null","null","null","null","null","null",""
"4658","ORGANIC Shiitake 5lbs/cs (L)","Graham and Sons","null","2019","3","3.0000","171.60","3","0","104.26","67.34","null","39.24242",""
"4659","ORGANIC Shiitake 5lbs/cs (L)","Graham and Sons","null","2019","4","3.0000","171.60","3","0","108.79","62.81","null","36.60256",""
"4660","ORGANIC Shiitake 5lbs/cs (L)","Graham and Sons","null","2019","5","3.0000","171.60","3","0","111.15","60.45","null","35.22727",""
"4661","ORGANIC Shiitake 5lbs/cs (L)","Graham and Sons","null","2019","6","3.0000","171.60","3","0","112.82","58.78","null","34.25408",""
"4662","Pomegranates","Graham and Sons","null","null","null","null","null","null","null","null","null","null","null",""
"4663","Pomegranates","Graham and Sons","null","2019","5","3.0000","75.00","1","0","39.70","35.30","null","47.06667",""
"4664","Bread - Malt","Graham and Sons","null","null","null","null","null","null","null","null","null","null","null",""
"4665","Bread - Malt","Graham and Sons","null","null","null","null","null","null","null","null","null","null","null",""
"4666","Bread - Malt","Graham and Sons","null","2019","6","12.0000","147.00","3","0","158.81","-11.81","null","-8.03401",""
"4667","Bread - Malt","Graham and Sons","null","null","null","null","null","null","null","null","null","null","null",""
"4668","Wine - Semi Dry Riesling Vineland","Graham and Sons","null","null","null","null","null","null","null","null","null","null","null",""
"4669","Wine - Semi Dry Riesling Vineland","Graham and Sons","null","2019","1","4.0000","66.00","4","0","28.04","37.96","null","57.51515",""
"4670","Wine - Sawmill Creek Autumn","Graham and Sons","null","null","null","null","null","null","null","null","null","null","null",""
"4671","Wine - Sawmill Creek Autumn","Graham and Sons","null","null","null","null","null","null","null","null","null","null","null",""
"4672","Wine - Sawmill Creek Autumn","Graham and Sons","null","2019","2","4.0000","66.00","4","0","28.04","37.96","null","57.51515",""
"4673","Wine - Sawmill Creek Autumn","Graham and Sons","null","null","null","null","null","null","null","null","null","null","null",""
"4674","Wine - Sawmill Creek Autumn","Graham and Sons","null","2019","3","5.0000","82.50","5","0","35.05","47.45","null","57.51515",""
"4675","Wine - Sawmill Creek Autumn","Graham and Sons","null","2019","4","4.0000","66.00","3","0","28.05","37.95","null","57.50000",""
"4676","Wine - Sawmill Creek Autumn","Graham and Sons","null","2019","5","5.0000","82.50","5","0","35.05","47.45","null","57.51515",""
"4677","Wine - Sawmill Creek Autumn","Graham and Sons","null","2019","6","4.0000","66.00","4","0","28.04","37.96","null","57.51515",""
"4678","Icecream Cone - Areo Chocolate","Graham and Sons","null","null","null","null","null","null","null","null","null","null","null",""
"4679","Icecream Cone - Areo Chocolate","Graham and Sons","null","2019","5","2.0000","45.00","2","0","13.48","31.52","null","70.04444",""
"4680","Cheese - Camembert","Graham and Sons","null","null","null","null","null","null","null","null","null","null","null",""
"4681","Cheese - Camembert","Graham and Sons","null","null","null","null","null","null","null","null","null","null","null",""
"4682","Cheese - Camembert","Graham and Sons","null","2019","6","3.0000","67.50","3","0","20.22","47.28","null","70.04444",""
"4683","Cheese - Camembert","Graham and Sons","null","null","null","null","null","null","null","null","null","null","null",""
"4684","Cherries - Fresh","Graham and Sons","null","null","null","null","null","null","null","null","null","null","null",""
"4685","Cherries - Fresh","Graham and Sons","null","2019","1","1.0000","30.00","1","0","3.12","26.88","null","89.60000",""
"4686","Sea Bass - Fillets","Graham and Sons","null","null","null","null","null","null","null","null","null","null","null",""
"4687","Sea Bass - Fillets","Graham and Sons","null","null","null","null","null","null","null","null","null","null","null",""
"4688","Ginger - Crystalized","Graham and Sons","null","null","null","null","null","null","null","null","null","null","null",""
"4689","Ginger - Crystalized","Graham and Sons","null","2019","1","1.0000","37.00","1","0","18.27","18.73","null","50.62162",""
"4690","Raisin - Dark","Graham and Sons","null","null","null","null","null","null","null","null","null","null","null",""
"4691","Raisin - Dark","Graham and Sons","null","null","null","null","null","null","null","null","null","null","null",""
"4692","Sugar - Sweet N Low, Individual","Graham and Sons","null","null","null","null","null","null","null","null","null","null","null",""
"4693","Sugar - Sweet N Low, Individual","Graham and Sons","null","2019","1","1.0000","29.50","1","0","9.96","19.54","null","66.23729",""
"4694","Onions - Vidalia","Graham and Sons","null","null","null","null","null","null","null","null","null","null","null",""
"4695","Onions - Vidalia","Graham and Sons","null","null","null","null","null","null","null","null","null","null","null",""
"4696","Sage Derby","Graham and Sons","null","null","null","null","null","null","null","null","null","null","null",""
"4697","Sage Derby","Graham and Sons","null","2019","1","1.0000","44.80","1","0","17.64","27.16","null","60.62500",""
"4698","Cheese - Camembert","Graham and Sons","null","null","null","null","null","null","null","null","null","null","null",""
"4699","Cheese - Camembert","Graham and Sons","null","null","null","null","null","null","null","null","null","null","null",""
"4700","Soup - French Can Pea","Graham and Sons","null","null","null","null","null","null","null","null","null","null","null",""
"4701","Soup - French Can Pea","Graham and Sons","null","2019","1","1.0000","25.00","1","0","13.98","11.02","null","44.08000",""
"4702","Ice Cream Bar - Hagen Daz","Graham and Sons","null","null","null","null","null","null","null","null","null","null","null",""
"4703","Ice Cream Bar - Hagen Daz","Graham and Sons","null","null","null","null","null","null","null","null","null","null","null",""
"4704","Rye Special Old","Graham and Sons","null","null","null","null","null","null","null","null","null","null","null",""
"4705","Rye Special Old","Graham and Sons","null","2019","1","1.0000","21.00","1","0","13.25","7.75","null","36.90476",""
"4706","Fresh Cape Gooseberries 12 pp/cs","Graham and Sons","null","null","null","null","null","null","null","null","null","null","null",""
"4707","Fresh Cape Gooseberries 12 pp/cs","Graham and Sons","null","null","null","null","null","null","null","null","null","null","null",""
"4708","Fresh Cape Gooseberries 12 pp/cs","Graham and Sons","null","2019","3","1.0000","21.00","1","0","13.51","7.49","null","35.66667",""
"4709","Fresh Cape Gooseberries 12 pp/cs","Graham and Sons","null","null","null","null","null","null","null","null","null","null","null",""
"4710","null","null","Customer Total:","null","null","null","6,594.39","null","null","4,237.61","null","null","null",""
"4711","Fresh Cape Gooseberries 12 pp/cs","Graham and Sons","null","null","null","null","null","null","null","null","null","null","null",""
"4712","Fresh Cape Gooseberries 12 pp/cs","Howe Inc","null","null","null","null","null","null","null","null","null","null","null",""
"4713","Tamarind Paste","Howe Inc","null","null","null","null","null","null","null","null","null","null","null",""
"4714","Tamarind Paste","Howe Inc","null","2019","1","1.0000","14.00","1","0","5.43","8.57","null","61.21429",""
"4715","Fresh Baby Bellas 6x227g","Howe Inc","null","null","null","null","null","null","null","null","null","null","null",""
"4716","Fresh Baby Bellas 6x227g","Howe Inc","null","null","null","null","null","null","null","null","null","null","null",""
"4717","Soupcontfoam16oz 116con","Howe Inc","null","null","null","null","null","null","null","null","null","null","null",""
"4718","Soupcontfoam16oz 116con","Howe Inc","null","2019","1","3.0000","105.75","1","0","51.82","53.93","null","50.99764",""
"4719","Lime Cordial - Roses","Howe Inc","null","null","null","null","null","null","null","null","null","null","null",""
"4720","Lime Cordial - Roses","Howe Inc","null","null","null","null","null","null","null","null","null","null","null",""
"4721","Higashimaru Usukuchi Soy","Howe Inc","null","null","null","null","null","null","null","null","null","null","null",""
"4722","Higashimaru Usukuchi Soy","Howe Inc","null","2019","1","3.0000","78.00","1","0","66.14","11.86","null","15.20513",""
"4723","King Oyster 14x300g/cs","Howe Inc","null","null","null","null","null","null","null","null","null","null","null",""
"4724","King Oyster 14x300g/cs","Howe Inc","null","null","null","null","null","null","null","null","null","null","null",""
"4725","Pears - Bartlett","Howe Inc","null","null","null","null","null","null","null","null","null","null","null",""
"4726","Pears - Bartlett","Howe Inc","null","2019","1","4.0000","125.40","2","0","59.78","65.62","null","52.32855",""
"4727","Garbage Bag - Clear","Howe Inc","null","null","null","null","null","null","null","null","null","null","null",""
"4728","Garbage Bag - Clear","Howe Inc","null","null","null","null","null","null","null","null","null","null","null",""
"4729","Garbage Bag - Clear","Howe Inc","null","2019","2","4.0000","105.60","2","0","59.77","45.83","null","43.39962",""
"4730","Garbage Bag - Clear","Howe Inc","null","null","null","null","null","null","null","null","null","null","null",""
"4731","Garbage Bag - Clear","Howe Inc","null","2019","3","7.0000","188.00","4","0","104.60","83.40","null","44.36170",""
"4732","Garbage Bag - Clear","Howe Inc","null","2019","4","3.0000","88.05","2","0","44.83","43.22","null","49.08575",""
"4733","Garbage Bag - Clear","Howe Inc","null","2019","5","10.0000","264.00","5","0","149.44","114.56","null","43.39394",""
"4734","Garbage Bag - Clear","Howe Inc","null","2019","6","8.0000","211.20","3","0","119.54","91.66","null","43.39962",""
"4735","Beef - Bones, Marrow","Howe Inc","null","null","null","null","null","null","null","null","null","null","null",""
"4736","Beef - Bones, Marrow","Howe Inc","null","2019","1","3.0000","203.28","2","0","85.00","118.28","null","58.18575",""
"4737","Lamb - Ground","Howe Inc","null","null","null","null","null","null","null","null","null","null","null",""
"4738","Lamb - Ground","Howe Inc","null","null","null","null","null","null","null","null","null","null","null",""
"4739","Lamb - Ground","Howe Inc","null","2019","2","2.0000","135.52","1","0","65.01","70.51","null","52.02922",""
"4740","Lamb - Ground","Howe Inc","null","null","null","null","null","null","null","null","null","null","null",""
"4741","Lamb - Ground","Howe Inc","null","2019","4","2.0000","135.52","1","0","65.64","69.88","null","51.56434",""
"4742","Hand Towel","Howe Inc","null","null","null","null","null","null","null","null","null","null","null",""
"4743","Hand Towel","Howe Inc","null","2019","1","4.0000","89.00","3","0","109.96","-20.96","null","-23.55056",""
"4744","Bulgar","Howe Inc","null","null","null","null","null","null","null","null","null","null","null",""
"4745","Bulgar","Howe Inc","null","null","null","null","null","null","null","null","null","null","null",""
"4746","Bulgar","Howe Inc","null","2019","2","2.0000","66.75","3","1","58.02","-13.52","null","-30.38202",""
"4747","Bulgar","Howe Inc","null","null","null","null","null","null","null","null","null","null","null",""
"4748","Bulgar","Howe Inc","null","2019","3","2.0000","93.00","2","0","59.66","33.34","null","35.84946",""
"4749","Bulgar","Howe Inc","null","2019","4","3.0000","112.25","3","0","90.98","21.27","null","18.94878",""
"4750","Bulgar","Howe Inc","null","2019","5","1.0000","45.00","1","0","30.36","14.64","null","32.53333",""
"4751","Bulgar","Howe Inc","null","2019","6","1.0000","22.25","1","0","29.93","-7.68","null","-34.51685",""
"4752","Tomatoes","Howe Inc","null","null","null","null","null","null","null","null","null","null","null",""
"4753","Tomatoes","Howe Inc","null","2019","3","1.0000","26.40","1","0","4.01","22.39","null","84.81061",""
"4754","Chinese Foods - Plain Fried Rice","Howe Inc","null","null","null","null","null","null","null","null","null","null","null",""
"4755","Chinese Foods - Plain Fried Rice","Howe Inc","null","null","null","null","null","null","null","null","null","null","null",""
"4756","Chinese Foods - Plain Fried Rice","Howe Inc","null","2019","5","1.0000","26.40","1","0","4.01","22.39","null","84.81061",""
"4757","Chinese Foods - Plain Fried Rice","Howe Inc","null","null","null","null","null","null","null","null","null","null","null",""
"4758","Chinese Foods - Plain Fried Rice","Howe Inc","null","2019","6","1.0000","26.40","1","0","4.01","22.39","null","84.81061",""
"4759","Flour - Buckwheat, Dark","Howe Inc","null","null","null","null","null","null","null","null","null","null","null",""
"4760","Flour - Buckwheat, Dark","Howe Inc","null","2019","1","0.0000","0.00","1","0","0.00","0.00","null","0.00000",""
"4761","Fiddlehead - Frozen","Howe Inc","null","null","null","null","null","null","null","null","null","null","null",""
"4762","Fiddlehead - Frozen","Howe Inc","null","null","null","null","null","null","null","null","null","null","null",""
"4763","Fiddlehead - Frozen","Howe Inc","null","2019","2","3.0000","96.00","3","0","87.31","8.69","null","9.05208",""
"4764","Fiddlehead - Frozen","Howe Inc","null","null","null","null","null","null","null","null","null","null","null",""
"4765","Fiddlehead - Frozen","Howe Inc","null","2019","4","2.0000","64.00","2","0","59.98","4.02","null","6.28125",""
"4766","Fiddlehead - Frozen","Howe Inc","null","2019","6","1.0000","32.00","1","0","30.29","1.71","null","5.34375",""
"4767","Mix Pina Colada","Howe Inc","null","null","null","null","null","null","null","null","null","null","null",""
"4768","Mix Pina Colada","Howe Inc","null","2019","3","1.0000","25.85","1","0","3.88","21.97","null","84.99033",""
"4769","Lidsoupcont Rp12dn","Howe Inc","null","null","null","null","null","null","null","null","null","null","null",""
"4770","Lidsoupcont Rp12dn","Howe Inc","null","null","null","null","null","null","null","null","null","null","null",""
"4771","Lidsoupcont Rp12dn","Howe Inc","null","2019","5","1.0000","25.85","1","0","3.88","21.97","null","84.99033",""
"4772","Lidsoupcont Rp12dn","Howe Inc","null","null","null","null","null","null","null","null","null","null","null",""
"4773","Wine - Shiraz South Eastern","Howe Inc","null","null","null","null","null","null","null","null","null","null","null",""
"4774","Wine - Shiraz South Eastern","Howe Inc","null","2019","1","6.0000","83.50","5","0","34.56","48.94","null","58.61078",""
"4775","Juice - Lemon","Howe Inc","null","null","null","null","null","null","null","null","null","null","null",""
"4776","Juice - Lemon","Howe Inc","null","null","null","null","null","null","null","null","null","null","null",""
"4777","Juice - Lemon","Howe Inc","null","2019","2","2.0000","27.50","2","0","11.52","15.98","null","58.10909",""
"4778","Juice - Lemon","Howe Inc","null","null","null","null","null","null","null","null","null","null","null",""
"4779","Juice - Lemon","Howe Inc","null","2019","3","4.0000","56.00","4","0","23.04","32.96","null","58.85714",""
"4780","Juice - Lemon","Howe Inc","null","2019","4","4.0000","56.00","4","0","23.04","32.96","null","58.85714",""
"4781","Juice - Lemon","Howe Inc","null","2019","5","5.0000","70.00","5","0","28.80","41.20","null","58.85714",""
"4782","Juice - Lemon","Howe Inc","null","2019","6","4.0000","56.00","4","0","23.04","32.96","null","58.85714",""
"4783","Octopus","Howe Inc","null","null","null","null","null","null","null","null","null","null","null",""
"4784","Octopus","Howe Inc","null","2019","1","5.0000","60.00","5","0","29.90","30.10","null","50.16667",""
"4785","V8 - Vegetable Cocktail","Howe Inc","null","null","null","null","null","null","null","null","null","null","null",""
"4786","V8 - Vegetable Cocktail","Howe Inc","null","null","null","null","null","null","null","null","null","null","null",""
"4787","V8 - Vegetable Cocktail","Howe Inc","null","2019","2","3.0000","37.14","3","0","17.94","19.20","null","51.69628",""
"4788","V8 - Vegetable Cocktail","Howe Inc","null","null","null","null","null","null","null","null","null","null","null",""
"4789","V8 - Vegetable Cocktail","Howe Inc","null","2019","3","4.0000","48.00","4","0","23.92","24.08","null","50.16667",""
"4790","V8 - Vegetable Cocktail","Howe Inc","null","2019","4","3.0000","37.38","2","0","17.93","19.45","null","52.03317",""
"4791","Cape Capensis - Fillet","Howe Inc","null","null","null","null","null","null","null","null","null","null","null",""
"4792","Cape Capensis - Fillet","Howe Inc","null","2019","1","6.0000","76.00","5","0","58.73","17.27","null","22.72368",""
"4793","Roe - White Fish","Howe Inc","null","null","null","null","null","null","null","null","null","null","null",""
"4794","Roe - White Fish","Howe Inc","null","null","null","null","null","null","null","null","null","null","null",""
"4795","Roe - White Fish","Howe Inc","null","2019","2","5.0000","61.27","4","0","48.94","12.33","null","20.12404",""
"4796","Roe - White Fish","Howe Inc","null","null","null","null","null","null","null","null","null","null","null",""
"4797","Roe - White Fish","Howe Inc","null","2019","3","4.0000","52.00","3","0","39.01","12.99","null","24.98077",""
"4798","Roe - White Fish","Howe Inc","null","2019","4","4.0000","50.76","3","0","38.32","12.44","null","24.50749",""
"4799","Roe - White Fish","Howe Inc","null","2019","5","8.0000","104.00","5","0","78.01","25.99","null","24.99038",""
"4800","Roe - White Fish","Howe Inc","null","2019","6","5.0000","65.00","4","0","49.00","16.00","null","24.61538",""
"4801","Coffee - Espresso","Howe Inc","null","null","null","null","null","null","null","null","null","null","null",""
"4802","Coffee - Espresso","Howe Inc","null","2019","1","4.0000","66.00","4","0","22.08","43.92","null","66.54545",""
"4803","Trout - Hot Smkd, Dbl Fillet","Howe Inc","null","null","null","null","null","null","null","null","null","null","null",""
"4804","Trout - Hot Smkd, Dbl Fillet","Howe Inc","null","null","null","null","null","null","null","null","null","null","null",""
"4805","Trout - Hot Smkd, Dbl Fillet","Howe Inc","null","2019","2","4.0000","63.44","4","0","22.08","41.36","null","65.19546",""
"4806","Trout - Hot Smkd, Dbl Fillet","Howe Inc","null","null","null","null","null","null","null","null","null","null","null",""
"4807","Trout - Hot Smkd, Dbl Fillet","Howe Inc","null","2019","3","3.0000","49.50","3","0","16.56","32.94","null","66.54545",""
"4808","Trout - Hot Smkd, Dbl Fillet","Howe Inc","null","2019","4","4.0000","66.00","4","0","22.08","43.92","null","66.54545",""
"4809","Trout - Hot Smkd, Dbl Fillet","Howe Inc","null","2019","5","5.0000","82.50","5","0","27.60","54.90","null","66.54545",""
"4810","Trout - Hot Smkd, Dbl Fillet","Howe Inc","null","2019","6","3.0000","49.50","3","0","16.56","32.94","null","66.54545",""
"4811","Beef - Baby, Liver","Howe Inc","null","null","null","null","null","null","null","null","null","null","null",""
"4812","Beef - Baby, Liver","Howe Inc","null","2019","1","5.0000","100.00","4","0","45.69","54.31","null","54.31000",""
"4813","Muffin - Mix - Creme Brule 15l","Howe Inc","null","null","null","null","null","null","null","null","null","null","null",""
"4814","Muffin - Mix - Creme Brule 15l","Howe Inc","null","null","null","null","null","null","null","null","null","null","null",""
"4815","Muffin - Mix - Creme Brule 15l","Howe Inc","null","2019","2","3.0000","60.00","3","0","27.42","32.58","null","54.30000",""
"4816","Muffin - Mix - Creme Brule 15l","Howe Inc","null","null","null","null","null","null","null","null","null","null","null",""
"4817","Muffin - Mix - Creme Brule 15l","Howe Inc","null","2019","3","4.0000","80.00","4","0","36.56","43.44","null","54.30000",""
"4818","Muffin - Mix - Creme Brule 15l","Howe Inc","null","2019","4","3.0000","55.50","3","0","27.42","28.08","null","50.59459",""
"4819","Muffin - Mix - Creme Brule 15l","Howe Inc","null","2019","5","5.0000","91.00","5","0","45.70","45.30","null","49.78022",""
"4820","Muffin - Mix - Creme Brule 15l","Howe Inc","null","2019","6","4.0000","80.00","4","0","36.56","43.44","null","54.30000",""
"4821","Wine - Dubouef Macon - Villages","Howe Inc","null","null","null","null","null","null","null","null","null","null","null",""
"4822","Wine - Dubouef Macon - Villages","Howe Inc","null","2019","1","4.0000","52.00","4","0","22.08","29.92","null","57.53846",""
"4823","White Baguette","Howe Inc","null","null","null","null","null","null","null","null","null","null","null",""
"4824","White Baguette","Howe Inc","null","null","null","null","null","null","null","null","null","null","null",""
"4825","White Baguette","Howe Inc","null","2019","2","3.0000","37.90","3","0","16.56","21.34","null","56.30607",""
"4826","White Baguette","Howe Inc","null","null","null","null","null","null","null","null","null","null","null",""
"4827","White Baguette","Howe Inc","null","2019","3","3.0000","39.00","3","0","16.56","22.44","null","57.53846",""
"4828","White Baguette","Howe Inc","null","2019","4","4.0000","54.25","4","0","22.08","32.17","null","59.29954",""
"4829","White Baguette","Howe Inc","null","2019","5","4.0000","55.00","3","0","22.07","32.93","null","59.87273",""
"4830","White Baguette","Howe Inc","null","2019","6","2.0000","26.00","2","0","11.04","14.96","null","57.53846",""
"4831","Crawfish","Howe Inc","null","null","null","null","null","null","null","null","null","null","null",""
"4832","Crawfish","Howe Inc","null","2019","4","2.0000","114.40","1","0","73.21","41.19","null","36.00524",""
"4833","ORGANIC Shiitake 5lbs/cs (L)","Howe Inc","null","null","null","null","null","null","null","null","null","null","null",""
"4834","ORGANIC Shiitake 5lbs/cs (L)","Howe Inc","null","null","null","null","null","null","null","null","null","null","null",""
"4835","Wine - Prem Select Charddonany","Howe Inc","null","null","null","null","null","null","null","null","null","null","null",""
"4836","Wine - Prem Select Charddonany","Howe Inc","null","2019","1","5.0000","100.35","4","0","46.81","53.54","null","53.35326",""
"4837","Juice - Apple, 1.36l","Howe Inc","null","null","null","null","null","null","null","null","null","null","null",""
"4838","Juice - Apple, 1.36l","Howe Inc","null","null","null","null","null","null","null","null","null","null","null",""
"4839","Juice - Apple, 1.36l","Howe Inc","null","2019","2","6.0000","116.80","4","0","56.18","60.62","null","51.90068",""
"4840","Juice - Apple, 1.36l","Howe Inc","null","null","null","null","null","null","null","null","null","null","null",""
"4841","Juice - Apple, 1.36l","Howe Inc","null","2019","3","5.0000","100.00","3","0","46.82","53.18","null","53.18000",""
"4842","Juice - Apple, 1.36l","Howe Inc","null","2019","4","5.0000","102.00","4","0","46.81","55.19","null","54.10784",""
"4843","Juice - Apple, 1.36l","Howe Inc","null","2019","5","6.0000","122.00","4","0","56.18","65.82","null","53.95082",""
"4844","Juice - Apple, 1.36l","Howe Inc","null","2019","6","3.0000","60.00","2","0","28.09","31.91","null","53.18333",""
"4845","Wine - Semi Dry Riesling Vineland","Howe Inc","null","null","null","null","null","null","null","null","null","null","null",""
"4846","Wine - Semi Dry Riesling Vineland","Howe Inc","null","2019","1","5.0000","82.50","5","0","35.05","47.45","null","57.51515",""
"4847","Wine - Sawmill Creek Autumn","Howe Inc","null","null","null","null","null","null","null","null","null","null","null",""
"4848","Wine - Sawmill Creek Autumn","Howe Inc","null","null","null","null","null","null","null","null","null","null","null",""
"4849","Wine - Sawmill Creek Autumn","Howe Inc","null","2019","2","4.0000","64.25","4","0","28.04","36.21","null","56.35798",""
"4850","Wine - Sawmill Creek Autumn","Howe Inc","null","null","null","null","null","null","null","null","null","null","null",""
"4851","Wine - Sawmill Creek Autumn","Howe Inc","null","2019","3","3.0000","49.50","3","0","21.03","28.47","null","57.51515",""
"4852","Wine - Sawmill Creek Autumn","Howe Inc","null","2019","4","2.0000","33.00","2","0","14.02","18.98","null","57.51515",""
"4853","Wine - Sawmill Creek Autumn","Howe Inc","null","2019","5","3.0000","49.50","3","0","21.03","28.47","null","57.51515",""
"4854","Wine - Sawmill Creek Autumn","Howe Inc","null","2019","6","3.0000","49.50","3","0","21.03","28.47","null","57.51515",""
"4855","Icecream Cone - Areo Chocolate","Howe Inc","null","null","null","null","null","null","null","null","null","null","null",""
"4856","Icecream Cone - Areo Chocolate","Howe Inc","null","2019","1","6.0000","140.48","5","0","41.72","98.76","null","70.30182",""
"4857","Cheese - Camembert","Howe Inc","null","null","null","null","null","null","null","null","null","null","null",""
"4858","Cheese - Camembert","Howe Inc","null","null","null","null","null","null","null","null","null","null","null",""
"4859","Cheese - Camembert","Howe Inc","null","2019","2","5.0000","128.42","4","0","33.70","94.72","null","73.75798",""
"4860","Cheese - Camembert","Howe Inc","null","null","null","null","null","null","null","null","null","null","null",""
"4861","Cheese - Camembert","Howe Inc","null","2019","3","5.0000","97.50","4","0","33.70","63.80","null","65.43590",""
"4862","Cheese - Camembert","Howe Inc","null","2019","4","3.0000","67.50","2","0","20.22","47.28","null","70.04444",""
"4863","Cheese - Camembert","Howe Inc","null","2019","5","6.0000","132.00","5","0","40.44","91.56","null","69.36364",""
"4864","Cheese - Camembert","Howe Inc","null","2019","6","4.0000","78.00","4","0","26.96","51.04","null","65.43590",""
"4865","Bread Country Roll","Howe Inc","null","null","null","null","null","null","null","null","null","null","null",""
"4866","Bread Country Roll","Howe Inc","null","2019","1","5.0000","130.15","5","0","62.27","67.88","null","52.15521",""
"4867","Juice - Apple Cider","Howe Inc","null","null","null","null","null","null","null","null","null","null","null",""
"4868","Juice - Apple Cider","Howe Inc","null","null","null","null","null","null","null","null","null","null","null",""
"4869","Juice - Apple Cider","Howe Inc","null","2019","2","5.0000","156.85","4","0","62.31","94.54","null","60.27415",""
"4870","Juice - Apple Cider","Howe Inc","null","null","null","null","null","null","null","null","null","null","null",""
"4871","Juice - Apple Cider","Howe Inc","null","2019","3","4.0000","88.00","3","0","49.85","38.15","null","43.35227",""
"4872","Juice - Apple Cider","Howe Inc","null","2019","4","5.0000","106.00","4","0","62.31","43.69","null","41.21698",""
"4873","Juice - Apple Cider","Howe Inc","null","2019","5","5.0000","105.00","4","0","62.31","42.69","null","40.65714",""
"4874","Juice - Apple Cider","Howe Inc","null","2019","6","4.0000","88.00","4","0","49.84","38.16","null","43.36364",""
"4875","Hot Chocolate - Individual","Howe Inc","null","null","null","null","null","null","null","null","null","null","null",""
"4876","Hot Chocolate - Individual","Howe Inc","null","2019","1","4.0000","147.00","1","0","47.41","99.59","null","67.74830",""
"4877","Cucumber - Pickling Ontario","Howe Inc","null","null","null","null","null","null","null","null","null","null","null",""
"4878","Cucumber - Pickling Ontario","Howe Inc","null","null","null","null","null","null","null","null","null","null","null",""
"4879","Sugar - Sweet N Low, Individual","Howe Inc","null","null","null","null","null","null","null","null","null","null","null",""
"4880","Sugar - Sweet N Low, Individual","Howe Inc","null","2019","1","1.0000","25.85","1","0","9.88","15.97","null","61.77950",""
"4881","Onions - Vidalia","Howe Inc","null","null","null","null","null","null","null","null","null","null","null",""
"4882","Onions - Vidalia","Howe Inc","null","null","null","null","null","null","null","null","null","null","null",""
"4883","Onions - Vidalia","Howe Inc","null","2019","2","1.0000","34.10","1","0","9.88","24.22","null","71.02639",""
"4884","Onions - Vidalia","Howe Inc","null","null","null","null","null","null","null","null","null","null","null",""
"4885","Onions - Vidalia","Howe Inc","null","2019","3","1.0000","34.10","1","0","9.88","24.22","null","71.02639",""
"4886","Onions - Vidalia","Howe Inc","null","2019","4","1.0000","34.10","1","0","9.88","24.22","null","71.02639",""
"4887","Onions - Vidalia","Howe Inc","null","2019","6","1.0000","34.10","1","0","9.88","24.22","null","71.02639",""
"4888","Sage Derby","Howe Inc","null","null","null","null","null","null","null","null","null","null","null",""
"4889","Sage Derby","Howe Inc","null","2019","1","1.0000","39.60","1","0","18.73","20.87","null","52.70202",""
"4890","Cheese - Camembert","Howe Inc","null","null","null","null","null","null","null","null","null","null","null",""
"4891","Cheese - Camembert","Howe Inc","null","null","null","null","null","null","null","null","null","null","null",""
"4892","Cheese - Oka","Howe Inc","null","null","null","null","null","null","null","null","null","null","null",""
"4893","Cheese - Oka","Howe Inc","null","2019","1","1.0000","95.00","1","0","42.10","52.90","null","55.68421",""
"4894","Truffle Shells - White Chocolate","Howe Inc","null","null","null","null","null","null","null","null","null","null","null",""
"4895","Truffle Shells - White Chocolate","Howe Inc","null","null","null","null","null","null","null","null","null","null","null",""
"4896","Tofu - Soft","Howe Inc","null","null","null","null","null","null","null","null","null","null","null",""
"4897","Tofu - Soft","Howe Inc","null","2019","1","2.0000","210.00","1","0","149.95","60.05","null","28.59524",""
"4898","Dried Matsutake 1lb","Howe Inc","null","null","null","null","null","null","null","null","null","null","null",""
"4899","Dried Matsutake 1lb","Howe Inc","null","null","null","null","null","null","null","null","null","null","null",""
"4900","Soup - French Can Pea","Howe Inc","null","null","null","null","null","null","null","null","null","null","null",""
"4901","Soup - French Can Pea","Howe Inc","null","2019","1","1.0000","25.00","1","0","13.98","11.02","null","44.08000",""
"4902","Ice Cream Bar - Hagen Daz","Howe Inc","null","null","null","null","null","null","null","null","null","null","null",""
"4903","Ice Cream Bar - Hagen Daz","Howe Inc","null","null","null","null","null","null","null","null","null","null","null",""
"4904","Ice Cream Bar - Hagen Daz","Howe Inc","null","2019","3","1.0000","23.93","1","0","13.98","9.95","null","41.57961",""
"4905","Ice Cream Bar - Hagen Daz","Howe Inc","null","null","null","null","null","null","null","null","null","null","null",""
"4906","Ice Cream Bar - Hagen Daz","Howe Inc","null","2019","6","1.0000","23.93","1","0","13.98","9.95","null","41.57961",""
"4907","Yogurt - Peach, 175 Gr","Howe Inc","null","null","null","null","null","null","null","null","null","null","null",""
"4908","Yogurt - Peach, 175 Gr","Howe Inc","null","2019","1","10.0000","336.25","2","0","183.02","153.23","null","45.57026",""
"4909","Strawberries - California","Howe Inc","null","null","null","null","null","null","null","null","null","null","null",""
"4910","Strawberries - California","Howe Inc","null","null","null","null","null","null","null","null","null","null","null",""
"4911","Strawberries - California","Howe Inc","null","2019","2","3.0000","368.00","2","1","62.36","168.14","null","72.94577",""
"4912","Strawberries - California","Howe Inc","null","null","null","null","null","null","null","null","null","null","null",""
"4913","Strawberries - California","Howe Inc","null","2019","3","2.0000","77.75","2","0","42.74","35.01","null","45.02894",""
"4914","Sauce Bbq Smokey","Howe Inc","null","null","null","null","null","null","null","null","null","null","null",""
"4915","Sauce Bbq Smokey","Howe Inc","null","2019","1","2.0000","114.00","1","0","80.66","33.34","null","29.24561",""
"4916","Langers - Mango Nectar","Howe Inc","null","null","null","null","null","null","null","null","null","null","null",""
"4917","Langers - Mango Nectar","Howe Inc","null","null","null","null","null","null","null","null","null","null","null",""
"4918","Langers - Mango Nectar","Howe Inc","null","2019","4","2.0000","139.00","1","0","80.66","58.34","null","41.97122",""
"4919","Langers - Mango Nectar","Howe Inc","null","null","null","null","null","null","null","null","null","null","null",""
"4920","Langers - Mango Nectar","Howe Inc","null","2019","5","6.0000","417.00","4","0","241.98","175.02","null","41.97122",""
"4921","Pepper - Red Thai","Howe Inc","null","null","null","null","null","null","null","null","null","null","null",""
"4922","Pepper - Red Thai","Howe Inc","null","2019","1","8.0000","127.00","4","0","44.69","82.31","null","64.81102",""
"4923","Macaroons - Two Bite Choc","Howe Inc","null","null","null","null","null","null","null","null","null","null","null",""
"4924","Macaroons - Two Bite Choc","Howe Inc","null","null","null","null","null","null","null","null","null","null","null",""
"4925","Macaroons - Two Bite Choc","Howe Inc","null","2019","2","3.0000","52.50","1","0","16.55","35.95","null","68.47619",""
"4926","Macaroons - Two Bite Choc","Howe Inc","null","null","null","null","null","null","null","null","null","null","null",""
"4927","Macaroons - Two Bite Choc","Howe Inc","null","2019","3","8.0000","124.00","4","0","44.13","79.87","null","64.41129",""
"4928","Macaroons - Two Bite Choc","Howe Inc","null","2019","4","2.0000","31.00","1","0","11.03","19.97","null","64.41935",""
"4929","Macaroons - Two Bite Choc","Howe Inc","null","2019","6","1.0000","15.50","1","0","5.52","9.98","null","64.38710",""
"4930","Cranberries - Frozen","Howe Inc","null","null","null","null","null","null","null","null","null","null","null",""
"4931","Cranberries - Frozen","Howe Inc","null","2019","2","2.0000","52.50","1","0","18.52","33.98","null","64.72381",""
"4932","V8 Pet","Howe Inc","null","null","null","null","null","null","null","null","null","null","null",""
"4933","V8 Pet","Howe Inc","null","null","null","null","null","null","null","null","null","null","null",""
"4934","Muffin Mix - Lemon Cranberry","Howe Inc","null","null","null","null","null","null","null","null","null","null","null",""
"4935","Muffin Mix - Lemon Cranberry","Howe Inc","null","2019","1","1.0000","18.98","1","0","6.49","12.49","null","65.80611",""
"4936","Plasticknivesblack","Howe Inc","null","null","null","null","null","null","null","null","null","null","null",""
"4937","Plasticknivesblack","Howe Inc","null","null","null","null","null","null","null","null","null","null","null",""
"4938","Plasticknivesblack","Howe Inc","null","2019","2","2.0000","37.96","1","0","12.97","24.99","null","65.83246",""
"4939","Plasticknivesblack","Howe Inc","null","null","null","null","null","null","null","null","null","null","null",""
"4940","Plasticknivesblack","Howe Inc","null","2019","3","2.0000","38.00","1","0","12.97","25.03","null","65.86842",""
"4941","Plasticknivesblack","Howe Inc","null","2019","4","2.0000","37.96","2","0","12.98","24.98","null","65.80611",""
"4942","Plasticknivesblack","Howe Inc","null","2019","5","2.0000","37.96","2","0","12.98","24.98","null","65.80611",""
"4943","Plasticknivesblack","Howe Inc","null","2019","6","3.0000","56.94","3","0","19.47","37.47","null","65.80611",""
"4944","Rye Special Old","Howe Inc","null","null","null","null","null","null","null","null","null","null","null",""
"4945","Rye Special Old","Howe Inc","null","2019","1","6.0000","126.00","3","0","80.92","45.08","null","35.77778",""
"4946","Fresh Cape Gooseberries 12 pp/cs","Howe Inc","null","null","null","null","null","null","null","null","null","null","null",""
"4947","Fresh Cape Gooseberries 12 pp/cs","Howe Inc","null","null","null","null","null","null","null","null","null","null","null",""
"4948","Fresh Cape Gooseberries 12 pp/cs","Howe Inc","null","2019","2","5.0000","126.25","3","0","67.60","58.65","null","46.45545",""
"4949","Fresh Cape Gooseberries 12 pp/cs","Howe Inc","null","null","null","null","null","null","null","null","null","null","null",""
"4950","Fresh Cape Gooseberries 12 pp/cs","Howe Inc","null","2019","3","3.0000","63.00","2","0","40.52","22.48","null","35.68254",""
"4951","Fresh Cape Gooseberries 12 pp/cs","Howe Inc","null","2019","4","3.0000","71.50","3","0","40.50","31.00","null","43.35664",""
"4952","Fresh Cape Gooseberries 12 pp/cs","Howe Inc","null","2019","5","3.0000","75.75","2","0","29.71","46.04","null","60.77888",""
"4953","Fresh Cape Gooseberries 12 pp/cs","Howe Inc","null","2019","6","3.0000","63.00","3","0","38.82","24.18","null","38.38095",""
"4954","Wine - Cave Springs Dry Riesling","Howe Inc","null","null","null","null","null","null","null","null","null","null","null",""
"4955","Wine - Cave Springs Dry Riesling","Howe Inc","null","2019","1","1.0000","16.25","1","0","7.75","8.50","null","52.30769",""
"4956","IQF Huckleberries 1lb","Howe Inc","null","null","null","null","null","null","null","null","null","null","null",""
"4957","IQF Huckleberries 1lb","Howe Inc","null","null","null","null","null","null","null","null","null","null","null",""
"4958","Spice - Paprika","Howe Inc","null","null","null","null","null","null","null","null","null","null","null",""
"4959","Spice - Paprika","Howe Inc","null","2019","1","1.0000","10.75","1","0","4.26","6.49","null","60.37209",""
"4960","Jolt Cola - Electric Blue","Howe Inc","null","null","null","null","null","null","null","null","null","null","null",""
"4961","Jolt Cola - Electric Blue","Howe Inc","null","null","null","null","null","null","null","null","null","null","null",""
"4962","Jolt Cola - Electric Blue","Howe Inc","null","null","null","null","null","null","null","null","null","null","null",""
"4963","null","null","Customer Total:","null","null","null","10,176.82","null","null","5,064.94","null","null","null",""
"4964","Jolt Cola - Electric Blue","Howe Inc","null","null","null","null","null","null","null","null","null","null","null",""
"4965","Jolt Cola - Electric Blue","McLaughlin-Gleichner","null","null","null","null","null","null","null","null","null","null","null",""
"4966","Chambord Royal","McLaughlin-Gleichner","null","null","null","null","null","null","null","null","null","null","null",""
"4967","Chambord Royal","McLaughlin-Gleichner","null","2019","4","2.0000","34.10","1","0","17.65","16.45","null","48.24047",""
"4968","Fresh White Medium Mushroom 5lbs/cs","McLaughlin-Gleichner","null","null","null","null","null","null","null","null","null","null","null",""
"4969","Fresh White Medium Mushroom 5lbs/cs","McLaughlin-Gleichner","null","null","null","null","null","null","null","null","null","null","null",""
"4970","Tea - Earl Grey","McLaughlin-Gleichner","null","null","null","null","null","null","null","null","null","null","null",""
"4971","Tea - Earl Grey","McLaughlin-Gleichner","null","2019","1","60.0000","810.00","11","0","597.81","212.19","null","26.19630",""
"4972","Wine - Red, Metus Rose","McLaughlin-Gleichner","null","null","null","null","null","null","null","null","null","null","null",""
"4973","Wine - Red, Metus Rose","McLaughlin-Gleichner","null","null","null","null","null","null","null","null","null","null","null",""
"4974","Wine - Red, Metus Rose","McLaughlin-Gleichner","null","2019","2","47.0000","664.95","11","0","470.52","194.43","null","29.23979",""
"4975","Wine - Red, Metus Rose","McLaughlin-Gleichner","null","null","null","null","null","null","null","null","null","null","null",""
"4976","Wine - Red, Metus Rose","McLaughlin-Gleichner","null","2019","3","43.0000","635.80","12","1","434.94","159.61","null","26.84551",""
"4977","Wine - Red, Metus Rose","McLaughlin-Gleichner","null","2019","4","51.0000","762.00","11","3","509.43","209.82","null","29.17205",""
"4978","Wine - Red, Metus Rose","McLaughlin-Gleichner","null","2019","5","55.0000","783.75","8","0","547.00","236.75","null","30.20734",""
"4979","Wine - Red, Metus Rose","McLaughlin-Gleichner","null","2019","6","41.0000","584.25","8","0","407.71","176.54","null","30.21652",""
"4980","Trout - Rainbow, Frozen","McLaughlin-Gleichner","null","null","null","null","null","null","null","null","null","null","null",""
"4981","Trout - Rainbow, Frozen","McLaughlin-Gleichner","null","2019","1","93.0000","1,440.25","11","1","900.37","466.13","null","34.11123",""
"4982","Fresh Jumbo Cremini 5#/cs","McLaughlin-Gleichner","null","null","null","null","null","null","null","null","null","null","null",""
"4983","Fresh Jumbo Cremini 5#/cs","McLaughlin-Gleichner","null","null","null","null","null","null","null","null","null","null","null",""
"4984","Fresh Jumbo Cremini 5#/cs","McLaughlin-Gleichner","null","2019","2","100.0000","1,475.00","11","0","982.23","492.77","null","33.40814",""
"4985","Fresh Jumbo Cremini 5#/cs","McLaughlin-Gleichner","null","null","null","null","null","null","null","null","null","null","null",""
"4986","Fresh Jumbo Cremini 5#/cs","McLaughlin-Gleichner","null","2019","3","90.0000","1,327.50","12","0","881.48","446.02","null","33.59849",""
"4987","Fresh Jumbo Cremini 5#/cs","McLaughlin-Gleichner","null","2019","4","83.0000","1,425.00","11","1","813.62","456.38","null","35.93543",""
"4988","Fresh Jumbo Cremini 5#/cs","McLaughlin-Gleichner","null","2019","5","72.0000","1,240.00","8","1","694.69","421.31","null","37.75179",""
"4989","Fresh Jumbo Cremini 5#/cs","McLaughlin-Gleichner","null","2019","6","80.0000","1,240.00","8","0","783.18","456.82","null","36.84032",""
"4990","Beans - Kidney, Canned","McLaughlin-Gleichner","null","null","null","null","null","null","null","null","null","null","null",""
"4991","Beans - Kidney, Canned","McLaughlin-Gleichner","null","2019","1","1.0000","28.50","1","0","26.50","2.00","null","7.01754",""
"4992","Fresh Shiitake LOCAL - 5lbs","McLaughlin-Gleichner","null","null","null","null","null","null","null","null","null","null","null",""
"4993","Fresh Shiitake LOCAL - 5lbs","McLaughlin-Gleichner","null","null","null","null","null","null","null","null","null","null","null",""
"4994","Beef - Ground Lean Fresh","McLaughlin-Gleichner","null","null","null","null","null","null","null","null","null","null","null",""
"4995","Beef - Ground Lean Fresh","McLaughlin-Gleichner","null","2019","1","10.0000","196.50","7","0","142.20","54.30","null","27.63359",""
"4996","Muffin Puck Ww Carrot","McLaughlin-Gleichner","null","null","null","null","null","null","null","null","null","null","null",""
"4997","Muffin Puck Ww Carrot","McLaughlin-Gleichner","null","null","null","null","null","null","null","null","null","null","null",""
"4998","Muffin Puck Ww Carrot","McLaughlin-Gleichner","null","2019","2","7.0000","161.95","8","1","99.73","41.87","null","29.56921",""
"4999","Muffin Puck Ww Carrot","McLaughlin-Gleichner","null","null","null","null","null","null","null","null","null","null","null",""
"5000","Muffin Puck Ww Carrot","McLaughlin-Gleichner","null","2019","3","9.0000","195.85","10","1","141.83","34.52","null","19.57471",""
"5001","Muffin Puck Ww Carrot","McLaughlin-Gleichner","null","2019","4","9.0000","180.00","7","0","124.37","55.63","null","30.90556",""
"5002","Muffin Puck Ww Carrot","McLaughlin-Gleichner","null","2019","5","9.0000","182.35","7","0","125.70","56.65","null","31.06663",""
"5003","Muffin Puck Ww Carrot","McLaughlin-Gleichner","null","2019","6","6.0000","121.50","4","0","84.76","36.74","null","30.23868",""
"5004","Cheese - Fontina","McLaughlin-Gleichner","null","null","null","null","null","null","null","null","null","null","null",""
"5005","Cheese - Fontina","McLaughlin-Gleichner","null","2019","4","2.0000","28.00","1","0","23.49","4.51","null","16.10714",""
"5006","Sausage - Andouille","McLaughlin-Gleichner","null","null","null","null","null","null","null","null","null","null","null",""
"5007","Sausage - Andouille","McLaughlin-Gleichner","null","null","null","null","null","null","null","null","null","null","null",""
"5008","Octopus","McLaughlin-Gleichner","null","null","null","null","null","null","null","null","null","null","null",""
"5009","Octopus","McLaughlin-Gleichner","null","2019","1","9.0000","108.00","8","0","53.81","54.19","null","50.17593",""
"5010","V8 - Vegetable Cocktail","McLaughlin-Gleichner","null","null","null","null","null","null","null","null","null","null","null",""
"5011","V8 - Vegetable Cocktail","McLaughlin-Gleichner","null","null","null","null","null","null","null","null","null","null","null",""
"5012","V8 - Vegetable Cocktail","McLaughlin-Gleichner","null","2019","2","6.0000","73.52","6","0","35.88","37.64","null","51.19695",""
"5013","V8 - Vegetable Cocktail","McLaughlin-Gleichner","null","null","null","null","null","null","null","null","null","null","null",""
"5014","V8 - Vegetable Cocktail","McLaughlin-Gleichner","null","2019","3","7.0000","84.00","7","0","41.86","42.14","null","50.16667",""
"5015","V8 - Vegetable Cocktail","McLaughlin-Gleichner","null","2019","4","7.0000","86.50","6","0","41.85","44.65","null","51.61850",""
"5016","V8 - Vegetable Cocktail","McLaughlin-Gleichner","null","2019","5","7.0000","87.50","6","0","41.85","45.65","null","52.17143",""
"5017","V8 - Vegetable Cocktail","McLaughlin-Gleichner","null","2019","6","5.0000","62.50","4","0","29.89","32.61","null","52.17600",""
"5018","Flour - Bran, Red","McLaughlin-Gleichner","null","null","null","null","null","null","null","null","null","null","null",""
"5019","Flour - Bran, Red","McLaughlin-Gleichner","null","2019","4","4.0000","77.00","1","0","49.95","27.05","null","35.12987",""
"5020","Artichokes - Jerusalem","McLaughlin-Gleichner","null","null","null","null","null","null","null","null","null","null","null",""
"5021","Artichokes - Jerusalem","McLaughlin-Gleichner","null","null","null","null","null","null","null","null","null","null","null",""
"5022","Cape Capensis - Fillet","McLaughlin-Gleichner","null","null","null","null","null","null","null","null","null","null","null",""
"5023","Cape Capensis - Fillet","McLaughlin-Gleichner","null","2019","1","17.0000","215.00","9","0","166.49","48.51","null","22.56279",""
"5024","Roe - White Fish","McLaughlin-Gleichner","null","null","null","null","null","null","null","null","null","null","null",""
"5025","Roe - White Fish","McLaughlin-Gleichner","null","null","null","null","null","null","null","null","null","null","null",""
"5026","Roe - White Fish","McLaughlin-Gleichner","null","2019","2","17.0000","225.32","10","1","176.34","36.60","null","17.18794",""
"5027","Roe - White Fish","McLaughlin-Gleichner","null","null","null","null","null","null","null","null","null","null","null",""
"5028","Roe - White Fish","McLaughlin-Gleichner","null","2019","3","18.0000","232.76","10","0","175.34","57.42","null","24.66919",""
"5029","Roe - White Fish","McLaughlin-Gleichner","null","2019","4","13.0000","169.00","10","0","125.37","43.63","null","25.81657",""
"5030","Roe - White Fish","McLaughlin-Gleichner","null","2019","5","12.0000","156.00","8","0","115.90","40.10","null","25.70513",""
"5031","Roe - White Fish","McLaughlin-Gleichner","null","2019","6","9.0000","116.38","7","0","88.20","28.18","null","24.21378",""
"5032","Coffee - Espresso","McLaughlin-Gleichner","null","null","null","null","null","null","null","null","null","null","null",""
"5033","Coffee - Espresso","McLaughlin-Gleichner","null","2019","1","8.0000","132.00","8","0","44.16","87.84","null","66.54545",""
"5034","Trout - Hot Smkd, Dbl Fillet","McLaughlin-Gleichner","null","null","null","null","null","null","null","null","null","null","null",""
"5035","Trout - Hot Smkd, Dbl Fillet","McLaughlin-Gleichner","null","null","null","null","null","null","null","null","null","null","null",""
"5036","Trout - Hot Smkd, Dbl Fillet","McLaughlin-Gleichner","null","2019","2","4.0000","65.19","4","0","22.08","43.11","null","66.12977",""
"5037","Trout - Hot Smkd, Dbl Fillet","McLaughlin-Gleichner","null","null","null","null","null","null","null","null","null","null","null",""
"5038","Trout - Hot Smkd, Dbl Fillet","McLaughlin-Gleichner","null","2019","3","8.0000","131.73","8","0","44.16","87.57","null","66.47688",""
"5039","Trout - Hot Smkd, Dbl Fillet","McLaughlin-Gleichner","null","2019","4","6.0000","99.00","6","0","33.12","65.88","null","66.54545",""
"5040","Trout - Hot Smkd, Dbl Fillet","McLaughlin-Gleichner","null","2019","5","8.0000","132.00","8","0","44.16","87.84","null","66.54545",""
"5041","Trout - Hot Smkd, Dbl Fillet","McLaughlin-Gleichner","null","2019","6","5.0000","82.50","5","0","27.60","54.90","null","66.54545",""
"5042","Beef - Baby, Liver","McLaughlin-Gleichner","null","null","null","null","null","null","null","null","null","null","null",""
"5043","Beef - Baby, Liver","McLaughlin-Gleichner","null","2019","1","7.0000","140.00","6","0","63.97","76.03","null","54.30714",""
"5044","Muffin - Mix - Creme Brule 15l","McLaughlin-Gleichner","null","null","null","null","null","null","null","null","null","null","null",""
"5045","Muffin - Mix - Creme Brule 15l","McLaughlin-Gleichner","null","null","null","null","null","null","null","null","null","null","null",""
"5046","Muffin - Mix - Creme Brule 15l","McLaughlin-Gleichner","null","2019","2","6.0000","120.00","6","0","54.84","65.16","null","54.30000",""
"5047","Muffin - Mix - Creme Brule 15l","McLaughlin-Gleichner","null","null","null","null","null","null","null","null","null","null","null",""
"5048","Muffin - Mix - Creme Brule 15l","McLaughlin-Gleichner","null","2019","3","7.0000","140.00","7","0","63.98","76.02","null","54.30000",""
"5049","Muffin - Mix - Creme Brule 15l","McLaughlin-Gleichner","null","2019","4","8.0000","160.00","7","0","73.11","86.89","null","54.30625",""
"5050","Muffin - Mix - Creme Brule 15l","McLaughlin-Gleichner","null","2019","5","9.0000","180.00","5","0","82.22","97.78","null","54.32222",""
"5051","Muffin - Mix - Creme Brule 15l","McLaughlin-Gleichner","null","2019","6","10.0000","200.00","8","0","91.38","108.62","null","54.31000",""
"5052","Wine - Dubouef Macon - Villages","McLaughlin-Gleichner","null","null","null","null","null","null","null","null","null","null","null",""
"5053","Wine - Dubouef Macon - Villages","McLaughlin-Gleichner","null","2019","2","0.0000","0.00","1","0","0.00","0.00","null","0.00000",""
"5054","White Baguette","McLaughlin-Gleichner","null","null","null","null","null","null","null","null","null","null","null",""
"5055","White Baguette","McLaughlin-Gleichner","null","null","null","null","null","null","null","null","null","null","null",""
"5056","Nantucket Pine Orangebanana","McLaughlin-Gleichner","null","null","null","null","null","null","null","null","null","null","null",""
"5057","Nantucket Pine Orangebanana","McLaughlin-Gleichner","null","2019","5","1.0000","32.00","1","0","0.00","32.00","null","100.00000",""
"5058","Dried Morel Mushroom 14g","McLaughlin-Gleichner","null","null","null","null","null","null","null","null","null","null","null",""
"5059","Dried Morel Mushroom 14g","McLaughlin-Gleichner","null","null","null","null","null","null","null","null","null","null","null",""
"5060","Wine - Semi Dry Riesling Vineland","McLaughlin-Gleichner","null","null","null","null","null","null","null","null","null","null","null",""
"5061","Wine - Semi Dry Riesling Vineland","McLaughlin-Gleichner","null","2019","1","10.0000","165.00","8","0","70.12","94.88","null","57.50303",""
"5062","Wine - Sawmill Creek Autumn","McLaughlin-Gleichner","null","null","null","null","null","null","null","null","null","null","null",""
"5063","Wine - Sawmill Creek Autumn","McLaughlin-Gleichner","null","null","null","null","null","null","null","null","null","null","null",""
"5064","Wine - Sawmill Creek Autumn","McLaughlin-Gleichner","null","2019","2","7.0000","115.50","6","0","49.08","66.42","null","57.50649",""
"5065","Wine - Sawmill Creek Autumn","McLaughlin-Gleichner","null","null","null","null","null","null","null","null","null","null","null",""
"5066","Wine - Sawmill Creek Autumn","McLaughlin-Gleichner","null","2019","3","8.0000","132.00","8","0","56.08","75.92","null","57.51515",""
"5067","Wine - Sawmill Creek Autumn","McLaughlin-Gleichner","null","2019","4","7.0000","115.50","6","0","49.08","66.42","null","57.50649",""
"5068","Wine - Sawmill Creek Autumn","McLaughlin-Gleichner","null","2019","5","7.0000","115.50","7","0","49.07","66.43","null","57.51515",""
"5069","Wine - Sawmill Creek Autumn","McLaughlin-Gleichner","null","2019","6","6.0000","99.00","6","0","42.06","56.94","null","57.51515",""
"5070","Icecream Cone - Areo Chocolate","McLaughlin-Gleichner","null","null","null","null","null","null","null","null","null","null","null",""
"5071","Icecream Cone - Areo Chocolate","McLaughlin-Gleichner","null","2019","1","14.0000","337.50","11","0","94.36","243.14","null","72.04148",""
"5072","Cheese - Camembert","McLaughlin-Gleichner","null","null","null","null","null","null","null","null","null","null","null",""
"5073","Cheese - Camembert","McLaughlin-Gleichner","null","null","null","null","null","null","null","null","null","null","null",""
"5074","Cheese - Camembert","McLaughlin-Gleichner","null","2019","2","12.0000","321.80","9","0","80.88","240.92","null","74.86638",""
"5075","Cheese - Camembert","McLaughlin-Gleichner","null","null","null","null","null","null","null","null","null","null","null",""
"5076","Cheese - Camembert","McLaughlin-Gleichner","null","2019","3","13.0000","321.75","9","0","87.62","234.13","null","72.76768",""
"5077","Cheese - Camembert","McLaughlin-Gleichner","null","2019","4","15.0000","376.21","10","0","101.10","275.11","null","73.12671",""
"5078","Cheese - Camembert","McLaughlin-Gleichner","null","2019","5","13.0000","321.75","8","0","87.62","234.13","null","72.76768",""
"5079","Cheese - Camembert","McLaughlin-Gleichner","null","2019","6","9.0000","222.75","7","0","60.66","162.09","null","72.76768",""
"5080","Bread Bowl Plain","McLaughlin-Gleichner","null","null","null","null","null","null","null","null","null","null","null",""
"5081","Bread Bowl Plain","McLaughlin-Gleichner","null","2019","1","1.0000","14.00","1","0","5.32","8.68","null","62.00000",""
"5082","Cinnamon - Ground","McLaughlin-Gleichner","null","null","null","null","null","null","null","null","null","null","null",""
"5083","Cinnamon - Ground","McLaughlin-Gleichner","null","null","null","null","null","null","null","null","null","null","null",""
"5084","Cinnamon - Ground","McLaughlin-Gleichner","null","2019","3","1.0000","14.58","1","0","5.32","9.26","null","63.51166",""
"5085","Cinnamon - Ground","McLaughlin-Gleichner","null","null","null","null","null","null","null","null","null","null","null",""
"5086","Cinnamon - Ground","McLaughlin-Gleichner","null","2019","4","1.0000","14.58","1","0","5.32","9.26","null","63.51166",""
"5087","Cinnamon - Ground","McLaughlin-Gleichner","null","2019","5","1.0000","14.58","1","0","5.32","9.26","null","63.51166",""
"5088","Cinnamon - Ground","McLaughlin-Gleichner","null","2019","6","2.0000","29.16","2","0","10.58","18.58","null","63.71742",""
"5089","Cookie Dough - Oatmeal Rasin","McLaughlin-Gleichner","null","null","null","null","null","null","null","null","null","null","null",""
"5090","Cookie Dough - Oatmeal Rasin","McLaughlin-Gleichner","null","2019","1","1.0000","12.50","1","0","2.45","10.05","null","80.40000",""
"5091","Mayonnaise - Individual Pkg","McLaughlin-Gleichner","null","null","null","null","null","null","null","null","null","null","null",""
"5092","Mayonnaise - Individual Pkg","McLaughlin-Gleichner","null","null","null","null","null","null","null","null","null","null","null",""
"5093","Mayonnaise - Individual Pkg","McLaughlin-Gleichner","null","2019","2","1.0000","13.20","1","0","2.45","10.75","null","81.43939",""
"5094","Mayonnaise - Individual Pkg","McLaughlin-Gleichner","null","null","null","null","null","null","null","null","null","null","null",""
"5095","Mayonnaise - Individual Pkg","McLaughlin-Gleichner","null","2019","4","1.0000","13.20","1","0","2.45","10.75","null","81.43939",""
"5096","Mayonnaise - Individual Pkg","McLaughlin-Gleichner","null","2019","6","1.0000","13.20","1","0","2.45","10.75","null","81.43939",""
"5097","Cherries - Fresh","McLaughlin-Gleichner","null","null","null","null","null","null","null","null","null","null","null",""
"5098","Cherries - Fresh","McLaughlin-Gleichner","null","2019","3","2.0000","30.26","2","0","6.24","24.02","null","79.37872",""
"5099","Sea Bass - Fillets","McLaughlin-Gleichner","null","null","null","null","null","null","null","null","null","null","null",""
"5100","Sea Bass - Fillets","McLaughlin-Gleichner","null","null","null","null","null","null","null","null","null","null","null",""
"5101","Sea Bass - Fillets","McLaughlin-Gleichner","null","2019","6","1.0000","15.13","1","0","3.12","12.01","null","79.37872",""
"5102","Sea Bass - Fillets","McLaughlin-Gleichner","null","null","null","null","null","null","null","null","null","null","null",""
"5103","Sugar - Sweet N Low, Individual","McLaughlin-Gleichner","null","null","null","null","null","null","null","null","null","null","null",""
"5104","Sugar - Sweet N Low, Individual","McLaughlin-Gleichner","null","2019","1","2.0000","51.70","2","0","19.76","31.94","null","61.77950",""
"5105","Onions - Vidalia","McLaughlin-Gleichner","null","null","null","null","null","null","null","null","null","null","null",""
"5106","Onions - Vidalia","McLaughlin-Gleichner","null","null","null","null","null","null","null","null","null","null","null",""
"5107","Onions - Vidalia","McLaughlin-Gleichner","null","2019","2","3.0000","102.30","3","0","29.64","72.66","null","71.02639",""
"5108","Onions - Vidalia","McLaughlin-Gleichner","null","null","null","null","null","null","null","null","null","null","null",""
"5109","Onions - Vidalia","McLaughlin-Gleichner","null","2019","3","2.0000","68.20","2","0","19.76","48.44","null","71.02639",""
"5110","Onions - Vidalia","McLaughlin-Gleichner","null","2019","4","3.0000","102.30","3","0","29.64","72.66","null","71.02639",""
"5111","Onions - Vidalia","McLaughlin-Gleichner","null","2019","5","1.0000","34.10","1","0","9.88","24.22","null","71.02639",""
"5112","Onions - Vidalia","McLaughlin-Gleichner","null","2019","6","1.0000","34.10","1","0","9.88","24.22","null","71.02639",""
"5113","Lemon Pepper","McLaughlin-Gleichner","null","null","null","null","null","null","null","null","null","null","null",""
"5114","Lemon Pepper","McLaughlin-Gleichner","null","2019","2","1.0000","41.25","1","0","6.65","34.60","null","83.87879",""
"5115","Wine - Tribal Sauvignon","McLaughlin-Gleichner","null","null","null","null","null","null","null","null","null","null","null",""
"5116","Wine - Tribal Sauvignon","McLaughlin-Gleichner","null","null","null","null","null","null","null","null","null","null","null",""
"5117","Wine - Tribal Sauvignon","McLaughlin-Gleichner","null","2019","3","1.0000","41.25","1","0","6.61","34.64","null","83.97576",""
"5118","Wine - Tribal Sauvignon","McLaughlin-Gleichner","null","null","null","null","null","null","null","null","null","null","null",""
"5119","Soup - French Can Pea","McLaughlin-Gleichner","null","null","null","null","null","null","null","null","null","null","null",""
"5120","Soup - French Can Pea","McLaughlin-Gleichner","null","2019","1","3.0000","75.00","3","0","41.94","33.06","null","44.08000",""
"5121","Ice Cream Bar - Hagen Daz","McLaughlin-Gleichner","null","null","null","null","null","null","null","null","null","null","null",""
"5122","Ice Cream Bar - Hagen Daz","McLaughlin-Gleichner","null","null","null","null","null","null","null","null","null","null","null",""
"5123","Ice Cream Bar - Hagen Daz","McLaughlin-Gleichner","null","2019","2","3.0000","71.79","3","0","41.94","29.85","null","41.57961",""
"5124","Ice Cream Bar - Hagen Daz","McLaughlin-Gleichner","null","null","null","null","null","null","null","null","null","null","null",""
"5125","Ice Cream Bar - Hagen Daz","McLaughlin-Gleichner","null","2019","3","2.0000","47.86","2","0","27.96","19.90","null","41.57961",""
"5126","Ice Cream Bar - Hagen Daz","McLaughlin-Gleichner","null","2019","4","1.0000","23.93","1","0","13.98","9.95","null","41.57961",""
"5127","Ice Cream Bar - Hagen Daz","McLaughlin-Gleichner","null","2019","5","1.0000","23.93","1","0","13.98","9.95","null","41.57961",""
"5128","Ice Cream Bar - Hagen Daz","McLaughlin-Gleichner","null","2019","6","2.0000","47.86","2","0","27.96","19.90","null","41.57961",""
"5129","Pepper - Red Thai","McLaughlin-Gleichner","null","null","null","null","null","null","null","null","null","null","null",""
"5130","Pepper - Red Thai","McLaughlin-Gleichner","null","2019","3","1.0000","15.00","1","0","5.52","9.48","null","63.20000",""
"5131","Macaroons - Two Bite Choc","McLaughlin-Gleichner","null","null","null","null","null","null","null","null","null","null","null",""
"5132","Macaroons - Two Bite Choc","McLaughlin-Gleichner","null","null","null","null","null","null","null","null","null","null","null",""
"5133","Gatorade - Xfactor Berry","McLaughlin-Gleichner","null","null","null","null","null","null","null","null","null","null","null",""
"5134","Gatorade - Xfactor Berry","McLaughlin-Gleichner","null","2019","5","0.0000","46.75","1","1","0.00","0.00","null","0.00000",""
"5135","Muffins - Assorted","McLaughlin-Gleichner","null","null","null","null","null","null","null","null","null","null","null",""
"5136","Muffins - Assorted","McLaughlin-Gleichner","null","null","null","null","null","null","null","null","null","null","null",""
"5137","Muffin Mix - Lemon Cranberry","McLaughlin-Gleichner","null","null","null","null","null","null","null","null","null","null","null",""
"5138","Muffin Mix - Lemon Cranberry","McLaughlin-Gleichner","null","2019","2","1.0000","18.98","1","0","6.49","12.49","null","65.80611",""
"5139","Plasticknivesblack","McLaughlin-Gleichner","null","null","null","null","null","null","null","null","null","null","null",""
"5140","Plasticknivesblack","McLaughlin-Gleichner","null","null","null","null","null","null","null","null","null","null","null",""
"5141","Plasticknivesblack","McLaughlin-Gleichner","null","null","null","null","null","null","null","null","null","null","null",""
"5142","null","null","Customer Total:","null","null","null","20,500.10","null","null","11,787.06","null","null","null",""
"5143","Plasticknivesblack","McLaughlin-Gleichner","null","null","null","null","null","null","null","null","null","null","null",""
"5144","Plasticknivesblack","Torphy Inc","null","null","null","null","null","null","null","null","null","null","null",""
"5145","Beef - Ground Lean Fresh","Torphy Inc","null","null","null","null","null","null","null","null","null","null","null",""
"5146","Beef - Ground Lean Fresh","Torphy Inc","null","2019","1","32.0000","624.00","8","0","455.21","168.79","null","27.04968",""
"5147","Muffin Puck Ww Carrot","Torphy Inc","null","null","null","null","null","null","null","null","null","null","null",""
"5148","Muffin Puck Ww Carrot","Torphy Inc","null","null","null","null","null","null","null","null","null","null","null",""
"5149","Muffin Puck Ww Carrot","Torphy Inc","null","2019","2","44.0000","852.10","8","0","626.81","225.29","null","26.43939",""
"5150","Muffin Puck Ww Carrot","Torphy Inc","null","null","null","null","null","null","null","null","null","null","null",""
"5151","Muffin Puck Ww Carrot","Torphy Inc","null","2019","3","48.0000","891.95","9","0","679.37","212.58","null","23.83317",""
"5152","Muffin Puck Ww Carrot","Torphy Inc","null","2019","4","36.0000","715.00","9","0","494.88","220.12","null","30.78601",""
"5153","Muffin Puck Ww Carrot","Torphy Inc","null","2019","5","32.0000","648.00","9","0","446.13","201.87","null","31.15278",""
"5154","Muffin Puck Ww Carrot","Torphy Inc","null","2019","6","20.0000","383.00","8","0","282.74","100.26","null","26.17755",""
"5155","Octopus","Torphy Inc","null","null","null","null","null","null","null","null","null","null","null",""
"5156","Octopus","Torphy Inc","null","2019","1","48.0000","492.00","8","0","286.80","205.20","null","41.70732",""
"5157","V8 - Vegetable Cocktail","Torphy Inc","null","null","null","null","null","null","null","null","null","null","null",""
"5158","V8 - Vegetable Cocktail","Torphy Inc","null","null","null","null","null","null","null","null","null","null","null",""
"5159","V8 - Vegetable Cocktail","Torphy Inc","null","2019","2","52.0000","601.16","8","0","310.72","290.44","null","48.31326",""
"5160","V8 - Vegetable Cocktail","Torphy Inc","null","null","null","null","null","null","null","null","null","null","null",""
"5161","V8 - Vegetable Cocktail","Torphy Inc","null","2019","3","57.0000","599.16","9","0","340.60","258.56","null","43.15375",""
"5162","V8 - Vegetable Cocktail","Torphy Inc","null","2019","4","53.0000","637.75","9","0","316.68","321.07","null","50.34418",""
"5163","V8 - Vegetable Cocktail","Torphy Inc","null","2019","5","50.0000","625.00","9","0","298.75","326.25","null","52.20000",""
"5164","V8 - Vegetable Cocktail","Torphy Inc","null","2019","6","34.0000","402.50","8","0","203.16","199.34","null","49.52547",""
"5165","Cape Capensis - Fillet","Torphy Inc","null","null","null","null","null","null","null","null","null","null","null",""
"5166","Cape Capensis - Fillet","Torphy Inc","null","2019","1","24.0000","312.00","8","0","235.01","76.99","null","24.67628",""
"5167","Roe - White Fish","Torphy Inc","null","null","null","null","null","null","null","null","null","null","null",""
"5168","Roe - White Fish","Torphy Inc","null","null","null","null","null","null","null","null","null","null","null",""
"5169","Roe - White Fish","Torphy Inc","null","2019","2","28.0000","339.46","8","0","274.10","65.36","null","19.25411",""
"5170","Roe - White Fish","Torphy Inc","null","null","null","null","null","null","null","null","null","null","null",""
"5171","Roe - White Fish","Torphy Inc","null","2019","3","31.0000","374.27","9","0","302.04","72.23","null","19.29890",""
"5172","Roe - White Fish","Torphy Inc","null","2019","4","24.0000","345.75","9","1","260.20","46.55","null","15.17522",""
"5173","Roe - White Fish","Torphy Inc","null","2019","5","27.0000","351.00","9","0","262.35","88.65","null","25.25641",""
"5174","Roe - White Fish","Torphy Inc","null","2019","6","24.0000","301.50","8","0","235.14","66.36","null","22.00995",""
"5175","Skirt - 29 Foot","Torphy Inc","null","null","null","null","null","null","null","null","null","null","null",""
"5176","Skirt - 29 Foot","Torphy Inc","null","2019","1","40.0000","480.00","8","0","179.68","300.32","null","62.56667",""
"5177","Blueberries - Frozen","Torphy Inc","null","null","null","null","null","null","null","null","null","null","null",""
"5178","Blueberries - Frozen","Torphy Inc","null","null","null","null","null","null","null","null","null","null","null",""
"5179","Blueberries - Frozen","Torphy Inc","null","2019","2","44.0000","587.10","8","0","197.64","389.46","null","66.33623",""
"5180","Blueberries - Frozen","Torphy Inc","null","null","null","null","null","null","null","null","null","null","null",""
"5181","Blueberries - Frozen","Torphy Inc","null","2019","3","49.0000","596.05","9","0","220.10","375.95","null","63.07357",""
"5182","Blueberries - Frozen","Torphy Inc","null","2019","4","43.0000","626.25","9","1","202.14","400.11","null","66.43587",""
"5183","Blueberries - Frozen","Torphy Inc","null","2019","5","43.0000","623.50","9","0","193.16","430.34","null","69.02005",""
"5184","Blueberries - Frozen","Torphy Inc","null","2019","6","34.0000","465.50","8","0","152.74","312.76","null","67.18797",""
"5185","Beef - Baby, Liver","Torphy Inc","null","null","null","null","null","null","null","null","null","null","null",""
"5186","Beef - Baby, Liver","Torphy Inc","null","2019","1","16.0000","320.00","8","0","146.16","173.84","null","54.32500",""
"5187","Muffin - Mix - Creme Brule 15l","Torphy Inc","null","null","null","null","null","null","null","null","null","null","null",""
"5188","Muffin - Mix - Creme Brule 15l","Torphy Inc","null","null","null","null","null","null","null","null","null","null","null",""
"5189","Muffin - Mix - Creme Brule 15l","Torphy Inc","null","2019","2","16.0000","310.00","8","0","146.16","163.84","null","52.85161",""
"5190","Muffin - Mix - Creme Brule 15l","Torphy Inc","null","null","null","null","null","null","null","null","null","null","null",""
"5191","Muffin - Mix - Creme Brule 15l","Torphy Inc","null","2019","3","18.0000","340.00","9","0","164.43","175.57","null","51.63824",""
"5192","Muffin - Mix - Creme Brule 15l","Torphy Inc","null","2019","4","18.0000","355.00","9","0","164.43","190.57","null","53.68169",""
"5193","Muffin - Mix - Creme Brule 15l","Torphy Inc","null","2019","5","18.0000","360.00","9","0","164.43","195.57","null","54.32500",""
"5194","Muffin - Mix - Creme Brule 15l","Torphy Inc","null","2019","6","16.0000","310.00","8","0","146.16","163.84","null","52.85161",""
"5195","Wine - Prem Select Charddonany","Torphy Inc","null","null","null","null","null","null","null","null","null","null","null",""
"5196","Wine - Prem Select Charddonany","Torphy Inc","null","2019","1","16.0000","320.00","8","0","149.84","170.16","null","53.17500",""
"5197","Juice - Apple, 1.36l","Torphy Inc","null","null","null","null","null","null","null","null","null","null","null",""
"5198","Juice - Apple, 1.36l","Torphy Inc","null","null","null","null","null","null","null","null","null","null","null",""
"5199","Juice - Apple, 1.36l","Torphy Inc","null","2019","2","20.0000","390.40","8","0","187.28","203.12","null","52.02869",""
"5200","Juice - Apple, 1.36l","Torphy Inc","null","null","null","null","null","null","null","null","null","null","null",""
"5201","Juice - Apple, 1.36l","Torphy Inc","null","2019","3","22.0000","416.75","9","0","206.01","210.74","null","50.56749",""
"5202","Juice - Apple, 1.36l","Torphy Inc","null","2019","4","18.0000","363.40","9","0","168.57","194.83","null","53.61310",""
"5203","Juice - Apple, 1.36l","Torphy Inc","null","2019","5","18.0000","369.00","9","0","168.57","200.43","null","54.31707",""
"5204","Juice - Apple, 1.36l","Torphy Inc","null","2019","6","16.0000","316.80","8","0","149.84","166.96","null","52.70202",""
"5205","Wine - Semi Dry Riesling Vineland","Torphy Inc","null","null","null","null","null","null","null","null","null","null","null",""
"5206","Wine - Semi Dry Riesling Vineland","Torphy Inc","null","2019","1","16.0000","264.00","8","0","112.24","151.76","null","57.48485",""
"5207","Wine - Sawmill Creek Autumn","Torphy Inc","null","null","null","null","null","null","null","null","null","null","null",""
"5208","Wine - Sawmill Creek Autumn","Torphy Inc","null","null","null","null","null","null","null","null","null","null","null",""
"5209","Wine - Sawmill Creek Autumn","Torphy Inc","null","2019","2","22.0000","382.00","8","1","154.29","194.71","null","55.79083",""
"5210","Wine - Sawmill Creek Autumn","Torphy Inc","null","null","null","null","null","null","null","null","null","null","null",""
"5211","Wine - Sawmill Creek Autumn","Torphy Inc","null","2019","3","26.0000","404.50","9","0","182.35","222.15","null","54.91965",""
"5212","Wine - Sawmill Creek Autumn","Torphy Inc","null","2019","4","18.0000","293.50","9","0","126.27","167.23","null","56.97785",""
"5213","Wine - Sawmill Creek Autumn","Torphy Inc","null","2019","5","18.0000","297.00","9","0","126.27","170.73","null","57.48485",""
"5214","Wine - Sawmill Creek Autumn","Torphy Inc","null","2019","6","16.0000","257.00","8","0","112.24","144.76","null","56.32685",""
"5215","Icecream Cone - Areo Chocolate","Torphy Inc","null","null","null","null","null","null","null","null","null","null","null",""
"5216","Icecream Cone - Areo Chocolate","Torphy Inc","null","2019","1","24.0000","540.00","8","0","161.76","378.24","null","70.04444",""
"5217","Cheese - Camembert","Torphy Inc","null","null","null","null","null","null","null","null","null","null","null",""
"5218","Cheese - Camembert","Torphy Inc","null","null","null","null","null","null","null","null","null","null","null",""
"5219","Cheese - Camembert","Torphy Inc","null","2019","2","28.0000","686.41","8","0","188.72","497.69","null","72.50623",""
"5220","Cheese - Camembert","Torphy Inc","null","null","null","null","null","null","null","null","null","null","null",""
"5221","Cheese - Camembert","Torphy Inc","null","2019","3","31.0000","671.42","9","0","208.94","462.48","null","68.88088",""
"5222","Cheese - Camembert","Torphy Inc","null","2019","4","27.0000","598.50","9","0","181.98","416.52","null","69.59398",""
"5223","Cheese - Camembert","Torphy Inc","null","2019","5","27.0000","607.50","9","0","181.98","425.52","null","70.04444",""
"5224","Cheese - Camembert","Torphy Inc","null","2019","6","24.0000","522.00","8","0","161.76","360.24","null","69.01149",""
"5225","Cookie Dough - Oatmeal Rasin","Torphy Inc","null","null","null","null","null","null","null","null","null","null","null",""
"5226","Cookie Dough - Oatmeal Rasin","Torphy Inc","null","2019","1","1.0000","12.50","1","0","2.45","10.05","null","80.40000",""
"5227","Mayonnaise - Individual Pkg","Torphy Inc","null","null","null","null","null","null","null","null","null","null","null",""
"5228","Mayonnaise - Individual Pkg","Torphy Inc","null","null","null","null","null","null","null","null","null","null","null",""
"5229","Mayonnaise - Individual Pkg","Torphy Inc","null","2019","2","3.0000","39.60","3","0","7.35","32.25","null","81.43939",""
"5230","Mayonnaise - Individual Pkg","Torphy Inc","null","null","null","null","null","null","null","null","null","null","null",""
"5231","Cherries - Fresh","Torphy Inc","null","null","null","null","null","null","null","null","null","null","null",""
"5232","Cherries - Fresh","Torphy Inc","null","2019","1","2.0000","39.00","1","0","6.23","32.77","null","84.02564",""
"5233","Sea Bass - Fillets","Torphy Inc","null","null","null","null","null","null","null","null","null","null","null",""
"5234","Sea Bass - Fillets","Torphy Inc","null","null","null","null","null","null","null","null","null","null","null",""
"5235","Sea Bass - Fillets","Torphy Inc","null","2019","2","6.0000","99.52","3","0","18.69","80.83","null","81.21986",""
"5236","Sea Bass - Fillets","Torphy Inc","null","null","null","null","null","null","null","null","null","null","null",""
"5237","Sugar - Sweet N Low, Individual","Torphy Inc","null","null","null","null","null","null","null","null","null","null","null",""
"5238","Sugar - Sweet N Low, Individual","Torphy Inc","null","2019","1","3.0000","77.55","1","0","29.63","47.92","null","61.79239",""
"5239","Onions - Vidalia","Torphy Inc","null","null","null","null","null","null","null","null","null","null","null",""
"5240","Onions - Vidalia","Torphy Inc","null","null","null","null","null","null","null","null","null","null","null",""
"5241","Onions - Vidalia","Torphy Inc","null","2019","2","9.0000","276.60","3","0","88.89","187.71","null","67.86334",""
"5242","Onions - Vidalia","Torphy Inc","null","null","null","null","null","null","null","null","null","null","null",""
"5243","Lemon Pepper","Torphy Inc","null","null","null","null","null","null","null","null","null","null","null",""
"5244","Lemon Pepper","Torphy Inc","null","2019","6","1.0000","41.25","1","0","6.61","34.64","null","83.97576",""
"5245","Wine - Tribal Sauvignon","Torphy Inc","null","null","null","null","null","null","null","null","null","null","null",""
"5246","Wine - Tribal Sauvignon","Torphy Inc","null","null","null","null","null","null","null","null","null","null","null",""
"5247","Wine - Tribal Sauvignon","Torphy Inc","null","null","null","null","null","null","null","null","null","null","null",""
"5248","null","null","Customer Total:","null","null","null","23,155.20","null","null","11,476.68","null","null","null",""
"5249","Wine - Tribal Sauvignon","Torphy Inc","null","null","null","null","null","null","null","null","null","null","null",""
"5250","Wine - Tribal Sauvignon","Lindgren, Johnson and Mann","null","null","null","null","null","null","null","null","null","null","null",""
"5251","Wine - Wyndham Estate Bin 777","Lindgren, Johnson and Mann","null","null","null","null","null","null","null","null","null","null","null",""
"5252","Wine - Wyndham Estate Bin 777","Lindgren, Johnson and Mann","null","2019","6","4.0000","60.00","2","0","21.56","38.44","null","64.06667",""
"5253","Cafe Royale","Lindgren, Johnson and Mann","null","null","null","null","null","null","null","null","null","null","null",""
"5254","Cafe Royale","Lindgren, Johnson and Mann","null","null","null","null","null","null","null","null","null","null","null",""
"5255","Muffin Orange Individual","Lindgren, Johnson and Mann","null","null","null","null","null","null","null","null","null","null","null",""
"5256","Muffin Orange Individual","Lindgren, Johnson and Mann","null","2019","3","2.0000","18.00","1","0","10.20","7.80","null","43.33333",""
"5257","Beef - Tenderloin - Aa","Lindgren, Johnson and Mann","null","null","null","null","null","null","null","null","null","null","null",""
"5258","Beef - Tenderloin - Aa","Lindgren, Johnson and Mann","null","null","null","null","null","null","null","null","null","null","null",""
"5259","Tomatoes - Heirloom","Lindgren, Johnson and Mann","null","null","null","null","null","null","null","null","null","null","null",""
"5260","Tomatoes - Heirloom","Lindgren, Johnson and Mann","null","2019","3","1.0000","11.70","1","0","9.56","2.14","null","18.29060",""
"5261","Wine - Red, Metus Rose","Lindgren, Johnson and Mann","null","null","null","null","null","null","null","null","null","null","null",""
"5262","Wine - Red, Metus Rose","Lindgren, Johnson and Mann","null","null","null","null","null","null","null","null","null","null","null",""
"5263","Coriander - Ground","Lindgren, Johnson and Mann","null","null","null","null","null","null","null","null","null","null","null",""
"5264","Coriander - Ground","Lindgren, Johnson and Mann","null","2019","1","2.0000","18.20","1","0","19.52","-1.32","null","-7.25275",""
"5265","Pork - Ground","Lindgren, Johnson and Mann","null","null","null","null","null","null","null","null","null","null","null",""
"5266","Pork - Ground","Lindgren, Johnson and Mann","null","null","null","null","null","null","null","null","null","null","null",""
"5267","Pork - Ground","Lindgren, Johnson and Mann","null","2019","3","3.0000","27.30","2","0","29.28","-1.98","null","-7.25275",""
"5268","Pork - Ground","Lindgren, Johnson and Mann","null","null","null","null","null","null","null","null","null","null","null",""
"5269","Pork - Ground","Lindgren, Johnson and Mann","null","2019","4","2.0000","18.20","1","0","19.52","-1.32","null","-7.25275",""
"5270","Pork - Ground","Lindgren, Johnson and Mann","null","2019","5","2.0000","30.50","1","0","19.52","10.98","null","36.00000",""
"5271","Kippers - Smoked","Lindgren, Johnson and Mann","null","null","null","null","null","null","null","null","null","null","null",""
"5272","Kippers - Smoked","Lindgren, Johnson and Mann","null","2019","1","7.0000","142.45","5","0","101.50","40.95","null","28.74693",""
"5273","Fresh Portabella - 5lbs","Lindgren, Johnson and Mann","null","null","null","null","null","null","null","null","null","null","null",""
"5274","Fresh Portabella - 5lbs","Lindgren, Johnson and Mann","null","null","null","null","null","null","null","null","null","null","null",""
"5275","Fresh Portabella - 5lbs","Lindgren, Johnson and Mann","null","2019","2","7.0000","147.40","6","0","102.23","45.17","null","30.64450",""
"5276","Fresh Portabella - 5lbs","Lindgren, Johnson and Mann","null","null","null","null","null","null","null","null","null","null","null",""
"5277","Fresh Portabella - 5lbs","Lindgren, Johnson and Mann","null","2019","3","6.0000","112.20","4","0","87.87","24.33","null","21.68449",""
"5278","Fresh Portabella - 5lbs","Lindgren, Johnson and Mann","null","2019","4","5.0000","93.50","3","0","72.69","20.81","null","22.25668",""
"5279","Fresh Portabella - 5lbs","Lindgren, Johnson and Mann","null","2019","5","10.0000","220.00","5","0","146.42","73.58","null","33.44545",""
"5280","Fresh Portabella - 5lbs","Lindgren, Johnson and Mann","null","2019","6","6.0000","132.00","3","0","87.88","44.12","null","33.42424",""
"5281","Wine - Alsace Gewurztraminer","Lindgren, Johnson and Mann","null","null","null","null","null","null","null","null","null","null","null",""
"5282","Wine - Alsace Gewurztraminer","Lindgren, Johnson and Mann","null","2019","4","1.0000","17.75","1","0","9.14","8.61","null","48.50704",""
"5283","Wine - Kwv Chenin Blanc South","Lindgren, Johnson and Mann","null","null","null","null","null","null","null","null","null","null","null",""
"5284","Wine - Kwv Chenin Blanc South","Lindgren, Johnson and Mann","null","null","null","null","null","null","null","null","null","null","null",""
"5285","Wine - Kwv Chenin Blanc South","Lindgren, Johnson and Mann","null","2019","6","2.0000","35.50","1","0","18.27","17.23","null","48.53521",""
"5286","Wine - Kwv Chenin Blanc South","Lindgren, Johnson and Mann","null","null","null","null","null","null","null","null","null","null","null",""
"5287","Pears - Bartlett","Lindgren, Johnson and Mann","null","null","null","null","null","null","null","null","null","null","null",""
"5288","Pears - Bartlett","Lindgren, Johnson and Mann","null","2019","6","1.0000","26.40","1","0","14.94","11.46","null","43.40909",""
"5289","Garbage Bag - Clear","Lindgren, Johnson and Mann","null","null","null","null","null","null","null","null","null","null","null",""
"5290","Garbage Bag - Clear","Lindgren, Johnson and Mann","null","null","null","null","null","null","null","null","null","null","null",""
"5291","Basil - Primerba, Paste","Lindgren, Johnson and Mann","null","null","null","null","null","null","null","null","null","null","null",""
"5292","Basil - Primerba, Paste","Lindgren, Johnson and Mann","null","2019","1","2.0000","25.00","1","0","13.41","11.59","null","46.36000",""
"5293","Salsify, Organic","Lindgren, Johnson and Mann","null","null","null","null","null","null","null","null","null","null","null",""
"5294","Salsify, Organic","Lindgren, Johnson and Mann","null","null","null","null","null","null","null","null","null","null","null",""
"5295","Octopus","Lindgren, Johnson and Mann","null","null","null","null","null","null","null","null","null","null","null",""
"5296","Octopus","Lindgren, Johnson and Mann","null","2019","3","2.0000","24.76","1","0","11.95","12.81","null","51.73667",""
"5297","V8 - Vegetable Cocktail","Lindgren, Johnson and Mann","null","null","null","null","null","null","null","null","null","null","null",""
"5298","V8 - Vegetable Cocktail","Lindgren, Johnson and Mann","null","null","null","null","null","null","null","null","null","null","null",""
"5299","Cape Capensis - Fillet","Lindgren, Johnson and Mann","null","null","null","null","null","null","null","null","null","null","null",""
"5300","Cape Capensis - Fillet","Lindgren, Johnson and Mann","null","2019","3","2.0000","24.76","1","0","19.22","5.54","null","22.37480",""
"5301","Roe - White Fish","Lindgren, Johnson and Mann","null","null","null","null","null","null","null","null","null","null","null",""
"5302","Roe - White Fish","Lindgren, Johnson and Mann","null","null","null","null","null","null","null","null","null","null","null",""
"5303","Crawfish","Lindgren, Johnson and Mann","null","null","null","null","null","null","null","null","null","null","null",""
"5304","Crawfish","Lindgren, Johnson and Mann","null","2019","1","9.0000","479.75","5","0","310.18","169.57","null","35.34549",""
"5305","ORGANIC Shiitake 5lbs/cs (L)","Lindgren, Johnson and Mann","null","null","null","null","null","null","null","null","null","null","null",""
"5306","ORGANIC Shiitake 5lbs/cs (L)","Lindgren, Johnson and Mann","null","null","null","null","null","null","null","null","null","null","null",""
"5307","ORGANIC Shiitake 5lbs/cs (L)","Lindgren, Johnson and Mann","null","2019","2","9.0000","499.90","6","0","311.19","188.71","null","37.74955",""
"5308","ORGANIC Shiitake 5lbs/cs (L)","Lindgren, Johnson and Mann","null","null","null","null","null","null","null","null","null","null","null",""
"5309","ORGANIC Shiitake 5lbs/cs (L)","Lindgren, Johnson and Mann","null","2019","3","7.0000","361.75","4","0","244.63","117.12","null","32.37595",""
"5310","ORGANIC Shiitake 5lbs/cs (L)","Lindgren, Johnson and Mann","null","2019","4","8.0000","452.00","4","0","290.76","161.24","null","35.67257",""
"5311","ORGANIC Shiitake 5lbs/cs (L)","Lindgren, Johnson and Mann","null","2019","5","12.0000","678.00","6","0","447.12","230.88","null","34.05310",""
"5312","ORGANIC Shiitake 5lbs/cs (L)","Lindgren, Johnson and Mann","null","2019","6","4.0000","226.00","3","0","150.26","75.74","null","33.51327",""
"5313","Wine - Semi Dry Riesling Vineland","Lindgren, Johnson and Mann","null","null","null","null","null","null","null","null","null","null","null",""
"5314","Wine - Semi Dry Riesling Vineland","Lindgren, Johnson and Mann","null","2019","1","15.0000","231.75","6","0","105.20","126.55","null","54.60626",""
"5315","Wine - Sawmill Creek Autumn","Lindgren, Johnson and Mann","null","null","null","null","null","null","null","null","null","null","null",""
"5316","Wine - Sawmill Creek Autumn","Lindgren, Johnson and Mann","null","null","null","null","null","null","null","null","null","null","null",""
"5317","Wine - Sawmill Creek Autumn","Lindgren, Johnson and Mann","null","2019","2","14.0000","217.00","6","0","98.20","118.80","null","54.74654",""
"5318","Wine - Sawmill Creek Autumn","Lindgren, Johnson and Mann","null","null","null","null","null","null","null","null","null","null","null",""
"5319","Wine - Sawmill Creek Autumn","Lindgren, Johnson and Mann","null","2019","3","11.0000","162.25","5","0","77.15","85.10","null","52.44992",""
"5320","Wine - Sawmill Creek Autumn","Lindgren, Johnson and Mann","null","2019","4","13.0000","197.00","5","0","91.18","105.82","null","53.71574",""
"5321","Wine - Sawmill Creek Autumn","Lindgren, Johnson and Mann","null","2019","5","12.0000","198.00","6","0","84.17","113.83","null","57.48990",""
"5322","Wine - Sawmill Creek Autumn","Lindgren, Johnson and Mann","null","2019","6","9.0000","148.50","4","0","63.13","85.37","null","57.48822",""
"5323","Icecream Cone - Areo Chocolate","Lindgren, Johnson and Mann","null","null","null","null","null","null","null","null","null","null","null",""
"5324","Icecream Cone - Areo Chocolate","Lindgren, Johnson and Mann","null","2019","1","13.0000","274.50","6","0","89.54","184.96","null","67.38069",""
"5325","Cheese - Camembert","Lindgren, Johnson and Mann","null","null","null","null","null","null","null","null","null","null","null",""
"5326","Cheese - Camembert","Lindgren, Johnson and Mann","null","null","null","null","null","null","null","null","null","null","null",""
"5327","Cheese - Camembert","Lindgren, Johnson and Mann","null","2019","2","15.0000","346.61","6","0","101.10","245.51","null","70.83177",""
"5328","Cheese - Camembert","Lindgren, Johnson and Mann","null","null","null","null","null","null","null","null","null","null","null",""
"5329","Cheese - Camembert","Lindgren, Johnson and Mann","null","2019","3","8.0000","163.73","4","0","53.92","109.81","null","67.06773",""
"5330","Cheese - Camembert","Lindgren, Johnson and Mann","null","2019","4","9.0000","181.50","5","0","60.66","120.84","null","66.57851",""
"5331","Cheese - Camembert","Lindgren, Johnson and Mann","null","2019","5","12.0000","270.00","6","0","80.88","189.12","null","70.04444",""
"5332","Cheese - Camembert","Lindgren, Johnson and Mann","null","2019","6","8.0000","180.00","4","0","53.92","126.08","null","70.04444",""
"5333","Bread Country Roll","Lindgren, Johnson and Mann","null","null","null","null","null","null","null","null","null","null","null",""
"5334","Bread Country Roll","Lindgren, Johnson and Mann","null","2019","1","8.0000","153.50","5","0","99.68","53.82","null","35.06189",""
"5335","Juice - Apple Cider","Lindgren, Johnson and Mann","null","null","null","null","null","null","null","null","null","null","null",""
"5336","Juice - Apple Cider","Lindgren, Johnson and Mann","null","null","null","null","null","null","null","null","null","null","null",""
"5337","Juice - Apple Cider","Lindgren, Johnson and Mann","null","2019","2","15.0000","388.55","6","0","186.96","201.59","null","51.88264",""
"5338","Juice - Apple Cider","Lindgren, Johnson and Mann","null","null","null","null","null","null","null","null","null","null","null",""
"5339","Juice - Apple Cider","Lindgren, Johnson and Mann","null","2019","3","6.0000","109.50","3","0","74.79","34.71","null","31.69863",""
"5340","Juice - Apple Cider","Lindgren, Johnson and Mann","null","2019","4","10.0000","188.00","5","0","124.65","63.35","null","33.69681",""
"5341","Juice - Apple Cider","Lindgren, Johnson and Mann","null","2019","5","13.0000","273.00","6","0","162.04","110.96","null","40.64469",""
"5342","Juice - Apple Cider","Lindgren, Johnson and Mann","null","2019","6","8.0000","168.00","4","0","99.72","68.28","null","40.64286",""
"5343","Sage Derby","Lindgren, Johnson and Mann","null","null","null","null","null","null","null","null","null","null","null",""
"5344","Sage Derby","Lindgren, Johnson and Mann","null","2019","1","2.0000","89.60","1","0","35.30","54.30","null","60.60268",""
"5345","Cheese - Camembert","Lindgren, Johnson and Mann","null","null","null","null","null","null","null","null","null","null","null",""
"5346","Cheese - Camembert","Lindgren, Johnson and Mann","null","null","null","null","null","null","null","null","null","null","null",""
"5347","Cheese - Camembert","Lindgren, Johnson and Mann","null","2019","5","1.0000","40.15","1","0","18.73","21.42","null","53.34994",""
"5348","Cheese - Camembert","Lindgren, Johnson and Mann","null","null","null","null","null","null","null","null","null","null","null",""
"5349","Cheese - Oka","Lindgren, Johnson and Mann","null","null","null","null","null","null","null","null","null","null","null",""
"5350","Cheese - Oka","Lindgren, Johnson and Mann","null","2019","4","1.0000","95.00","1","0","42.10","52.90","null","55.68421",""
"5351","Truffle Shells - White Chocolate","Lindgren, Johnson and Mann","null","null","null","null","null","null","null","null","null","null","null",""
"5352","Truffle Shells - White Chocolate","Lindgren, Johnson and Mann","null","null","null","null","null","null","null","null","null","null","null",""
"5353","Truffle Shells - White Chocolate","Lindgren, Johnson and Mann","null","2019","5","1.0000","95.00","1","0","42.10","52.90","null","55.68421",""
"5354","Truffle Shells - White Chocolate","Lindgren, Johnson and Mann","null","null","null","null","null","null","null","null","null","null","null",""
"5355","Muffin Mix - Lemon Cranberry","Lindgren, Johnson and Mann","null","null","null","null","null","null","null","null","null","null","null",""
"5356","Muffin Mix - Lemon Cranberry","Lindgren, Johnson and Mann","null","2019","2","2.0000","37.96","1","0","12.97","24.99","null","65.83246",""
"5357","Plasticknivesblack","Lindgren, Johnson and Mann","null","null","null","null","null","null","null","null","null","null","null",""
"5358","Plasticknivesblack","Lindgren, Johnson and Mann","null","null","null","null","null","null","null","null","null","null","null",""
"5359","Plasticknivesblack","Lindgren, Johnson and Mann","null","2019","3","2.0000","37.96","1","0","12.97","24.99","null","65.83246",""
"5360","Plasticknivesblack","Lindgren, Johnson and Mann","null","null","null","null","null","null","null","null","null","null","null",""
"5361","Plasticknivesblack","Lindgren, Johnson and Mann","null","2019","4","1.0000","18.98","1","0","6.49","12.49","null","65.80611",""
"5362","Plasticknivesblack","Lindgren, Johnson and Mann","null","2019","5","2.0000","37.96","1","0","12.97","24.99","null","65.83246",""
"5363","Plasticknivesblack","Lindgren, Johnson and Mann","null","null","null","null","null","null","null","null","null","null","null",""
"5364","null","null","Customer Total:","null","null","null","8,187.02","null","null","4,459.34","null","null","null",""
"5365","Plasticknivesblack","Lindgren, Johnson and Mann","null","null","null","null","null","null","null","null","null","null","null",""
"5366","Plasticknivesblack","Wiegand, Moen and Sauer","null","null","null","null","null","null","null","null","null","null","null",""
"5367","Muffin Orange Individual","Wiegand, Moen and Sauer","null","null","null","null","null","null","null","null","null","null","null",""
"5368","Muffin Orange Individual","Wiegand, Moen and Sauer","null","2019","3","2.0000","24.00","1","0","10.20","13.80","null","57.50000",""
"5369","Beef - Tenderloin - Aa","Wiegand, Moen and Sauer","null","null","null","null","null","null","null","null","null","null","null",""
"5370","Beef - Tenderloin - Aa","Wiegand, Moen and Sauer","null","null","null","null","null","null","null","null","null","null","null",""
"5371","Beef - Tenderloin - Aa","Wiegand, Moen and Sauer","null","2019","6","2.0000","25.00","1","0","10.20","14.80","null","59.20000",""
"5372","Beef - Tenderloin - Aa","Wiegand, Moen and Sauer","null","null","null","null","null","null","null","null","null","null","null",""
"5373","Sugar - Palm","Wiegand, Moen and Sauer","null","null","null","null","null","null","null","null","null","null","null",""
"5374","Sugar - Palm","Wiegand, Moen and Sauer","null","2019","6","2.0000","58.40","2","0","37.31","21.09","null","36.11301",""
"5375","Tarragon - Fresh","Wiegand, Moen and Sauer","null","null","null","null","null","null","null","null","null","null","null",""
"5376","Tarragon - Fresh","Wiegand, Moen and Sauer","null","null","null","null","null","null","null","null","null","null","null",""
"5377","Octopus","Wiegand, Moen and Sauer","null","null","null","null","null","null","null","null","null","null","null",""
"5378","Octopus","Wiegand, Moen and Sauer","null","2019","1","11.0000","132.00","6","0","65.73","66.27","null","50.20455",""
"5379","V8 - Vegetable Cocktail","Wiegand, Moen and Sauer","null","null","null","null","null","null","null","null","null","null","null",""
"5380","V8 - Vegetable Cocktail","Wiegand, Moen and Sauer","null","null","null","null","null","null","null","null","null","null","null",""
"5381","V8 - Vegetable Cocktail","Wiegand, Moen and Sauer","null","2019","2","10.0000","122.28","5","0","59.75","62.53","null","51.13674",""
"5382","V8 - Vegetable Cocktail","Wiegand, Moen and Sauer","null","null","null","null","null","null","null","null","null","null","null",""
"5383","V8 - Vegetable Cocktail","Wiegand, Moen and Sauer","null","2019","3","6.0000","72.00","3","0","35.85","36.15","null","50.20833",""
"5384","V8 - Vegetable Cocktail","Wiegand, Moen and Sauer","null","2019","4","7.0000","85.00","4","0","41.83","43.17","null","50.78824",""
"5385","V8 - Vegetable Cocktail","Wiegand, Moen and Sauer","null","2019","5","10.0000","125.00","5","0","59.75","65.25","null","52.20000",""
"5386","V8 - Vegetable Cocktail","Wiegand, Moen and Sauer","null","2019","6","8.0000","100.00","4","0","47.80","52.20","null","52.20000",""
"5387","Cape Capensis - Fillet","Wiegand, Moen and Sauer","null","null","null","null","null","null","null","null","null","null","null",""
"5388","Cape Capensis - Fillet","Wiegand, Moen and Sauer","null","2019","6","2.0000","24.76","1","0","19.60","5.16","null","20.84006",""
"5389","Roe - White Fish","Wiegand, Moen and Sauer","null","null","null","null","null","null","null","null","null","null","null",""
"5390","Roe - White Fish","Wiegand, Moen and Sauer","null","null","null","null","null","null","null","null","null","null","null",""
"5391","Skirt - 29 Foot","Wiegand, Moen and Sauer","null","null","null","null","null","null","null","null","null","null","null",""
"5392","Skirt - 29 Foot","Wiegand, Moen and Sauer","null","2019","1","11.0000","148.50","6","0","49.39","99.11","null","66.74074",""
"5393","Blueberries - Frozen","Wiegand, Moen and Sauer","null","null","null","null","null","null","null","null","null","null","null",""
"5394","Blueberries - Frozen","Wiegand, Moen and Sauer","null","null","null","null","null","null","null","null","null","null","null",""
"5395","Blueberries - Frozen","Wiegand, Moen and Sauer","null","2019","2","10.0000","139.80","5","0","44.90","94.90","null","67.88269",""
"5396","Blueberries - Frozen","Wiegand, Moen and Sauer","null","null","null","null","null","null","null","null","null","null","null",""
"5397","Blueberries - Frozen","Wiegand, Moen and Sauer","null","2019","3","7.0000","94.50","4","0","31.43","63.07","null","66.74074",""
"5398","Blueberries - Frozen","Wiegand, Moen and Sauer","null","2019","4","8.0000","110.00","4","0","35.92","74.08","null","67.34545",""
"5399","Blueberries - Frozen","Wiegand, Moen and Sauer","null","2019","5","10.0000","145.00","5","0","44.90","100.10","null","69.03448",""
"5400","Blueberries - Frozen","Wiegand, Moen and Sauer","null","2019","6","8.0000","116.00","4","0","35.92","80.08","null","69.03448",""
"5401","Pomegranates","Wiegand, Moen and Sauer","null","null","null","null","null","null","null","null","null","null","null",""
"5402","Pomegranates","Wiegand, Moen and Sauer","null","2019","6","1.0000","12.00","1","0","13.23","-1.23","null","-10.25000",""
"5403","Bread - Malt","Wiegand, Moen and Sauer","null","null","null","null","null","null","null","null","null","null","null",""
"5404","Bread - Malt","Wiegand, Moen and Sauer","null","null","null","null","null","null","null","null","null","null","null",""
"5405","Wine - Semi Dry Riesling Vineland","Wiegand, Moen and Sauer","null","null","null","null","null","null","null","null","null","null","null",""
"5406","Wine - Semi Dry Riesling Vineland","Wiegand, Moen and Sauer","null","2019","1","11.0000","181.50","6","0","77.16","104.34","null","57.48760",""
"5407","Wine - Sawmill Creek Autumn","Wiegand, Moen and Sauer","null","null","null","null","null","null","null","null","null","null","null",""
"5408","Wine - Sawmill Creek Autumn","Wiegand, Moen and Sauer","null","null","null","null","null","null","null","null","null","null","null",""
"5409","Wine - Sawmill Creek Autumn","Wiegand, Moen and Sauer","null","2019","2","10.0000","165.00","5","0","70.15","94.85","null","57.48485",""
"5410","Wine - Sawmill Creek Autumn","Wiegand, Moen and Sauer","null","null","null","null","null","null","null","null","null","null","null",""
"5411","Wine - Sawmill Creek Autumn","Wiegand, Moen and Sauer","null","2019","3","7.0000","115.50","4","0","49.10","66.40","null","57.48918",""
"5412","Wine - Sawmill Creek Autumn","Wiegand, Moen and Sauer","null","2019","4","7.0000","115.50","4","0","49.10","66.40","null","57.48918",""
"5413","Wine - Sawmill Creek Autumn","Wiegand, Moen and Sauer","null","2019","5","10.0000","165.00","5","0","70.15","94.85","null","57.48485",""
"5414","Wine - Sawmill Creek Autumn","Wiegand, Moen and Sauer","null","2019","6","9.0000","148.50","5","0","63.13","85.37","null","57.48822",""
"5415","Icecream Cone - Areo Chocolate","Wiegand, Moen and Sauer","null","null","null","null","null","null","null","null","null","null","null",""
"5416","Icecream Cone - Areo Chocolate","Wiegand, Moen and Sauer","null","2019","1","12.0000","276.00","6","0","82.16","193.84","null","70.23188",""
"5417","Cheese - Camembert","Wiegand, Moen and Sauer","null","null","null","null","null","null","null","null","null","null","null",""
"5418","Cheese - Camembert","Wiegand, Moen and Sauer","null","null","null","null","null","null","null","null","null","null","null",""
"5419","Cheese - Camembert","Wiegand, Moen and Sauer","null","2019","2","10.0000","241.38","5","0","67.40","173.98","null","72.07722",""
"5420","Cheese - Camembert","Wiegand, Moen and Sauer","null","null","null","null","null","null","null","null","null","null","null",""
"5421","Cheese - Camembert","Wiegand, Moen and Sauer","null","2019","3","9.0000","175.50","4","0","60.66","114.84","null","65.43590",""
"5422","Cheese - Camembert","Wiegand, Moen and Sauer","null","2019","4","9.0000","181.50","4","0","60.66","120.84","null","66.57851",""
"5423","Cheese - Camembert","Wiegand, Moen and Sauer","null","2019","5","14.0000","315.00","5","0","94.36","220.64","null","70.04444",""
"5424","Cheese - Camembert","Wiegand, Moen and Sauer","null","2019","6","8.0000","180.00","5","0","53.92","126.08","null","70.04444",""
"5425","Bread Country Roll","Wiegand, Moen and Sauer","null","null","null","null","null","null","null","null","null","null","null",""
"5426","Bread Country Roll","Wiegand, Moen and Sauer","null","2019","1","11.0000","268.25","6","0","137.03","131.22","null","48.91705",""
"5427","Juice - Apple Cider","Wiegand, Moen and Sauer","null","null","null","null","null","null","null","null","null","null","null",""
"5428","Juice - Apple Cider","Wiegand, Moen and Sauer","null","null","null","null","null","null","null","null","null","null","null",""
"5429","Juice - Apple Cider","Wiegand, Moen and Sauer","null","2019","2","7.0000","191.95","4","0","87.25","104.70","null","54.54545",""
"5430","Juice - Apple Cider","Wiegand, Moen and Sauer","null","null","null","null","null","null","null","null","null","null","null",""
"5431","Juice - Apple Cider","Wiegand, Moen and Sauer","null","2019","3","6.0000","132.00","4","0","74.78","57.22","null","43.34848",""
"5432","Juice - Apple Cider","Wiegand, Moen and Sauer","null","2019","4","5.0000","110.00","4","0","62.31","47.69","null","43.35455",""
"5433","Juice - Apple Cider","Wiegand, Moen and Sauer","null","2019","5","9.0000","198.00","5","0","112.18","85.82","null","43.34343",""
"5434","Juice - Apple Cider","Wiegand, Moen and Sauer","null","2019","6","7.0000","154.00","5","0","87.24","66.76","null","43.35065",""
"5435","Bread Bowl Plain","Wiegand, Moen and Sauer","null","null","null","null","null","null","null","null","null","null","null",""
"5436","Bread Bowl Plain","Wiegand, Moen and Sauer","null","2019","2","1.0000","14.58","1","0","5.33","9.25","null","63.44307",""
"5437","Cinnamon - Ground","Wiegand, Moen and Sauer","null","null","null","null","null","null","null","null","null","null","null",""
"5438","Cinnamon - Ground","Wiegand, Moen and Sauer","null","null","null","null","null","null","null","null","null","null","null",""
"5439","Sugar - Sweet N Low, Individual","Wiegand, Moen and Sauer","null","null","null","null","null","null","null","null","null","null","null",""
"5440","Sugar - Sweet N Low, Individual","Wiegand, Moen and Sauer","null","2019","1","1.0000","29.50","1","0","9.97","19.53","null","66.20339",""
"5441","Onions - Vidalia","Wiegand, Moen and Sauer","null","null","null","null","null","null","null","null","null","null","null",""
"5442","Onions - Vidalia","Wiegand, Moen and Sauer","null","null","null","null","null","null","null","null","null","null","null",""
"5443","Sage Derby","Wiegand, Moen and Sauer","null","null","null","null","null","null","null","null","null","null","null",""
"5444","Sage Derby","Wiegand, Moen and Sauer","null","2019","4","1.0000","44.80","1","0","18.73","26.07","null","58.19196",""
"5445","Cheese - Camembert","Wiegand, Moen and Sauer","null","null","null","null","null","null","null","null","null","null","null",""
"5446","Cheese - Camembert","Wiegand, Moen and Sauer","null","null","null","null","null","null","null","null","null","null","null",""
"5447","Cheese - Oka","Wiegand, Moen and Sauer","null","null","null","null","null","null","null","null","null","null","null",""
"5448","Cheese - Oka","Wiegand, Moen and Sauer","null","2019","4","1.0000","95.00","1","0","42.10","52.90","null","55.68421",""
"5449","Truffle Shells - White Chocolate","Wiegand, Moen and Sauer","null","null","null","null","null","null","null","null","null","null","null",""
"5450","Truffle Shells - White Chocolate","Wiegand, Moen and Sauer","null","null","null","null","null","null","null","null","null","null","null",""
"5451","Soup - French Can Pea","Wiegand, Moen and Sauer","null","null","null","null","null","null","null","null","null","null","null",""
"5452","Soup - French Can Pea","Wiegand, Moen and Sauer","null","2019","1","1.0000","25.00","1","0","14.02","10.98","null","43.92000",""
"5453","Ice Cream Bar - Hagen Daz","Wiegand, Moen and Sauer","null","null","null","null","null","null","null","null","null","null","null",""
"5454","Ice Cream Bar - Hagen Daz","Wiegand, Moen and Sauer","null","null","null","null","null","null","null","null","null","null","null",""
"5455","Ice Cream Bar - Hagen Daz","Wiegand, Moen and Sauer","null","2019","2","1.0000","23.93","1","0","13.98","9.95","null","41.57961",""
"5456","Ice Cream Bar - Hagen Daz","Wiegand, Moen and Sauer","null","null","null","null","null","null","null","null","null","null","null",""
"5457","Ice Cream Bar - Hagen Daz","Wiegand, Moen and Sauer","null","2019","6","1.0000","23.93","1","0","13.98","9.95","null","41.57961",""
"5458","Pepper - Red Thai","Wiegand, Moen and Sauer","null","null","null","null","null","null","null","null","null","null","null",""
"5459","Pepper - Red Thai","Wiegand, Moen and Sauer","null","2019","1","4.0000","63.50","3","0","22.07","41.43","null","65.24409",""
"5460","Macaroons - Two Bite Choc","Wiegand, Moen and Sauer","null","null","null","null","null","null","null","null","null","null","null",""
"5461","Macaroons - Two Bite Choc","Wiegand, Moen and Sauer","null","null","null","null","null","null","null","null","null","null","null",""
"5462","Macaroons - Two Bite Choc","Wiegand, Moen and Sauer","null","2019","2","1.0000","17.50","1","0","5.52","11.98","null","68.45714",""
"5463","Macaroons - Two Bite Choc","Wiegand, Moen and Sauer","null","null","null","null","null","null","null","null","null","null","null",""
"5464","Macaroons - Two Bite Choc","Wiegand, Moen and Sauer","null","2019","3","4.0000","62.00","4","0","22.08","39.92","null","64.38710",""
"5465","Macaroons - Two Bite Choc","Wiegand, Moen and Sauer","null","2019","4","2.0000","33.00","2","0","11.04","21.96","null","66.54545",""
"5466","Macaroons - Two Bite Choc","Wiegand, Moen and Sauer","null","2019","5","5.0000","87.50","5","0","27.60","59.90","null","68.45714",""
"5467","Macaroons - Two Bite Choc","Wiegand, Moen and Sauer","null","2019","6","4.0000","70.00","4","0","22.08","47.92","null","68.45714",""
"5468","Muffin Mix - Lemon Cranberry","Wiegand, Moen and Sauer","null","null","null","null","null","null","null","null","null","null","null",""
"5469","Muffin Mix - Lemon Cranberry","Wiegand, Moen and Sauer","null","2019","1","1.0000","18.00","1","0","6.48","11.52","null","64.00000",""
"5470","Plasticknivesblack","Wiegand, Moen and Sauer","null","null","null","null","null","null","null","null","null","null","null",""
"5471","Plasticknivesblack","Wiegand, Moen and Sauer","null","null","null","null","null","null","null","null","null","null","null",""
"5472","Plasticknivesblack","Wiegand, Moen and Sauer","null","2019","3","1.0000","18.00","1","0","6.49","11.51","null","63.94444",""
"5473","Plasticknivesblack","Wiegand, Moen and Sauer","null","null","null","null","null","null","null","null","null","null","null",""
"5474","Plasticknivesblack","Wiegand, Moen and Sauer","null","2019","4","1.0000","18.00","1","0","6.49","11.51","null","63.94444",""
"5475","Plasticknivesblack","Wiegand, Moen and Sauer","null","2019","5","2.0000","43.00","2","0","12.98","30.02","null","69.81395",""
"5476","Plasticknivesblack","Wiegand, Moen and Sauer","null","2019","6","3.0000","61.98","2","0","19.46","42.52","null","68.60278",""
"5477","Plasticknivesblack","Wiegand, Moen and Sauer","null","null","null","null","null","null","null","null","null","null","null",""
"5478","null","null","Customer Total:","null","null","null","5,598.04","null","null","2,282.85","null","null","null",""
"5479","Plasticknivesblack","Wiegand, Moen and Sauer","null","null","null","null","null","null","null","null","null","null","null",""
"5480","Plasticknivesblack","Lubowitz-Stamm","null","null","null","null","null","null","null","null","null","null","null",""
"5481","Lemonade - Pineapple Passion","Lubowitz-Stamm","null","null","null","null","null","null","null","null","null","null","null",""
"5482","Lemonade - Pineapple Passion","Lubowitz-Stamm","null","2019","2","4.0000","80.00","1","0","34.29","45.71","null","57.13750",""
"5483","Mushroom - Morels, Dry","Lubowitz-Stamm","null","null","null","null","null","null","null","null","null","null","null",""
"5484","Mushroom - Morels, Dry","Lubowitz-Stamm","null","null","null","null","null","null","null","null","null","null","null",""
"5485","Mushroom - Morels, Dry","Lubowitz-Stamm","null","2019","4","8.0000","160.00","1","0","68.64","91.36","null","57.10000",""
"5486","Mushroom - Morels, Dry","Lubowitz-Stamm","null","null","null","null","null","null","null","null","null","null","null",""
"5487","Mushroom - Morels, Dry","Lubowitz-Stamm","null","2019","5","5.0000","100.00","1","0","42.96","57.04","null","57.04000",""
"5488","Galliano","Lubowitz-Stamm","null","null","null","null","null","null","null","null","null","null","null",""
"5489","Galliano","Lubowitz-Stamm","null","2019","2","4.0000","260.00","1","0","190.89","69.11","null","26.58077",""
"5490","Dried Lobster Mushroom 1#/pp","Lubowitz-Stamm","null","null","null","null","null","null","null","null","null","null","null",""
"5491","Dried Lobster Mushroom 1#/pp","Lubowitz-Stamm","null","null","null","null","null","null","null","null","null","null","null",""
"5492","Wine La Vielle Ferme Cote Du","Lubowitz-Stamm","null","null","null","null","null","null","null","null","null","null","null",""
"5493","Wine La Vielle Ferme Cote Du","Lubowitz-Stamm","null","2019","5","3.0000","720.00","1","0","322.60","397.40","null","55.19444",""
"5494","Olives - Kalamata","Lubowitz-Stamm","null","null","null","null","null","null","null","null","null","null","null",""
"5495","Olives - Kalamata","Lubowitz-Stamm","null","null","null","null","null","null","null","null","null","null","null",""
"5496","Olives - Kalamata","Lubowitz-Stamm","null","null","null","null","null","null","null","null","null","null","null",""
"5497","null","null","Customer Total:","null","null","null","1,320.00","null","null","659.38","null","null","null",""
"5498","Olives - Kalamata","Lubowitz-Stamm","null","null","null","null","null","null","null","null","null","null","null",""
"5499","Olives - Kalamata","Leuschke, Hackett and Gleason","null","null","null","null","null","null","null","null","null","null","null",""
"5500","Tea - Earl Grey","Leuschke, Hackett and Gleason","null","null","null","null","null","null","null","null","null","null","null",""
"5501","Tea - Earl Grey","Leuschke, Hackett and Gleason","null","2019","1","21.0000","268.75","4","0","209.19","59.56","null","22.16186",""
"5502","Wine - Red, Metus Rose","Leuschke, Hackett and Gleason","null","null","null","null","null","null","null","null","null","null","null",""
"5503","Wine - Red, Metus Rose","Leuschke, Hackett and Gleason","null","null","null","null","null","null","null","null","null","null","null",""
"5504","Wine - Red, Metus Rose","Leuschke, Hackett and Gleason","null","2019","2","13.0000","185.90","3","0","130.14","55.76","null","29.99462",""
"5505","Wine - Red, Metus Rose","Leuschke, Hackett and Gleason","null","null","null","null","null","null","null","null","null","null","null",""
"5506","Wine - Red, Metus Rose","Leuschke, Hackett and Gleason","null","2019","3","23.0000","270.25","4","0","229.97","40.28","null","14.90472",""
"5507","Wine - Red, Metus Rose","Leuschke, Hackett and Gleason","null","2019","4","4.0000","47.00","1","0","39.87","7.13","null","15.17021",""
"5508","Tomatoes - Heirloom","Leuschke, Hackett and Gleason","null","null","null","null","null","null","null","null","null","null","null",""
"5509","Tomatoes - Heirloom","Leuschke, Hackett and Gleason","null","2019","1","16.0000","212.40","4","0","151.48","60.92","null","28.68173",""
"5510","Wine - Red, Metus Rose","Leuschke, Hackett and Gleason","null","null","null","null","null","null","null","null","null","null","null",""
"5511","Wine - Red, Metus Rose","Leuschke, Hackett and Gleason","null","null","null","null","null","null","null","null","null","null","null",""
"5512","Wine - Red, Metus Rose","Leuschke, Hackett and Gleason","null","2019","2","10.0000","155.00","3","0","95.75","59.25","null","38.22581",""
"5513","Wine - Red, Metus Rose","Leuschke, Hackett and Gleason","null","null","null","null","null","null","null","null","null","null","null",""
"5514","Wine - Red, Metus Rose","Leuschke, Hackett and Gleason","null","2019","3","16.0000","187.20","4","0","153.43","33.77","null","18.03953",""
"5515","Wine - Red, Metus Rose","Leuschke, Hackett and Gleason","null","2019","4","2.0000","23.40","1","0","19.31","4.09","null","17.47863",""
"5516","Wine - Alsace Gewurztraminer","Leuschke, Hackett and Gleason","null","null","null","null","null","null","null","null","null","null","null",""
"5517","Wine - Alsace Gewurztraminer","Leuschke, Hackett and Gleason","null","2019","1","10.0000","157.75","4","0","91.94","65.81","null","41.71791",""
"5518","Wine - Kwv Chenin Blanc South","Leuschke, Hackett and Gleason","null","null","null","null","null","null","null","null","null","null","null",""
"5519","Wine - Kwv Chenin Blanc South","Leuschke, Hackett and Gleason","null","null","null","null","null","null","null","null","null","null","null",""
"5520","Wine - Kwv Chenin Blanc South","Leuschke, Hackett and Gleason","null","2019","2","3.0000","51.99","2","0","27.41","24.58","null","47.27832",""
"5521","Wine - Kwv Chenin Blanc South","Leuschke, Hackett and Gleason","null","null","null","null","null","null","null","null","null","null","null",""
"5522","Wine - Kwv Chenin Blanc South","Leuschke, Hackett and Gleason","null","2019","3","6.0000","88.80","4","0","54.83","33.97","null","38.25450",""
"5523","Wine - Kwv Chenin Blanc South","Leuschke, Hackett and Gleason","null","2019","4","1.0000","14.80","1","0","9.14","5.66","null","38.24324",""
"5524","Flour - Masa De Harina Mexican","Leuschke, Hackett and Gleason","null","null","null","null","null","null","null","null","null","null","null",""
"5525","Flour - Masa De Harina Mexican","Leuschke, Hackett and Gleason","null","2019","2","2.0000","88.00","2","0","34.96","53.04","null","60.27273",""
"5526","Container - Clear 16 Oz","Leuschke, Hackett and Gleason","null","null","null","null","null","null","null","null","null","null","null",""
"5527","Container - Clear 16 Oz","Leuschke, Hackett and Gleason","null","null","null","null","null","null","null","null","null","null","null",""
"5528","Container - Clear 16 Oz","Leuschke, Hackett and Gleason","null","2019","4","1.0000","40.00","1","0","18.15","21.85","null","54.62500",""
"5529","Container - Clear 16 Oz","Leuschke, Hackett and Gleason","null","null","null","null","null","null","null","null","null","null","null",""
"5530","Wine - Muscadet Sur Lie","Leuschke, Hackett and Gleason","null","null","null","null","null","null","null","null","null","null","null",""
"5531","Wine - Muscadet Sur Lie","Leuschke, Hackett and Gleason","null","2019","1","5.0000","77.50","4","0","41.53","35.97","null","46.41290",""
"5532","Pork - Ham, Virginia","Leuschke, Hackett and Gleason","null","null","null","null","null","null","null","null","null","null","null",""
"5533","Pork - Ham, Virginia","Leuschke, Hackett and Gleason","null","null","null","null","null","null","null","null","null","null","null",""
"5534","Pork - Ham, Virginia","Leuschke, Hackett and Gleason","null","2019","2","1.0000","15.50","1","0","8.30","7.20","null","46.45161",""
"5535","Pork - Ham, Virginia","Leuschke, Hackett and Gleason","null","null","null","null","null","null","null","null","null","null","null",""
"5536","Pork - Ham, Virginia","Leuschke, Hackett and Gleason","null","2019","3","4.0000","62.00","4","0","33.20","28.80","null","46.45161",""
"5537","Octopus","Leuschke, Hackett and Gleason","null","null","null","null","null","null","null","null","null","null","null",""
"5538","Octopus","Leuschke, Hackett and Gleason","null","2019","1","27.0000","301.25","4","0","161.34","139.91","null","46.44315",""
"5539","V8 - Vegetable Cocktail","Leuschke, Hackett and Gleason","null","null","null","null","null","null","null","null","null","null","null",""
"5540","V8 - Vegetable Cocktail","Leuschke, Hackett and Gleason","null","null","null","null","null","null","null","null","null","null","null",""
"5541","V8 - Vegetable Cocktail","Leuschke, Hackett and Gleason","null","2019","2","19.0000","235.22","3","0","113.53","121.69","null","51.73455",""
"5542","V8 - Vegetable Cocktail","Leuschke, Hackett and Gleason","null","null","null","null","null","null","null","null","null","null","null",""
"5543","V8 - Vegetable Cocktail","Leuschke, Hackett and Gleason","null","2019","3","32.0000","328.00","4","0","191.21","136.79","null","41.70427",""
"5544","V8 - Vegetable Cocktail","Leuschke, Hackett and Gleason","null","2019","4","6.0000","61.50","1","0","35.85","25.65","null","41.70732",""
"5545","Longos - Chicken Caeser Salad","Leuschke, Hackett and Gleason","null","null","null","null","null","null","null","null","null","null","null",""
"5546","Longos - Chicken Caeser Salad","Leuschke, Hackett and Gleason","null","2019","1","4.0000","72.60","4","0","37.20","35.40","null","48.76033",""
"5547","Lettuce - Treviso","Leuschke, Hackett and Gleason","null","null","null","null","null","null","null","null","null","null","null",""
"5548","Lettuce - Treviso","Leuschke, Hackett and Gleason","null","null","null","null","null","null","null","null","null","null","null",""
"5549","Lettuce - Treviso","Leuschke, Hackett and Gleason","null","2019","2","3.0000","50.25","2","0","27.90","22.35","null","44.47761",""
"5550","Lettuce - Treviso","Leuschke, Hackett and Gleason","null","null","null","null","null","null","null","null","null","null","null",""
"5551","Lettuce - Treviso","Leuschke, Hackett and Gleason","null","2019","3","4.0000","69.20","4","0","37.20","32.00","null","46.24277",""
"5552","Lettuce - Treviso","Leuschke, Hackett and Gleason","null","2019","4","1.0000","18.50","1","0","9.30","9.20","null","49.72973",""
"5553","Lettuce - Treviso","Leuschke, Hackett and Gleason","null","null","null","null","null","null","null","null","null","null","null",""
"5554","null","null","Customer Total:","null","null","null","3,082.76","null","null","1,962.13","null","null","null",""
"5555","Lettuce - Treviso","Leuschke, Hackett and Gleason","null","null","null","null","null","null","null","null","null","null","null",""
"5556","Lettuce - Treviso","Hodkiewicz and Sons","null","null","null","null","null","null","null","null","null","null","null",""
"5557","Bread Country Roll","Hodkiewicz and Sons","null","null","null","null","null","null","null","null","null","null","null",""
"5558","Bread Country Roll","Hodkiewicz and Sons","null","2019","3","0.0000","278.25","2","2","-0.01","-68.24","null","99.98535",""
"5559","Juice - Apple Cider","Hodkiewicz and Sons","null","null","null","null","null","null","null","null","null","null","null",""
"5560","Juice - Apple Cider","Hodkiewicz and Sons","null","null","null","null","null","null","null","null","null","null","null",""
"5561","Noodles - Steamed Chow Mein","Hodkiewicz and Sons","null","null","null","null","null","null","null","null","null","null","null",""
"5562","Noodles - Steamed Chow Mein","Hodkiewicz and Sons","null","2019","3","3.0000","52.50","1","0","22.50","30.00","null","57.14286",""
"5563","Organic Golden Pea Shoots 6 x 100g","Hodkiewicz and Sons","null","null","null","null","null","null","null","null","null","null","null",""
"5564","Organic Golden Pea Shoots 6 x 100g","Hodkiewicz and Sons","null","null","null","null","null","null","null","null","null","null","null",""
"5565","Pepper - Jalapeno","Hodkiewicz and Sons","null","null","null","null","null","null","null","null","null","null","null",""
"5566","Pepper - Jalapeno","Hodkiewicz and Sons","null","2019","3","-3.0000","27.75","1","2","-17.40","-10.35","null","37.29730",""
"5567","Thyme - Fresh","Hodkiewicz and Sons","null","null","null","null","null","null","null","null","null","null","null",""
"5568","Thyme - Fresh","Hodkiewicz and Sons","null","null","null","null","null","null","null","null","null","null","null",""
"5569","Thyme - Fresh","Hodkiewicz and Sons","null","null","null","null","null","null","null","null","null","null","null",""
"5570","null","null","Customer Total:","null","null","null","358.50","null","null","5.09","null","null","null",""
"5571","Thyme - Fresh","Hodkiewicz and Sons","null","null","null","null","null","null","null","null","null","null","null",""
"5572","Thyme - Fresh","Abshire-Price","null","null","null","null","null","null","null","null","null","null","null",""
"5573","Octopus","Abshire-Price","null","null","null","null","null","null","null","null","null","null","null",""
"5574","Octopus","Abshire-Price","null","2019","1","15.0000","164.25","5","0","89.65","74.60","null","45.41857",""
"5575","V8 - Vegetable Cocktail","Abshire-Price","null","null","null","null","null","null","null","null","null","null","null",""
"5576","V8 - Vegetable Cocktail","Abshire-Price","null","null","null","null","null","null","null","null","null","null","null",""
"5577","V8 - Vegetable Cocktail","Abshire-Price","null","2019","2","12.0000","148.56","4","0","71.72","76.84","null","51.72321",""
"5578","V8 - Vegetable Cocktail","Abshire-Price","null","null","null","null","null","null","null","null","null","null","null",""
"5579","V8 - Vegetable Cocktail","Abshire-Price","null","2019","3","12.0000","123.00","4","0","71.72","51.28","null","41.69106",""
"5580","V8 - Vegetable Cocktail","Abshire-Price","null","2019","4","12.0000","143.25","4","0","71.72","71.53","null","49.93368",""
"5581","V8 - Vegetable Cocktail","Abshire-Price","null","2019","5","15.0000","187.50","5","0","89.65","97.85","null","52.18667",""
"5582","V8 - Vegetable Cocktail","Abshire-Price","null","2019","6","12.0000","150.00","4","0","71.72","78.28","null","52.18667",""
"5583","Cape Capensis - Fillet","Abshire-Price","null","null","null","null","null","null","null","null","null","null","null",""
"5584","Cape Capensis - Fillet","Abshire-Price","null","2019","1","10.0000","115.50","5","0","97.93","17.57","null","15.21212",""
"5585","Roe - White Fish","Abshire-Price","null","null","null","null","null","null","null","null","null","null","null",""
"5586","Roe - White Fish","Abshire-Price","null","null","null","null","null","null","null","null","null","null","null",""
"5587","Roe - White Fish","Abshire-Price","null","2019","2","8.0000","99.04","4","0","78.28","20.76","null","20.96123",""
"5588","Roe - White Fish","Abshire-Price","null","null","null","null","null","null","null","null","null","null","null",""
"5589","Roe - White Fish","Abshire-Price","null","2019","3","8.0000","90.00","4","0","78.02","11.98","null","13.31111",""
"5590","Roe - White Fish","Abshire-Price","null","2019","4","8.0000","100.50","4","0","76.66","23.84","null","23.72139",""
"5591","Roe - White Fish","Abshire-Price","null","2019","5","10.0000","130.00","5","0","97.26","32.74","null","25.18462",""
"5592","Roe - White Fish","Abshire-Price","null","2019","6","8.0000","104.00","4","0","78.39","25.61","null","24.62500",""
"5593","Skirt - 29 Foot","Abshire-Price","null","null","null","null","null","null","null","null","null","null","null",""
"5594","Skirt - 29 Foot","Abshire-Price","null","2019","1","15.0000","186.75","5","0","67.35","119.40","null","63.93574",""
"5595","Blueberries - Frozen","Abshire-Price","null","null","null","null","null","null","null","null","null","null","null",""
"5596","Blueberries - Frozen","Abshire-Price","null","null","null","null","null","null","null","null","null","null","null",""
"5597","Blueberries - Frozen","Abshire-Price","null","2019","2","12.0000","171.60","4","0","53.88","117.72","null","68.60140",""
"5598","Blueberries - Frozen","Abshire-Price","null","null","null","null","null","null","null","null","null","null","null",""
"5599","Blueberries - Frozen","Abshire-Price","null","2019","3","12.0000","141.00","4","0","53.88","87.12","null","61.78723",""
"5600","Blueberries - Frozen","Abshire-Price","null","2019","4","12.0000","165.75","4","0","53.88","111.87","null","67.49321",""
"5601","Blueberries - Frozen","Abshire-Price","null","2019","5","15.0000","217.50","5","0","67.35","150.15","null","69.03448",""
"5602","Blueberries - Frozen","Abshire-Price","null","2019","6","12.0000","174.00","4","0","53.88","120.12","null","69.03448",""
"5603","Coffee - Espresso","Abshire-Price","null","null","null","null","null","null","null","null","null","null","null",""
"5604","Coffee - Espresso","Abshire-Price","null","2019","1","5.0000","76.50","5","0","27.60","48.90","null","63.92157",""
"5605","Trout - Hot Smkd, Dbl Fillet","Abshire-Price","null","null","null","null","null","null","null","null","null","null","null",""
"5606","Trout - Hot Smkd, Dbl Fillet","Abshire-Price","null","null","null","null","null","null","null","null","null","null","null",""
"5607","Trout - Hot Smkd, Dbl Fillet","Abshire-Price","null","2019","2","4.0000","64.92","4","0","22.08","42.84","null","65.98891",""
"5608","Trout - Hot Smkd, Dbl Fillet","Abshire-Price","null","null","null","null","null","null","null","null","null","null","null",""
"5609","Trout - Hot Smkd, Dbl Fillet","Abshire-Price","null","2019","3","4.0000","58.00","4","0","22.08","35.92","null","61.93103",""
"5610","Trout - Hot Smkd, Dbl Fillet","Abshire-Price","null","2019","4","4.0000","64.00","4","0","22.08","41.92","null","65.50000",""
"5611","Trout - Hot Smkd, Dbl Fillet","Abshire-Price","null","2019","5","5.0000","82.50","5","0","27.60","54.90","null","66.54545",""
"5612","Trout - Hot Smkd, Dbl Fillet","Abshire-Price","null","2019","6","4.0000","66.00","4","0","22.08","43.92","null","66.54545",""
"5613","Beef - Baby, Liver","Abshire-Price","null","null","null","null","null","null","null","null","null","null","null",""
"5614","Beef - Baby, Liver","Abshire-Price","null","2019","1","5.0000","92.50","5","0","45.70","46.80","null","50.59459",""
"5615","Muffin - Mix - Creme Brule 15l","Abshire-Price","null","null","null","null","null","null","null","null","null","null","null",""
"5616","Muffin - Mix - Creme Brule 15l","Abshire-Price","null","null","null","null","null","null","null","null","null","null","null",""
"5617","Muffin - Mix - Creme Brule 15l","Abshire-Price","null","2019","2","4.0000","80.00","4","0","36.56","43.44","null","54.30000",""
"5618","Muffin - Mix - Creme Brule 15l","Abshire-Price","null","null","null","null","null","null","null","null","null","null","null",""
"5619","Muffin - Mix - Creme Brule 15l","Abshire-Price","null","2019","3","4.0000","70.00","4","0","36.56","33.44","null","47.77143",""
"5620","Muffin - Mix - Creme Brule 15l","Abshire-Price","null","2019","4","4.0000","77.50","4","0","36.56","40.94","null","52.82581",""
"5621","Muffin - Mix - Creme Brule 15l","Abshire-Price","null","2019","5","5.0000","100.00","5","0","45.70","54.30","null","54.30000",""
"5622","Muffin - Mix - Creme Brule 15l","Abshire-Price","null","2019","6","4.0000","80.00","4","0","36.56","43.44","null","54.30000",""
"5623","Wine - Dubouef Macon - Villages","Abshire-Price","null","null","null","null","null","null","null","null","null","null","null",""
"5624","Wine - Dubouef Macon - Villages","Abshire-Price","null","2019","1","5.0000","60.50","5","0","27.60","32.90","null","54.38017",""
"5625","White Baguette","Abshire-Price","null","null","null","null","null","null","null","null","null","null","null",""
"5626","White Baguette","Abshire-Price","null","null","null","null","null","null","null","null","null","null","null",""
"5627","White Baguette","Abshire-Price","null","2019","2","4.0000","52.80","4","0","22.08","30.72","null","58.18182",""
"5628","White Baguette","Abshire-Price","null","null","null","null","null","null","null","null","null","null","null",""
"5629","White Baguette","Abshire-Price","null","2019","3","4.0000","48.25","4","0","22.08","26.17","null","54.23834",""
"5630","White Baguette","Abshire-Price","null","2019","4","4.0000","55.00","4","0","22.08","32.92","null","59.85455",""
"5631","White Baguette","Abshire-Price","null","2019","5","5.0000","68.75","5","0","27.60","41.15","null","59.85455",""
"5632","White Baguette","Abshire-Price","null","2019","6","4.0000","55.00","4","0","22.08","32.92","null","59.85455",""
"5633","Wine - Semi Dry Riesling Vineland","Abshire-Price","null","null","null","null","null","null","null","null","null","null","null",""
"5634","Wine - Semi Dry Riesling Vineland","Abshire-Price","null","2019","1","5.0000","77.25","5","0","35.05","42.20","null","54.62783",""
"5635","Wine - Sawmill Creek Autumn","Abshire-Price","null","null","null","null","null","null","null","null","null","null","null",""
"5636","Wine - Sawmill Creek Autumn","Abshire-Price","null","null","null","null","null","null","null","null","null","null","null",""
"5637","Wine - Sawmill Creek Autumn","Abshire-Price","null","2019","2","4.0000","66.00","4","0","28.04","37.96","null","57.51515",""
"5638","Wine - Sawmill Creek Autumn","Abshire-Price","null","null","null","null","null","null","null","null","null","null","null",""
"5639","Wine - Sawmill Creek Autumn","Abshire-Price","null","2019","3","4.0000","59.00","4","0","28.04","30.96","null","52.47458",""
"5640","Wine - Sawmill Creek Autumn","Abshire-Price","null","2019","4","4.0000","64.25","4","0","28.04","36.21","null","56.35798",""
"5641","Wine - Sawmill Creek Autumn","Abshire-Price","null","2019","5","5.0000","82.50","5","0","35.05","47.45","null","57.51515",""
"5642","Wine - Sawmill Creek Autumn","Abshire-Price","null","2019","6","4.0000","66.00","4","0","28.04","37.96","null","57.51515",""
"5643","Icecream Cone - Areo Chocolate","Abshire-Price","null","null","null","null","null","null","null","null","null","null","null",""
"5644","Icecream Cone - Areo Chocolate","Abshire-Price","null","2019","1","10.0000","216.00","5","0","67.40","148.60","null","68.79630",""
"5645","Cheese - Camembert","Abshire-Price","null","null","null","null","null","null","null","null","null","null","null",""
"5646","Cheese - Camembert","Abshire-Price","null","null","null","null","null","null","null","null","null","null","null",""
"5647","Cheese - Camembert","Abshire-Price","null","2019","2","8.0000","217.84","4","0","53.92","163.92","null","75.24789",""
"5648","Cheese - Camembert","Abshire-Price","null","null","null","null","null","null","null","null","null","null","null",""
"5649","Cheese - Camembert","Abshire-Price","null","2019","3","8.0000","156.00","4","0","53.92","102.08","null","65.43590",""
"5650","Cheese - Camembert","Abshire-Price","null","2019","4","8.0000","174.00","4","0","53.92","120.08","null","69.01149",""
"5651","Cheese - Camembert","Abshire-Price","null","2019","5","10.0000","225.00","5","0","67.40","157.60","null","70.04444",""
"5652","Cheese - Camembert","Abshire-Price","null","2019","6","8.0000","180.00","4","0","53.92","126.08","null","70.04444",""
"5653","Bread Country Roll","Abshire-Price","null","null","null","null","null","null","null","null","null","null","null",""
"5654","Bread Country Roll","Abshire-Price","null","2019","1","10.0000","212.50","5","0","124.65","87.85","null","41.34118",""
"5655","Juice - Apple Cider","Abshire-Price","null","null","null","null","null","null","null","null","null","null","null",""
"5656","Juice - Apple Cider","Abshire-Price","null","null","null","null","null","null","null","null","null","null","null",""
"5657","Juice - Apple Cider","Abshire-Price","null","2019","2","8.0000","277.20","4","0","99.72","177.48","null","64.02597",""
"5658","Juice - Apple Cider","Abshire-Price","null","null","null","null","null","null","null","null","null","null","null",""
"5659","Juice - Apple Cider","Abshire-Price","null","2019","3","8.0000","146.00","4","0","99.72","46.28","null","31.69863",""
"5660","Juice - Apple Cider","Abshire-Price","null","2019","4","8.0000","162.50","4","0","99.72","62.78","null","38.63385",""
"5661","Juice - Apple Cider","Abshire-Price","null","2019","5","10.0000","210.00","5","0","124.65","85.35","null","40.64286",""
"5662","Juice - Apple Cider","Abshire-Price","null","2019","6","8.0000","168.00","4","0","99.72","68.28","null","40.64286",""
"5663","Juice - Apple Cider","Abshire-Price","null","null","null","null","null","null","null","null","null","null","null",""
"5664","null","null","Customer Total:","null","null","null","6,624.46","null","null","3,028.54","null","null","null",""
"5665","Juice - Apple Cider","Abshire-Price","null","null","null","null","null","null","null","null","null","null","null",""
"5666","Juice - Apple Cider","Rath LLC","null","null","null","null","null","null","null","null","null","null","null",""
"5667","Wine - Wyndham Estate Bin 777","Rath LLC","null","null","null","null","null","null","null","null","null","null","null",""
"5668","Wine - Wyndham Estate Bin 777","Rath LLC","null","2019","2","1.0000","15.13","1","0","5.39","9.74","null","64.37541",""
"5669","Cafe Royale","Rath LLC","null","null","null","null","null","null","null","null","null","null","null",""
"5670","Cafe Royale","Rath LLC","null","null","null","null","null","null","null","null","null","null","null",""
"5671","Muffin Orange Individual","Rath LLC","null","null","null","null","null","null","null","null","null","null","null",""
"5672","Muffin Orange Individual","Rath LLC","null","2019","1","1.0000","12.00","1","0","5.10","6.90","null","57.50000",""
"5673","Beef - Tenderloin - Aa","Rath LLC","null","null","null","null","null","null","null","null","null","null","null",""
"5674","Beef - Tenderloin - Aa","Rath LLC","null","null","null","null","null","null","null","null","null","null","null",""
"5675","Beef - Tenderloin - Aa","Rath LLC","null","2019","2","1.0000","12.38","1","0","5.10","7.28","null","58.80452",""
"5676","Beef - Tenderloin - Aa","Rath LLC","null","null","null","null","null","null","null","null","null","null","null",""
"5677","Beef - Tenderloin - Aa","Rath LLC","null","2019","3","1.0000","12.00","1","0","5.10","6.90","null","57.50000",""
"5678","Tomatoes - Heirloom","Rath LLC","null","null","null","null","null","null","null","null","null","null","null",""
"5679","Tomatoes - Heirloom","Rath LLC","null","2019","1","6.0000","93.00","1","0","57.55","35.45","null","38.11828",""
"5680","Wine - Red, Metus Rose","Rath LLC","null","null","null","null","null","null","null","null","null","null","null",""
"5681","Wine - Red, Metus Rose","Rath LLC","null","null","null","null","null","null","null","null","null","null","null",""
"5682","Coriander - Ground","Rath LLC","null","null","null","null","null","null","null","null","null","null","null",""
"5683","Coriander - Ground","Rath LLC","null","2019","2","1.0000","15.13","1","0","9.76","5.37","null","35.49240",""
"5684","Pork - Ground","Rath LLC","null","null","null","null","null","null","null","null","null","null","null",""
"5685","Pork - Ground","Rath LLC","null","null","null","null","null","null","null","null","null","null","null",""
"5686","Wine - Riesling Alsace Ac 2001","Rath LLC","null","null","null","null","null","null","null","null","null","null","null",""
"5687","Wine - Riesling Alsace Ac 2001","Rath LLC","null","2019","1","1.0000","12.00","1","0","4.48","7.52","null","62.66667",""
"5688","Paste - Black Olive","Rath LLC","null","null","null","null","null","null","null","null","null","null","null",""
"5689","Paste - Black Olive","Rath LLC","null","null","null","null","null","null","null","null","null","null","null",""
"5690","Paste - Black Olive","Rath LLC","null","2019","2","1.0000","13.20","1","0","4.48","8.72","null","66.06061",""
"5691","Paste - Black Olive","Rath LLC","null","null","null","null","null","null","null","null","null","null","null",""
"5692","Paste - Black Olive","Rath LLC","null","2019","3","1.0000","12.00","1","0","4.48","7.52","null","62.66667",""
"5693","Stock - Beef, White","Rath LLC","null","null","null","null","null","null","null","null","null","null","null",""
"5694","Stock - Beef, White","Rath LLC","null","2019","2","1.0000","11.50","1","0","11.92","-0.42","null","-3.65217",""
"5695","Flavouring - Orange","Rath LLC","null","null","null","null","null","null","null","null","null","null","null",""
"5696","Flavouring - Orange","Rath LLC","null","null","null","null","null","null","null","null","null","null","null",""
"5697","Kohlrabi","Rath LLC","null","null","null","null","null","null","null","null","null","null","null",""
"5698","Kohlrabi","Rath LLC","null","2019","1","1.0000","11.88","1","0","4.13","7.75","null","65.23569",""
"5699","Puree - Guava","Rath LLC","null","null","null","null","null","null","null","null","null","null","null",""
"5700","Puree - Guava","Rath LLC","null","null","null","null","null","null","null","null","null","null","null",""
"5701","Puree - Guava","Rath LLC","null","2019","4","1.0000","11.88","1","0","4.13","7.75","null","65.23569",""
"5702","Puree - Guava","Rath LLC","null","null","null","null","null","null","null","null","null","null","null",""
"5703","Octopus","Rath LLC","null","null","null","null","null","null","null","null","null","null","null",""
"5704","Octopus","Rath LLC","null","2019","4","1.0000","12.38","1","0","5.98","6.40","null","51.69628",""
"5705","V8 - Vegetable Cocktail","Rath LLC","null","null","null","null","null","null","null","null","null","null","null",""
"5706","V8 - Vegetable Cocktail","Rath LLC","null","null","null","null","null","null","null","null","null","null","null",""
"5707","Skirt - 29 Foot","Rath LLC","null","null","null","null","null","null","null","null","null","null","null",""
"5708","Skirt - 29 Foot","Rath LLC","null","2019","4","1.0000","14.30","1","0","4.49","9.81","null","68.60140",""
"5709","Blueberries - Frozen","Rath LLC","null","null","null","null","null","null","null","null","null","null","null",""
"5710","Blueberries - Frozen","Rath LLC","null","null","null","null","null","null","null","null","null","null","null",""
"5711","Butter Balls Salted","Rath LLC","null","null","null","null","null","null","null","null","null","null","null",""
"5712","Butter Balls Salted","Rath LLC","null","2019","3","1.0000","25.85","1","0","9.92","15.93","null","61.62476",""
"5713","Cup - 4oz Translucent","Rath LLC","null","null","null","null","null","null","null","null","null","null","null",""
"5714","Cup - 4oz Translucent","Rath LLC","null","null","null","null","null","null","null","null","null","null","null",""
"5715","Caviar - Salmon","Rath LLC","null","null","null","null","null","null","null","null","null","null","null",""
"5716","Caviar - Salmon","Rath LLC","null","2019","3","1.0000","27.00","1","0","11.15","15.85","null","58.70370",""
"5717","Asparagus - Mexican","Rath LLC","null","null","null","null","null","null","null","null","null","null","null",""
"5718","Asparagus - Mexican","Rath LLC","null","null","null","null","null","null","null","null","null","null","null",""
"5719","Asparagus - Mexican","Rath LLC","null","2019","4","2.0000","54.00","1","0","22.30","31.70","null","58.70370",""
"5720","Asparagus - Mexican","Rath LLC","null","null","null","null","null","null","null","null","null","null","null",""
"5721","Wine - Semi Dry Riesling Vineland","Rath LLC","null","null","null","null","null","null","null","null","null","null","null",""
"5722","Wine - Semi Dry Riesling Vineland","Rath LLC","null","2019","1","2.0000","33.00","1","0","14.03","18.97","null","57.48485",""
"5723","Wine - Sawmill Creek Autumn","Rath LLC","null","null","null","null","null","null","null","null","null","null","null",""
"5724","Wine - Sawmill Creek Autumn","Rath LLC","null","null","null","null","null","null","null","null","null","null","null",""
"5725","Wine - Sawmill Creek Autumn","Rath LLC","null","2019","2","2.0000","33.00","1","0","14.03","18.97","null","57.48485",""
"5726","Wine - Sawmill Creek Autumn","Rath LLC","null","null","null","null","null","null","null","null","null","null","null",""
"5727","Wine - Sawmill Creek Autumn","Rath LLC","null","2019","3","2.0000","33.00","1","0","14.03","18.97","null","57.48485",""
"5728","Wine - Sawmill Creek Autumn","Rath LLC","null","2019","4","2.0000","33.00","1","0","14.03","18.97","null","57.48485",""
"5729","Icecream Cone - Areo Chocolate","Rath LLC","null","null","null","null","null","null","null","null","null","null","null",""
"5730","Icecream Cone - Areo Chocolate","Rath LLC","null","2019","1","1.0000","22.50","1","0","6.74","15.76","null","70.04444",""
"5731","Cheese - Camembert","Rath LLC","null","null","null","null","null","null","null","null","null","null","null",""
"5732","Cheese - Camembert","Rath LLC","null","null","null","null","null","null","null","null","null","null","null",""
"5733","Cheese - Camembert","Rath LLC","null","2019","2","1.0000","27.23","1","0","6.74","20.49","null","75.24789",""
"5734","Cheese - Camembert","Rath LLC","null","null","null","null","null","null","null","null","null","null","null",""
"5735","Cheese - Camembert","Rath LLC","null","2019","3","2.0000","45.00","1","0","13.48","31.52","null","70.04444",""
"5736","Cheese - Camembert","Rath LLC","null","2019","4","2.0000","45.00","1","0","13.48","31.52","null","70.04444",""
"5737","Bread Country Roll","Rath LLC","null","null","null","null","null","null","null","null","null","null","null",""
"5738","Bread Country Roll","Rath LLC","null","2019","1","1.0000","22.00","1","0","12.46","9.54","null","43.36364",""
"5739","Juice - Apple Cider","Rath LLC","null","null","null","null","null","null","null","null","null","null","null",""
"5740","Juice - Apple Cider","Rath LLC","null","null","null","null","null","null","null","null","null","null","null",""
"5741","Juice - Apple Cider","Rath LLC","null","2019","2","1.0000","34.65","1","0","12.46","22.19","null","64.04040",""
"5742","Juice - Apple Cider","Rath LLC","null","null","null","null","null","null","null","null","null","null","null",""
"5743","Juice - Apple Cider","Rath LLC","null","2019","3","2.0000","44.00","1","0","24.93","19.07","null","43.34091",""
"5744","Juice - Apple Cider","Rath LLC","null","2019","4","2.0000","44.00","1","0","24.93","19.07","null","43.34091",""
"5745","Juice - Apple Cider","Rath LLC","null","null","null","null","null","null","null","null","null","null","null",""
"5746","null","null","Customer Total:","null","null","null","782.01","null","null","346.80","null","null","null",""
"5747","Juice - Apple Cider","Rath LLC","null","null","null","null","null","null","null","null","null","null","null",""
"5748","Juice - Apple Cider","Hayes, Ritchie and Nader","null","null","null","null","null","null","null","null","null","null","null",""
"5749","Flour - Masa De Harina Mexican","Hayes, Ritchie and Nader","null","null","null","null","null","null","null","null","null","null","null",""
"5750","Flour - Masa De Harina Mexican","Hayes, Ritchie and Nader","null","2019","5","1.0000","88.00","1","1","17.86","26.14","null","59.40909",""
"5751","Container - Clear 16 Oz","Hayes, Ritchie and Nader","null","null","null","null","null","null","null","null","null","null","null",""
"5752","Container - Clear 16 Oz","Hayes, Ritchie and Nader","null","null","null","null","null","null","null","null","null","null","null",""
"5753","Stock - Beef, White","Hayes, Ritchie and Nader","null","null","null","null","null","null","null","null","null","null","null",""
"5754","Stock - Beef, White","Hayes, Ritchie and Nader","null","2019","5","2.0000","23.00","1","0","23.84","-0.84","null","-3.65217",""
"5755","Flavouring - Orange","Hayes, Ritchie and Nader","null","null","null","null","null","null","null","null","null","null","null",""
"5756","Flavouring - Orange","Hayes, Ritchie and Nader","null","null","null","null","null","null","null","null","null","null","null",""
"5757","Kohlrabi","Hayes, Ritchie and Nader","null","null","null","null","null","null","null","null","null","null","null",""
"5758","Kohlrabi","Hayes, Ritchie and Nader","null","2019","2","2.0000","23.76","1","0","8.27","15.49","null","65.19360",""
"5759","Puree - Guava","Hayes, Ritchie and Nader","null","null","null","null","null","null","null","null","null","null","null",""
"5760","Puree - Guava","Hayes, Ritchie and Nader","null","null","null","null","null","null","null","null","null","null","null",""
"5761","Puree - Guava","Hayes, Ritchie and Nader","null","2019","3","5.0000","59.40","3","0","20.67","38.73","null","65.20202",""
"5762","Puree - Guava","Hayes, Ritchie and Nader","null","null","null","null","null","null","null","null","null","null","null",""
"5763","Puree - Guava","Hayes, Ritchie and Nader","null","2019","4","3.0000","35.64","2","0","12.40","23.24","null","65.20763",""
"5764","Puree - Guava","Hayes, Ritchie and Nader","null","2019","5","3.0000","35.64","2","0","12.40","23.24","null","65.20763",""
"5765","Puree - Guava","Hayes, Ritchie and Nader","null","2019","6","5.0000","59.40","3","0","20.67","38.73","null","65.20202",""
"5766","Basil - Primerba, Paste","Hayes, Ritchie and Nader","null","null","null","null","null","null","null","null","null","null","null",""
"5767","Basil - Primerba, Paste","Hayes, Ritchie and Nader","null","2019","1","7.0000","85.00","3","0","46.94","38.06","null","44.77647",""
"5768","Salsify, Organic","Hayes, Ritchie and Nader","null","null","null","null","null","null","null","null","null","null","null",""
"5769","Salsify, Organic","Hayes, Ritchie and Nader","null","null","null","null","null","null","null","null","null","null","null",""
"5770","Salsify, Organic","Hayes, Ritchie and Nader","null","2019","2","4.0000","51.72","2","0","26.82","24.90","null","48.14385",""
"5771","Salsify, Organic","Hayes, Ritchie and Nader","null","null","null","null","null","null","null","null","null","null","null",""
"5772","Salsify, Organic","Hayes, Ritchie and Nader","null","2019","3","3.0000","36.00","2","0","20.12","15.88","null","44.11111",""
"5773","Salsify, Organic","Hayes, Ritchie and Nader","null","2019","4","4.0000","48.00","2","0","26.82","21.18","null","44.12500",""
"5774","Salsify, Organic","Hayes, Ritchie and Nader","null","2019","5","6.0000","78.00","3","0","40.23","37.77","null","48.42308",""
"5775","Salsify, Organic","Hayes, Ritchie and Nader","null","2019","6","6.0000","78.00","3","0","40.23","37.77","null","48.42308",""
"5776","Octopus","Hayes, Ritchie and Nader","null","null","null","null","null","null","null","null","null","null","null",""
"5777","Octopus","Hayes, Ritchie and Nader","null","2019","1","8.0000","96.00","3","0","47.81","48.19","null","50.19792",""
"5778","V8 - Vegetable Cocktail","Hayes, Ritchie and Nader","null","null","null","null","null","null","null","null","null","null","null",""
"5779","V8 - Vegetable Cocktail","Hayes, Ritchie and Nader","null","null","null","null","null","null","null","null","null","null","null",""
"5780","V8 - Vegetable Cocktail","Hayes, Ritchie and Nader","null","2019","2","5.0000","61.90","2","0","29.88","32.02","null","51.72859",""
"5781","V8 - Vegetable Cocktail","Hayes, Ritchie and Nader","null","null","null","null","null","null","null","null","null","null","null",""
"5782","V8 - Vegetable Cocktail","Hayes, Ritchie and Nader","null","2019","3","5.0000","60.00","2","0","29.88","30.12","null","50.20000",""
"5783","V8 - Vegetable Cocktail","Hayes, Ritchie and Nader","null","2019","4","8.0000","96.00","3","0","47.81","48.19","null","50.19792",""
"5784","V8 - Vegetable Cocktail","Hayes, Ritchie and Nader","null","2019","5","9.0000","130.50","3","0","53.79","76.71","null","58.78161",""
"5785","V8 - Vegetable Cocktail","Hayes, Ritchie and Nader","null","2019","6","8.0000","116.00","3","0","47.81","68.19","null","58.78448",""
"5786","Cape Capensis - Fillet","Hayes, Ritchie and Nader","null","null","null","null","null","null","null","null","null","null","null",""
"5787","Cape Capensis - Fillet","Hayes, Ritchie and Nader","null","2019","1","9.0000","114.00","3","0","88.13","25.87","null","22.69298",""
"5788","Roe - White Fish","Hayes, Ritchie and Nader","null","null","null","null","null","null","null","null","null","null","null",""
"5789","Roe - White Fish","Hayes, Ritchie and Nader","null","null","null","null","null","null","null","null","null","null","null",""
"5790","Roe - White Fish","Hayes, Ritchie and Nader","null","2019","2","9.0000","111.42","3","0","88.20","23.22","null","20.84006",""
"5791","Roe - White Fish","Hayes, Ritchie and Nader","null","null","null","null","null","null","null","null","null","null","null",""
"5792","Roe - White Fish","Hayes, Ritchie and Nader","null","2019","3","9.0000","117.00","3","0","87.51","29.49","null","25.20513",""
"5793","Roe - White Fish","Hayes, Ritchie and Nader","null","2019","4","9.0000","117.00","3","0","87.32","29.68","null","25.36752",""
"5794","Roe - White Fish","Hayes, Ritchie and Nader","null","2019","5","8.0000","104.00","3","0","77.32","26.68","null","25.65385",""
"5795","Roe - White Fish","Hayes, Ritchie and Nader","null","2019","6","9.0000","117.00","3","0","88.18","28.82","null","24.63248",""
"5796","Skirt - 29 Foot","Hayes, Ritchie and Nader","null","null","null","null","null","null","null","null","null","null","null",""
"5797","Skirt - 29 Foot","Hayes, Ritchie and Nader","null","2019","1","9.0000","121.50","3","0","40.41","81.09","null","66.74074",""
"5798","Blueberries - Frozen","Hayes, Ritchie and Nader","null","null","null","null","null","null","null","null","null","null","null",""
"5799","Blueberries - Frozen","Hayes, Ritchie and Nader","null","null","null","null","null","null","null","null","null","null","null",""
"5800","Blueberries - Frozen","Hayes, Ritchie and Nader","null","2019","2","9.0000","128.70","3","0","40.41","88.29","null","68.60140",""
"5801","Blueberries - Frozen","Hayes, Ritchie and Nader","null","null","null","null","null","null","null","null","null","null","null",""
"5802","Blueberries - Frozen","Hayes, Ritchie and Nader","null","2019","3","9.0000","123.90","3","0","40.41","83.49","null","67.38499",""
"5803","Blueberries - Frozen","Hayes, Ritchie and Nader","null","2019","4","9.0000","121.50","3","0","40.41","81.09","null","66.74074",""
"5804","Blueberries - Frozen","Hayes, Ritchie and Nader","null","2019","5","9.0000","130.50","3","0","40.41","90.09","null","69.03448",""
"5805","Blueberries - Frozen","Hayes, Ritchie and Nader","null","2019","6","9.0000","130.50","3","0","40.41","90.09","null","69.03448",""
"5806","Wine - Dubouef Macon - Villages","Hayes, Ritchie and Nader","null","null","null","null","null","null","null","null","null","null","null",""
"5807","Wine - Dubouef Macon - Villages","Hayes, Ritchie and Nader","null","2019","1","5.0000","65.00","3","0","27.58","37.42","null","57.56923",""
"5808","White Baguette","Hayes, Ritchie and Nader","null","null","null","null","null","null","null","null","null","null","null",""
"5809","White Baguette","Hayes, Ritchie and Nader","null","null","null","null","null","null","null","null","null","null","null",""
"5810","White Baguette","Hayes, Ritchie and Nader","null","2019","2","4.0000","52.80","2","0","22.06","30.74","null","58.21970",""
"5811","White Baguette","Hayes, Ritchie and Nader","null","null","null","null","null","null","null","null","null","null","null",""
"5812","White Baguette","Hayes, Ritchie and Nader","null","2019","3","4.0000","52.50","3","0","22.07","30.43","null","57.96190",""
"5813","White Baguette","Hayes, Ritchie and Nader","null","2019","4","4.0000","54.00","2","0","22.06","31.94","null","59.14815",""
"5814","White Baguette","Hayes, Ritchie and Nader","null","2019","5","4.0000","55.00","2","0","22.06","32.94","null","59.89091",""
"5815","White Baguette","Hayes, Ritchie and Nader","null","2019","6","3.0000","41.25","2","0","16.55","24.70","null","59.87879",""
"5816","Wine - Prem Select Charddonany","Hayes, Ritchie and Nader","null","null","null","null","null","null","null","null","null","null","null",""
"5817","Wine - Prem Select Charddonany","Hayes, Ritchie and Nader","null","2019","1","5.0000","100.00","3","0","46.82","53.18","null","53.18000",""
"5818","Juice - Apple, 1.36l","Hayes, Ritchie and Nader","null","null","null","null","null","null","null","null","null","null","null",""
"5819","Juice - Apple, 1.36l","Hayes, Ritchie and Nader","null","null","null","null","null","null","null","null","null","null","null",""
"5820","Juice - Apple, 1.36l","Hayes, Ritchie and Nader","null","2019","2","2.0000","40.70","2","0","18.72","21.98","null","54.00491",""
"5821","Juice - Apple, 1.36l","Hayes, Ritchie and Nader","null","null","null","null","null","null","null","null","null","null","null",""
"5822","Juice - Apple, 1.36l","Hayes, Ritchie and Nader","null","2019","3","4.0000","80.50","3","0","37.45","43.05","null","53.47826",""
"5823","Juice - Apple, 1.36l","Hayes, Ritchie and Nader","null","2019","4","4.0000","82.00","2","0","37.46","44.54","null","54.31707",""
"5824","Juice - Apple, 1.36l","Hayes, Ritchie and Nader","null","2019","5","4.0000","82.00","2","0","37.46","44.54","null","54.31707",""
"5825","Juice - Apple, 1.36l","Hayes, Ritchie and Nader","null","2019","6","4.0000","82.00","3","0","37.45","44.55","null","54.32927",""
"5826","Bread Country Roll","Hayes, Ritchie and Nader","null","null","null","null","null","null","null","null","null","null","null",""
"5827","Bread Country Roll","Hayes, Ritchie and Nader","null","2019","1","7.0000","161.50","3","0","87.25","74.25","null","45.97523",""
"5828","Juice - Apple Cider","Hayes, Ritchie and Nader","null","null","null","null","null","null","null","null","null","null","null",""
"5829","Juice - Apple Cider","Hayes, Ritchie and Nader","null","null","null","null","null","null","null","null","null","null","null",""
"5830","Juice - Apple Cider","Hayes, Ritchie and Nader","null","2019","2","6.0000","207.90","3","0","74.79","133.11","null","64.02597",""
"5831","Juice - Apple Cider","Hayes, Ritchie and Nader","null","null","null","null","null","null","null","null","null","null","null",""
"5832","Juice - Apple Cider","Hayes, Ritchie and Nader","null","2019","3","7.0000","154.00","3","0","87.25","66.75","null","43.34416",""
"5833","Juice - Apple Cider","Hayes, Ritchie and Nader","null","2019","4","6.0000","132.00","3","0","74.79","57.21","null","43.34091",""
"5834","Juice - Apple Cider","Hayes, Ritchie and Nader","null","2019","5","6.0000","132.00","2","0","74.78","57.22","null","43.34848",""
"5835","Juice - Apple Cider","Hayes, Ritchie and Nader","null","2019","6","6.0000","132.00","3","0","74.79","57.21","null","43.34091",""
"5836","Sugar - Sweet N Low, Individual","Hayes, Ritchie and Nader","null","null","null","null","null","null","null","null","null","null","null",""
"5837","Sugar - Sweet N Low, Individual","Hayes, Ritchie and Nader","null","2019","2","1.0000","34.10","1","0","9.88","24.22","null","71.02639",""
"5838","Onions - Vidalia","Hayes, Ritchie and Nader","null","null","null","null","null","null","null","null","null","null","null",""
"5839","Onions - Vidalia","Hayes, Ritchie and Nader","null","null","null","null","null","null","null","null","null","null","null",""
"5840","Onions - Vidalia","Hayes, Ritchie and Nader","null","2019","4","1.0000","34.10","1","0","9.88","24.22","null","71.02639",""
"5841","Onions - Vidalia","Hayes, Ritchie and Nader","null","null","null","null","null","null","null","null","null","null","null",""
"5842","Pepper - Red Thai","Hayes, Ritchie and Nader","null","null","null","null","null","null","null","null","null","null","null",""
"5843","Pepper - Red Thai","Hayes, Ritchie and Nader","null","2019","3","2.0000","30.00","1","0","11.03","18.97","null","63.23333",""
"5844","Macaroons - Two Bite Choc","Hayes, Ritchie and Nader","null","null","null","null","null","null","null","null","null","null","null",""
"5845","Macaroons - Two Bite Choc","Hayes, Ritchie and Nader","null","null","null","null","null","null","null","null","null","null","null",""
"5846","Macaroons - Two Bite Choc","Hayes, Ritchie and Nader","null","2019","4","4.0000","60.00","2","0","22.06","37.94","null","63.23333",""
"5847","Macaroons - Two Bite Choc","Hayes, Ritchie and Nader","null","null","null","null","null","null","null","null","null","null","null",""
"5848","Macaroons - Two Bite Choc","Hayes, Ritchie and Nader","null","2019","5","6.0000","105.00","3","0","33.09","71.91","null","68.48571",""
"5849","Macaroons - Two Bite Choc","Hayes, Ritchie and Nader","null","2019","6","4.0000","70.00","1","0","22.07","47.93","null","68.47143",""
"5850","Calvados - Boulard","Hayes, Ritchie and Nader","null","null","null","null","null","null","null","null","null","null","null",""
"5851","Calvados - Boulard","Hayes, Ritchie and Nader","null","2019","3","2.0000","34.00","1","0","16.36","17.64","null","51.88235",""
"5852","Nut - Walnut, Pieces","Hayes, Ritchie and Nader","null","null","null","null","null","null","null","null","null","null","null",""
"5853","Nut - Walnut, Pieces","Hayes, Ritchie and Nader","null","null","null","null","null","null","null","null","null","null","null",""
"5854","Nut - Walnut, Pieces","Hayes, Ritchie and Nader","null","null","null","null","null","null","null","null","null","null","null",""
"5855","null","null","Customer Total:","null","null","null","4,773.33","null","null","2,279.13","null","null","null",""
"5856","Nut - Walnut, Pieces","Hayes, Ritchie and Nader","null","null","null","null","null","null","null","null","null","null","null",""
"5857","Nut - Walnut, Pieces","Borer Group","null","null","null","null","null","null","null","null","null","null","null",""
"5858","Wine - Wyndham Estate Bin 777","Borer Group","null","null","null","null","null","null","null","null","null","null","null",""
"5859","Wine - Wyndham Estate Bin 777","Borer Group","null","2019","1","8.0000","93.75","5","0","43.12","50.63","null","54.00533",""
"5860","Cafe Royale","Borer Group","null","null","null","null","null","null","null","null","null","null","null",""
"5861","Cafe Royale","Borer Group","null","null","null","null","null","null","null","null","null","null","null",""
"5862","Cafe Royale","Borer Group","null","2019","2","8.0000","99.50","6","0","43.12","56.38","null","56.66332",""
"5863","Cafe Royale","Borer Group","null","null","null","null","null","null","null","null","null","null","null",""
"5864","Cafe Royale","Borer Group","null","2019","3","5.0000","56.25","4","0","26.95","29.30","null","52.08889",""
"5865","Cafe Royale","Borer Group","null","2019","4","7.0000","101.25","5","0","37.73","63.52","null","62.73580",""
"5866","Cafe Royale","Borer Group","null","2019","5","5.0000","75.00","4","0","26.95","48.05","null","64.06667",""
"5867","Cafe Royale","Borer Group","null","2019","6","4.0000","60.00","3","0","21.56","38.44","null","64.06667",""
"5868","Black Currants","Borer Group","null","null","null","null","null","null","null","null","null","null","null",""
"5869","Black Currants","Borer Group","null","2019","1","4.0000","69.00","4","0","56.72","12.28","null","17.79710",""
"5870","Juice - Ocean Spray Cranberry","Borer Group","null","null","null","null","null","null","null","null","null","null","null",""
"5871","Juice - Ocean Spray Cranberry","Borer Group","null","null","null","null","null","null","null","null","null","null","null",""
"5872","Juice - Ocean Spray Cranberry","Borer Group","null","2019","2","6.0000","116.20","6","0","85.08","31.12","null","26.78141",""
"5873","Juice - Ocean Spray Cranberry","Borer Group","null","null","null","null","null","null","null","null","null","null","null",""
"5874","Juice - Ocean Spray Cranberry","Borer Group","null","2019","3","5.0000","86.25","5","0","70.90","15.35","null","17.79710",""
"5875","Juice - Ocean Spray Cranberry","Borer Group","null","2019","4","5.0000","112.25","5","0","70.90","41.35","null","36.83742",""
"5876","Juice - Ocean Spray Cranberry","Borer Group","null","2019","5","4.0000","95.00","4","0","56.72","38.28","null","40.29474",""
"5877","Juice - Ocean Spray Cranberry","Borer Group","null","2019","6","4.0000","95.00","4","0","56.72","38.28","null","40.29474",""
"5878","Muffin Orange Individual","Borer Group","null","null","null","null","null","null","null","null","null","null","null",""
"5879","Muffin Orange Individual","Borer Group","null","2019","1","6.0000","72.00","3","0","30.60","41.40","null","57.50000",""
"5880","Beef - Tenderloin - Aa","Borer Group","null","null","null","null","null","null","null","null","null","null","null",""
"5881","Beef - Tenderloin - Aa","Borer Group","null","null","null","null","null","null","null","null","null","null","null",""
"5882","Beef - Tenderloin - Aa","Borer Group","null","2019","2","10.0000","121.52","6","0","51.00","70.52","null","58.03160",""
"5883","Beef - Tenderloin - Aa","Borer Group","null","null","null","null","null","null","null","null","null","null","null",""
"5884","Beef - Tenderloin - Aa","Borer Group","null","2019","3","10.0000","120.00","5","0","51.00","69.00","null","57.50000",""
"5885","Beef - Tenderloin - Aa","Borer Group","null","2019","4","8.0000","99.00","5","0","40.80","58.20","null","58.78788",""
"5886","Beef - Tenderloin - Aa","Borer Group","null","2019","5","5.0000","62.50","4","0","25.50","37.00","null","59.20000",""
"5887","Beef - Tenderloin - Aa","Borer Group","null","2019","6","6.0000","75.00","4","0","30.60","44.40","null","59.20000",""
"5888","Stock - Beef, White","Borer Group","null","null","null","null","null","null","null","null","null","null","null",""
"5889","Stock - Beef, White","Borer Group","null","2019","1","1.0000","11.50","1","0","11.92","-0.42","null","-3.65217",""
"5890","Flavouring - Orange","Borer Group","null","null","null","null","null","null","null","null","null","null","null",""
"5891","Flavouring - Orange","Borer Group","null","null","null","null","null","null","null","null","null","null","null",""
"5892","Kohlrabi","Borer Group","null","null","null","null","null","null","null","null","null","null","null",""
"5893","Kohlrabi","Borer Group","null","2019","1","2.0000","25.30","2","0","8.26","17.04","null","67.35178",""
"5894","Puree - Guava","Borer Group","null","null","null","null","null","null","null","null","null","null","null",""
"5895","Puree - Guava","Borer Group","null","null","null","null","null","null","null","null","null","null","null",""
"5896","Puree - Guava","Borer Group","null","2019","2","3.0000","34.50","2","0","12.40","22.10","null","64.05797",""
"5897","Puree - Guava","Borer Group","null","null","null","null","null","null","null","null","null","null","null",""
"5898","Puree - Guava","Borer Group","null","2019","3","3.0000","34.50","3","0","12.39","22.11","null","64.08696",""
"5899","Puree - Guava","Borer Group","null","2019","4","3.0000","34.50","3","0","12.39","22.11","null","64.08696",""
"5900","Puree - Guava","Borer Group","null","2019","5","3.0000","34.50","3","0","12.39","22.11","null","64.08696",""
"5901","Puree - Guava","Borer Group","null","2019","6","3.0000","34.50","3","0","12.39","22.11","null","64.08696",""
"5902","Heavy Duty Dust Pan","Borer Group","null","null","null","null","null","null","null","null","null","null","null",""
"5903","Heavy Duty Dust Pan","Borer Group","null","2019","6","0.0000","85.25","1","1","0.00","0.00","null","0.00000",""
"5904","Bread - English Muffin","Borer Group","null","null","null","null","null","null","null","null","null","null","null",""
"5905","Bread - English Muffin","Borer Group","null","null","null","null","null","null","null","null","null","null","null",""
"5906","Basil - Primerba, Paste","Borer Group","null","null","null","null","null","null","null","null","null","null","null",""
"5907","Basil - Primerba, Paste","Borer Group","null","2019","1","7.0000","85.00","5","0","46.95","38.05","null","44.76471",""
"5908","Salsify, Organic","Borer Group","null","null","null","null","null","null","null","null","null","null","null",""
"5909","Salsify, Organic","Borer Group","null","null","null","null","null","null","null","null","null","null","null",""
"5910","Salsify, Organic","Borer Group","null","2019","2","8.0000","99.72","6","0","53.66","46.06","null","46.18933",""
"5911","Salsify, Organic","Borer Group","null","null","null","null","null","null","null","null","null","null","null",""
"5912","Salsify, Organic","Borer Group","null","2019","3","6.0000","72.00","5","0","40.25","31.75","null","44.09722",""
"5913","Salsify, Organic","Borer Group","null","2019","4","7.0000","90.00","5","0","46.95","43.05","null","47.83333",""
"5914","Salsify, Organic","Borer Group","null","2019","5","7.0000","91.00","4","0","46.94","44.06","null","48.41758",""
"5915","Salsify, Organic","Borer Group","null","2019","6","8.0000","104.00","4","0","53.64","50.36","null","48.42308",""
"5916","Beef - Ground Lean Fresh","Borer Group","null","null","null","null","null","null","null","null","null","null","null",""
"5917","Beef - Ground Lean Fresh","Borer Group","null","2019","1","5.0000","98.50","5","0","71.10","27.40","null","27.81726",""
"5918","Muffin Puck Ww Carrot","Borer Group","null","null","null","null","null","null","null","null","null","null","null",""
"5919","Muffin Puck Ww Carrot","Borer Group","null","null","null","null","null","null","null","null","null","null","null",""
"5920","Muffin Puck Ww Carrot","Borer Group","null","2019","2","8.0000","158.55","5","0","113.97","44.58","null","28.11731",""
"5921","Muffin Puck Ww Carrot","Borer Group","null","null","null","null","null","null","null","null","null","null","null",""
"5922","Muffin Puck Ww Carrot","Borer Group","null","2019","3","4.0000","78.00","4","0","56.61","21.39","null","27.42308",""
"5923","Muffin Puck Ww Carrot","Borer Group","null","2019","4","5.0000","98.25","5","0","68.30","29.95","null","30.48346",""
"5924","Muffin Puck Ww Carrot","Borer Group","null","2019","5","4.0000","81.00","4","0","56.07","24.93","null","30.77778",""
"5925","Muffin Puck Ww Carrot","Borer Group","null","2019","6","4.0000","81.00","4","0","56.54","24.46","null","30.19753",""
"5926","Octopus","Borer Group","null","null","null","null","null","null","null","null","null","null","null",""
"5927","Octopus","Borer Group","null","2019","1","10.0000","120.00","5","0","59.75","60.25","null","50.20833",""
"5928","V8 - Vegetable Cocktail","Borer Group","null","null","null","null","null","null","null","null","null","null","null",""
"5929","V8 - Vegetable Cocktail","Borer Group","null","null","null","null","null","null","null","null","null","null","null",""
"5930","V8 - Vegetable Cocktail","Borer Group","null","2019","2","11.0000","133.90","6","0","65.73","68.17","null","50.91113",""
"5931","V8 - Vegetable Cocktail","Borer Group","null","null","null","null","null","null","null","null","null","null","null",""
"5932","V8 - Vegetable Cocktail","Borer Group","null","2019","3","8.0000","96.00","4","0","47.80","48.20","null","50.20833",""
"5933","V8 - Vegetable Cocktail","Borer Group","null","2019","4","8.0000","99.00","5","0","47.81","51.19","null","51.70707",""
"5934","V8 - Vegetable Cocktail","Borer Group","null","2019","5","7.0000","87.50","4","0","41.83","45.67","null","52.19429",""
"5935","V8 - Vegetable Cocktail","Borer Group","null","2019","6","8.0000","100.00","4","0","47.81","52.19","null","52.19000",""
"5936","Cape Capensis - Fillet","Borer Group","null","null","null","null","null","null","null","null","null","null","null",""
"5937","Cape Capensis - Fillet","Borer Group","null","2019","1","9.0000","114.00","5","0","88.10","25.90","null","22.71930",""
"5938","Roe - White Fish","Borer Group","null","null","null","null","null","null","null","null","null","null","null",""
"5939","Roe - White Fish","Borer Group","null","null","null","null","null","null","null","null","null","null","null",""
"5940","Roe - White Fish","Borer Group","null","2019","2","9.0000","115.76","6","0","88.10","27.66","null","23.89426",""
"5941","Roe - White Fish","Borer Group","null","null","null","null","null","null","null","null","null","null","null",""
"5942","Roe - White Fish","Borer Group","null","2019","3","9.0000","117.00","5","0","87.89","29.11","null","24.88034",""
"5943","Roe - White Fish","Borer Group","null","2019","4","9.0000","117.00","5","0","86.75","30.25","null","25.85470",""
"5944","Roe - White Fish","Borer Group","null","2019","5","7.0000","91.00","4","0","67.87","23.13","null","25.41758",""
"5945","Roe - White Fish","Borer Group","null","2019","6","7.0000","91.00","4","0","68.59","22.41","null","24.62637",""
"5946","Skirt - 29 Foot","Borer Group","null","null","null","null","null","null","null","null","null","null","null",""
"5947","Skirt - 29 Foot","Borer Group","null","2019","1","9.0000","121.50","5","0","40.41","81.09","null","66.74074",""
"5948","Blueberries - Frozen","Borer Group","null","null","null","null","null","null","null","null","null","null","null",""
"5949","Blueberries - Frozen","Borer Group","null","null","null","null","null","null","null","null","null","null","null",""
"5950","Blueberries - Frozen","Borer Group","null","2019","2","8.0000","109.60","5","0","35.92","73.68","null","67.22628",""
"5951","Blueberries - Frozen","Borer Group","null","null","null","null","null","null","null","null","null","null","null",""
"5952","Blueberries - Frozen","Borer Group","null","2019","3","9.0000","121.50","5","0","40.41","81.09","null","66.74074",""
"5953","Blueberries - Frozen","Borer Group","null","2019","4","10.0000","143.00","5","0","44.90","98.10","null","68.60140",""
"5954","Blueberries - Frozen","Borer Group","null","2019","5","7.0000","101.50","4","0","31.43","70.07","null","69.03448",""
"5955","Blueberries - Frozen","Borer Group","null","2019","6","8.0000","116.00","4","0","35.92","80.08","null","69.03448",""
"5956","Crackers - Soda / Saltins","Borer Group","null","null","null","null","null","null","null","null","null","null","null",""
"5957","Crackers - Soda / Saltins","Borer Group","null","2019","1","3.0000","71.50","3","0","48.82","22.68","null","31.72028",""
"5958","Pastry - Baked Cinnamon Stick","Borer Group","null","null","null","null","null","null","null","null","null","null","null",""
"5959","Pastry - Baked Cinnamon Stick","Borer Group","null","null","null","null","null","null","null","null","null","null","null",""
"5960","Pastry - Baked Cinnamon Stick","Borer Group","null","2019","2","5.0000","134.36","5","0","81.35","53.01","null","39.45371",""
"5961","Pastry - Baked Cinnamon Stick","Borer Group","null","null","null","null","null","null","null","null","null","null","null",""
"5962","Pastry - Baked Cinnamon Stick","Borer Group","null","2019","3","4.0000","108.00","4","0","65.08","42.92","null","39.74074",""
"5963","Pastry - Baked Cinnamon Stick","Borer Group","null","2019","4","4.0000","113.25","5","0","65.08","48.17","null","42.53422",""
"5964","Pastry - Baked Cinnamon Stick","Borer Group","null","2019","5","4.0000","115.00","4","0","65.08","49.92","null","43.40870",""
"5965","Pastry - Baked Cinnamon Stick","Borer Group","null","2019","6","4.0000","115.00","4","0","65.08","49.92","null","43.40870",""
"5966","Onions - Red","Borer Group","null","null","null","null","null","null","null","null","null","null","null",""
"5967","Onions - Red","Borer Group","null","2019","1","4.0000","110.00","4","0","83.36","26.64","null","24.21818",""
"5968","Pectin","Borer Group","null","null","null","null","null","null","null","null","null","null","null",""
"5969","Pectin","Borer Group","null","null","null","null","null","null","null","null","null","null","null",""
"5970","Pectin","Borer Group","null","2019","2","4.0000","114.50","4","0","83.60","30.90","null","26.98690",""
"5971","Pectin","Borer Group","null","null","null","null","null","null","null","null","null","null","null",""
"5972","Pectin","Borer Group","null","2019","3","5.0000","138.00","5","0","104.19","33.81","null","24.50000",""
"5973","Pectin","Borer Group","null","2019","4","5.0000","150.00","5","0","104.33","45.67","null","30.44667",""
"5974","Pectin","Borer Group","null","2019","5","4.0000","120.00","4","0","83.52","36.48","null","30.40000",""
"5975","Pectin","Borer Group","null","2019","6","4.0000","120.00","4","0","83.54","36.46","null","30.38333",""
"5976","Crawfish","Borer Group","null","null","null","null","null","null","null","null","null","null","null",""
"5977","Crawfish","Borer Group","null","2019","1","4.0000","227.55","4","0","137.60","89.95","null","39.52977",""
"5978","ORGANIC Shiitake 5lbs/cs (L)","Borer Group","null","null","null","null","null","null","null","null","null","null","null",""
"5979","ORGANIC Shiitake 5lbs/cs (L)","Borer Group","null","null","null","null","null","null","null","null","null","null","null",""
"5980","ORGANIC Shiitake 5lbs/cs (L)","Borer Group","null","2019","2","4.0000","227.60","4","0","138.30","89.30","null","39.23550",""
"5981","ORGANIC Shiitake 5lbs/cs (L)","Borer Group","null","null","null","null","null","null","null","null","null","null","null",""
"5982","ORGANIC Shiitake 5lbs/cs (L)","Borer Group","null","2019","3","4.0000","226.40","4","0","139.83","86.57","null","38.23763",""
"5983","ORGANIC Shiitake 5lbs/cs (L)","Borer Group","null","2019","4","5.0000","283.00","5","0","182.01","100.99","null","35.68551",""
"5984","ORGANIC Shiitake 5lbs/cs (L)","Borer Group","null","2019","5","4.0000","226.40","4","0","149.15","77.25","null","34.12102",""
"5985","ORGANIC Shiitake 5lbs/cs (L)","Borer Group","null","2019","6","3.0000","169.80","3","0","112.90","56.90","null","33.51001",""
"5986","Wine - Periguita Fonseca","Borer Group","null","null","null","null","null","null","null","null","null","null","null",""
"5987","Wine - Periguita Fonseca","Borer Group","null","2019","1","1.0000","0.00","1","0","6.53","-6.53","null","0.00000",""
"5988","Wild Mix 3#/cs","Borer Group","null","null","null","null","null","null","null","null","null","null","null",""
"5989","Wild Mix 3#/cs","Borer Group","null","null","null","null","null","null","null","null","null","null","null",""
"5990","Bread Country Roll","Borer Group","null","null","null","null","null","null","null","null","null","null","null",""
"5991","Bread Country Roll","Borer Group","null","2019","1","4.0000","95.50","4","0","49.84","45.66","null","47.81152",""
"5992","Juice - Apple Cider","Borer Group","null","null","null","null","null","null","null","null","null","null","null",""
"5993","Juice - Apple Cider","Borer Group","null","null","null","null","null","null","null","null","null","null","null",""
"5994","Juice - Apple Cider","Borer Group","null","2019","2","5.0000","135.30","4","0","62.31","72.99","null","53.94678",""
"5995","Juice - Apple Cider","Borer Group","null","null","null","null","null","null","null","null","null","null","null",""
"5996","Juice - Apple Cider","Borer Group","null","2019","3","5.0000","147.95","4","0","62.31","85.64","null","57.88442",""
"5997","Juice - Apple Cider","Borer Group","null","2019","4","4.0000","138.60","4","0","49.84","88.76","null","64.04040",""
"5998","Juice - Apple Cider","Borer Group","null","2019","5","2.0000","69.30","2","0","24.92","44.38","null","64.04040",""
"5999","Juice - Apple Cider","Borer Group","null","2019","6","2.0000","69.30","2","0","24.92","44.38","null","64.04040",""
"6000","Sugar - Sweet N Low, Individual","Borer Group","null","null","null","null","null","null","null","null","null","null","null",""
"6001","Sugar - Sweet N Low, Individual","Borer Group","null","2019","1","1.0000","25.85","1","0","9.88","15.97","null","61.77950",""
"6002","Onions - Vidalia","Borer Group","null","null","null","null","null","null","null","null","null","null","null",""
"6003","Onions - Vidalia","Borer Group","null","null","null","null","null","null","null","null","null","null","null",""
"6004","Onions - Vidalia","Borer Group","null","2019","2","1.0000","34.10","1","0","9.88","24.22","null","71.02639",""
"6005","Onions - Vidalia","Borer Group","null","null","null","null","null","null","null","null","null","null","null",""
"6006","Onions - Vidalia","Borer Group","null","2019","4","1.0000","34.10","1","0","9.88","24.22","null","71.02639",""
"6007","Beef - Short Loin","Borer Group","null","null","null","null","null","null","null","null","null","null","null",""
"6008","Beef - Short Loin","Borer Group","null","2019","5","1.0000","20.75","1","0","10.31","10.44","null","50.31325",""
"6009","Ecolab - Ster Bac","Borer Group","null","null","null","null","null","null","null","null","null","null","null",""
"6010","Ecolab - Ster Bac","Borer Group","null","null","null","null","null","null","null","null","null","null","null",""
"6011","Cheese - Oka","Borer Group","null","null","null","null","null","null","null","null","null","null","null",""
"6012","Cheese - Oka","Borer Group","null","2019","1","1.0000","95.00","1","0","42.10","52.90","null","55.68421",""
"6013","Truffle Shells - White Chocolate","Borer Group","null","null","null","null","null","null","null","null","null","null","null",""
"6014","Truffle Shells - White Chocolate","Borer Group","null","null","null","null","null","null","null","null","null","null","null",""
"6015","Truffle Shells - White Chocolate","Borer Group","null","2019","3","1.0000","95.00","1","0","42.10","52.90","null","55.68421",""
"6016","Truffle Shells - White Chocolate","Borer Group","null","null","null","null","null","null","null","null","null","null","null",""
"6017","Chick Peas - Dried","Borer Group","null","null","null","null","null","null","null","null","null","null","null",""
"6018","Chick Peas - Dried","Borer Group","null","2019","5","1.0000","36.50","1","0","20.93","15.57","null","42.65753",""
"6019","Cake - Mini Cheesecake","Borer Group","null","null","null","null","null","null","null","null","null","null","null",""
"6020","Cake - Mini Cheesecake","Borer Group","null","null","null","null","null","null","null","null","null","null","null",""
"6021","Cake - Mini Cheesecake","Borer Group","null","null","null","null","null","null","null","null","null","null","null",""
"6022","null","null","Customer Total:","null","null","null","8,803.91","null","null","4,864.68","null","null","null",""
"6023","Cake - Mini Cheesecake","Borer Group","null","null","null","null","null","null","null","null","null","null","null",""
"6024","Cake - Mini Cheesecake","Leffler, Botsford and Fadel","null","null","null","null","null","null","null","null","null","null","null",""
"6025","Wine - Semi Dry Riesling Vineland","Leffler, Botsford and Fadel","null","null","null","null","null","null","null","null","null","null","null",""
"6026","Wine - Semi Dry Riesling Vineland","Leffler, Botsford and Fadel","null","2019","3","1.0000","16.50","1","0","7.01","9.49","null","57.51515",""
"6027","Wine - Sawmill Creek Autumn","Leffler, Botsford and Fadel","null","null","null","null","null","null","null","null","null","null","null",""
"6028","Wine - Sawmill Creek Autumn","Leffler, Botsford and Fadel","null","null","null","null","null","null","null","null","null","null","null",""
"6029","Icecream Cone - Areo Chocolate","Leffler, Botsford and Fadel","null","null","null","null","null","null","null","null","null","null","null",""
"6030","Icecream Cone - Areo Chocolate","Leffler, Botsford and Fadel","null","2019","3","2.0000","45.00","1","0","13.48","31.52","null","70.04444",""
"6031","Cheese - Camembert","Leffler, Botsford and Fadel","null","null","null","null","null","null","null","null","null","null","null",""
"6032","Cheese - Camembert","Leffler, Botsford and Fadel","null","null","null","null","null","null","null","null","null","null","null",""
"6033","Bread Country Roll","Leffler, Botsford and Fadel","null","null","null","null","null","null","null","null","null","null","null",""
"6034","Bread Country Roll","Leffler, Botsford and Fadel","null","2019","3","2.0000","42.00","1","0","24.93","17.07","null","40.64286",""
"6035","Juice - Apple Cider","Leffler, Botsford and Fadel","null","null","null","null","null","null","null","null","null","null","null",""
"6036","Juice - Apple Cider","Leffler, Botsford and Fadel","null","null","null","null","null","null","null","null","null","null","null",""
"6037","Sugar - Sweet N Low, Individual","Leffler, Botsford and Fadel","null","null","null","null","null","null","null","null","null","null","null",""
"6038","Sugar - Sweet N Low, Individual","Leffler, Botsford and Fadel","null","2019","3","2.0000","68.20","1","0","19.76","48.44","null","71.02639",""
"6039","Onions - Vidalia","Leffler, Botsford and Fadel","null","null","null","null","null","null","null","null","null","null","null",""
"6040","Onions - Vidalia","Leffler, Botsford and Fadel","null","null","null","null","null","null","null","null","null","null","null",""
"6041","Soup - French Can Pea","Leffler, Botsford and Fadel","null","null","null","null","null","null","null","null","null","null","null",""
"6042","Soup - French Can Pea","Leffler, Botsford and Fadel","null","2019","3","2.0000","47.86","1","0","27.95","19.91","null","41.60050",""
"6043","Ice Cream Bar - Hagen Daz","Leffler, Botsford and Fadel","null","null","null","null","null","null","null","null","null","null","null",""
"6044","Ice Cream Bar - Hagen Daz","Leffler, Botsford and Fadel","null","null","null","null","null","null","null","null","null","null","null",""
"6045","Ice Cream Bar - Hagen Daz","Leffler, Botsford and Fadel","null","null","null","null","null","null","null","null","null","null","null",""
"6046","null","null","Customer Total:","null","null","null","219.56","null","null","93.13","null","null","null",""
"6047","Ice Cream Bar - Hagen Daz","Leffler, Botsford and Fadel","null","null","null","null","null","null","null","null","null","null","null",""
"6048","Ice Cream Bar - Hagen Daz","Altenwerth, Considine and Corkery","null","null","null","null","null","null","null","null","null","null","null",""
"6049","Tea - Earl Grey","Altenwerth, Considine and Corkery","null","null","null","null","null","null","null","null","null","null","null",""
"6050","Tea - Earl Grey","Altenwerth, Considine and Corkery","null","2019","1","43.0000","642.25","6","0","428.84","213.41","null","33.22849",""
"6051","Wine - Red, Metus Rose","Altenwerth, Considine and Corkery","null","null","null","null","null","null","null","null","null","null","null",""
"6052","Wine - Red, Metus Rose","Altenwerth, Considine and Corkery","null","null","null","null","null","null","null","null","null","null","null",""
"6053","Wine - Red, Metus Rose","Altenwerth, Considine and Corkery","null","2019","2","33.0000","542.90","5","0","330.38","212.52","null","39.14533",""
"6054","Wine - Red, Metus Rose","Altenwerth, Considine and Corkery","null","null","null","null","null","null","null","null","null","null","null",""
"6055","Wine - Red, Metus Rose","Altenwerth, Considine and Corkery","null","2019","3","27.0000","391.50","5","0","269.55","121.95","null","31.14943",""
"6056","Wine - Red, Metus Rose","Altenwerth, Considine and Corkery","null","2019","4","20.0000","290.00","4","0","199.18","90.82","null","31.31724",""
"6057","Wine - Red, Metus Rose","Altenwerth, Considine and Corkery","null","2019","5","34.0000","493.00","6","0","338.15","154.85","null","31.40974",""
"6058","Wine - Red, Metus Rose","Altenwerth, Considine and Corkery","null","2019","6","24.0000","348.00","3","0","238.56","109.44","null","31.44828",""
"6059","Tomatoes - Heirloom","Altenwerth, Considine and Corkery","null","null","null","null","null","null","null","null","null","null","null",""
"6060","Tomatoes - Heirloom","Altenwerth, Considine and Corkery","null","2019","3","4.0000","66.00","1","0","38.34","27.66","null","41.90909",""
"6061","Wine - Red, Metus Rose","Altenwerth, Considine and Corkery","null","null","null","null","null","null","null","null","null","null","null",""
"6062","Wine - Red, Metus Rose","Altenwerth, Considine and Corkery","null","null","null","null","null","null","null","null","null","null","null",""
"6063","Wine - Red, Metus Rose","Altenwerth, Considine and Corkery","null","2019","4","14.0000","231.00","2","0","134.50","96.50","null","41.77489",""
"6064","Wine - Red, Metus Rose","Altenwerth, Considine and Corkery","null","null","null","null","null","null","null","null","null","null","null",""
"6065","Wine - Red, Metus Rose","Altenwerth, Considine and Corkery","null","2019","5","14.0000","231.00","2","0","135.26","95.74","null","41.44589",""
"6066","Trout - Rainbow, Frozen","Altenwerth, Considine and Corkery","null","null","null","null","null","null","null","null","null","null","null",""
"6067","Trout - Rainbow, Frozen","Altenwerth, Considine and Corkery","null","2019","1","71.0000","1,189.25","7","0","693.31","495.94","null","41.70191",""
"6068","Fresh Jumbo Cremini 5#/cs","Altenwerth, Considine and Corkery","null","null","null","null","null","null","null","null","null","null","null",""
"6069","Fresh Jumbo Cremini 5#/cs","Altenwerth, Considine and Corkery","null","null","null","null","null","null","null","null","null","null","null",""
"6070","Fresh Jumbo Cremini 5#/cs","Altenwerth, Considine and Corkery","null","2019","2","68.0000","1,139.00","8","0","667.96","471.04","null","41.35558",""
"6071","Fresh Jumbo Cremini 5#/cs","Altenwerth, Considine and Corkery","null","null","null","null","null","null","null","null","null","null","null",""
"6072","Fresh Jumbo Cremini 5#/cs","Altenwerth, Considine and Corkery","null","2019","3","59.0000","988.25","7","0","577.76","410.49","null","41.53706",""
"6073","Fresh Jumbo Cremini 5#/cs","Altenwerth, Considine and Corkery","null","2019","4","38.0000","636.50","6","0","372.60","263.90","null","41.46112",""
"6074","Fresh Jumbo Cremini 5#/cs","Altenwerth, Considine and Corkery","null","2019","5","29.0000","686.75","6","1","285.44","200.31","null","41.23726",""
"6075","Fresh Jumbo Cremini 5#/cs","Altenwerth, Considine and Corkery","null","2019","6","30.0000","502.50","3","0","293.77","208.73","null","41.53831",""
"6076","Kippers - Smoked","Altenwerth, Considine and Corkery","null","null","null","null","null","null","null","null","null","null","null",""
"6077","Kippers - Smoked","Altenwerth, Considine and Corkery","null","2019","1","3.0000","70.55","2","0","43.50","27.05","null","38.34160",""
"6078","Fresh Portabella - 5lbs","Altenwerth, Considine and Corkery","null","null","null","null","null","null","null","null","null","null","null",""
"6079","Fresh Portabella - 5lbs","Altenwerth, Considine and Corkery","null","null","null","null","null","null","null","null","null","null","null",""
"6080","Tomatoes","Altenwerth, Considine and Corkery","null","null","null","null","null","null","null","null","null","null","null",""
"6081","Tomatoes","Altenwerth, Considine and Corkery","null","2019","1","6.0000","76.20","6","0","24.06","52.14","null","68.42520",""
"6082","Chinese Foods - Plain Fried Rice","Altenwerth, Considine and Corkery","null","null","null","null","null","null","null","null","null","null","null",""
"6083","Chinese Foods - Plain Fried Rice","Altenwerth, Considine and Corkery","null","null","null","null","null","null","null","null","null","null","null",""
"6084","Chinese Foods - Plain Fried Rice","Altenwerth, Considine and Corkery","null","2019","2","11.0000","202.50","9","0","44.11","158.39","null","78.21728",""
"6085","Chinese Foods - Plain Fried Rice","Altenwerth, Considine and Corkery","null","null","null","null","null","null","null","null","null","null","null",""
"6086","Chinese Foods - Plain Fried Rice","Altenwerth, Considine and Corkery","null","2019","3","7.0000","88.90","7","0","28.07","60.83","null","68.42520",""
"6087","Chinese Foods - Plain Fried Rice","Altenwerth, Considine and Corkery","null","2019","4","4.0000","50.80","4","0","16.04","34.76","null","68.42520",""
"6088","Chinese Foods - Plain Fried Rice","Altenwerth, Considine and Corkery","null","2019","5","3.0000","38.10","3","0","12.03","26.07","null","68.42520",""
"6089","Chinese Foods - Plain Fried Rice","Altenwerth, Considine and Corkery","null","2019","6","3.0000","38.10","3","0","12.03","26.07","null","68.42520",""
"6090","Mix Pina Colada","Altenwerth, Considine and Corkery","null","null","null","null","null","null","null","null","null","null","null",""
"6091","Mix Pina Colada","Altenwerth, Considine and Corkery","null","2019","1","6.0000","76.20","6","0","23.28","52.92","null","69.44882",""
"6092","Lidsoupcont Rp12dn","Altenwerth, Considine and Corkery","null","null","null","null","null","null","null","null","null","null","null",""
"6093","Lidsoupcont Rp12dn","Altenwerth, Considine and Corkery","null","null","null","null","null","null","null","null","null","null","null",""
"6094","Lidsoupcont Rp12dn","Altenwerth, Considine and Corkery","null","2019","2","9.0000","174.90","9","0","34.91","139.99","null","80.04002",""
"6095","Lidsoupcont Rp12dn","Altenwerth, Considine and Corkery","null","null","null","null","null","null","null","null","null","null","null",""
"6096","Lidsoupcont Rp12dn","Altenwerth, Considine and Corkery","null","2019","3","6.0000","76.20","6","0","23.28","52.92","null","69.44882",""
"6097","Lidsoupcont Rp12dn","Altenwerth, Considine and Corkery","null","2019","4","2.0000","25.40","2","0","7.76","17.64","null","69.44882",""
"6098","Lidsoupcont Rp12dn","Altenwerth, Considine and Corkery","null","2019","5","3.0000","38.10","3","0","11.64","26.46","null","69.44882",""
"6099","Lidsoupcont Rp12dn","Altenwerth, Considine and Corkery","null","2019","6","2.0000","25.40","2","0","7.76","17.64","null","69.44882",""
"6100","Kohlrabi","Altenwerth, Considine and Corkery","null","null","null","null","null","null","null","null","null","null","null",""
"6101","Kohlrabi","Altenwerth, Considine and Corkery","null","2019","1","12.0000","153.20","7","0","49.61","103.59","null","67.61749",""
"6102","Puree - Guava","Altenwerth, Considine and Corkery","null","null","null","null","null","null","null","null","null","null","null",""
"6103","Puree - Guava","Altenwerth, Considine and Corkery","null","null","null","null","null","null","null","null","null","null","null",""
"6104","Puree - Guava","Altenwerth, Considine and Corkery","null","2019","2","8.0000","99.52","7","0","33.06","66.46","null","66.78055",""
"6105","Puree - Guava","Altenwerth, Considine and Corkery","null","null","null","null","null","null","null","null","null","null","null",""
"6106","Puree - Guava","Altenwerth, Considine and Corkery","null","2019","3","8.0000","92.00","5","0","33.07","58.93","null","64.05435",""
"6107","Puree - Guava","Altenwerth, Considine and Corkery","null","2019","4","6.0000","69.00","6","0","24.78","44.22","null","64.08696",""
"6108","Puree - Guava","Altenwerth, Considine and Corkery","null","2019","5","5.0000","57.50","5","0","20.65","36.85","null","64.08696",""
"6109","Puree - Guava","Altenwerth, Considine and Corkery","null","2019","6","4.0000","46.00","3","0","16.53","29.47","null","64.06522",""
"6110","Octopus","Altenwerth, Considine and Corkery","null","null","null","null","null","null","null","null","null","null","null",""
"6111","Octopus","Altenwerth, Considine and Corkery","null","2019","1","43.0000","580.50","7","0","256.94","323.56","null","55.73816",""
"6112","V8 - Vegetable Cocktail","Altenwerth, Considine and Corkery","null","null","null","null","null","null","null","null","null","null","null",""
"6113","V8 - Vegetable Cocktail","Altenwerth, Considine and Corkery","null","null","null","null","null","null","null","null","null","null","null",""
"6114","V8 - Vegetable Cocktail","Altenwerth, Considine and Corkery","null","2019","2","33.0000","450.44","8","0","197.20","253.24","null","56.22058",""
"6115","V8 - Vegetable Cocktail","Altenwerth, Considine and Corkery","null","null","null","null","null","null","null","null","null","null","null",""
"6116","V8 - Vegetable Cocktail","Altenwerth, Considine and Corkery","null","2019","3","36.0000","486.00","9","0","215.12","270.88","null","55.73663",""
"6117","V8 - Vegetable Cocktail","Altenwerth, Considine and Corkery","null","2019","4","29.0000","397.02","9","0","173.29","223.73","null","56.35232",""
"6118","V8 - Vegetable Cocktail","Altenwerth, Considine and Corkery","null","2019","5","27.0000","364.50","8","0","161.36","203.14","null","55.73114",""
"6119","V8 - Vegetable Cocktail","Altenwerth, Considine and Corkery","null","2019","6","17.0000","229.50","7","0","101.59","127.91","null","55.73420",""
"6120","Cape Capensis - Fillet","Altenwerth, Considine and Corkery","null","null","null","null","null","null","null","null","null","null","null",""
"6121","Cape Capensis - Fillet","Altenwerth, Considine and Corkery","null","2019","6","2.0000","29.76","1","0","19.60","10.16","null","34.13978",""
"6122","Roe - White Fish","Altenwerth, Considine and Corkery","null","null","null","null","null","null","null","null","null","null","null",""
"6123","Roe - White Fish","Altenwerth, Considine and Corkery","null","null","null","null","null","null","null","null","null","null","null",""
"6124","Yukon Jack","Altenwerth, Considine and Corkery","null","null","null","null","null","null","null","null","null","null","null",""
"6125","Yukon Jack","Altenwerth, Considine and Corkery","null","2019","2","-12.0000","170.40","1","2","-110.28","-60.12","null","35.28169",""
"6126","ORGANIC Jumbo Cremini 5lbs","Altenwerth, Considine and Corkery","null","null","null","null","null","null","null","null","null","null","null",""
"6127","ORGANIC Jumbo Cremini 5lbs","Altenwerth, Considine and Corkery","null","null","null","null","null","null","null","null","null","null","null",""
"6128","Skirt - 29 Foot","Altenwerth, Considine and Corkery","null","null","null","null","null","null","null","null","null","null","null",""
"6129","Skirt - 29 Foot","Altenwerth, Considine and Corkery","null","2019","1","43.0000","651.50","7","0","193.14","458.36","null","70.35457",""
"6130","Blueberries - Frozen","Altenwerth, Considine and Corkery","null","null","null","null","null","null","null","null","null","null","null",""
"6131","Blueberries - Frozen","Altenwerth, Considine and Corkery","null","null","null","null","null","null","null","null","null","null","null",""
"6132","Blueberries - Frozen","Altenwerth, Considine and Corkery","null","2019","2","34.0000","544.20","7","0","152.73","391.47","null","71.93495",""
"6133","Blueberries - Frozen","Altenwerth, Considine and Corkery","null","null","null","null","null","null","null","null","null","null","null",""
"6134","Blueberries - Frozen","Altenwerth, Considine and Corkery","null","2019","3","34.0000","510.00","9","0","152.72","357.28","null","70.05490",""
"6135","Blueberries - Frozen","Altenwerth, Considine and Corkery","null","2019","4","30.0000","465.00","9","1","134.74","315.26","null","70.05778",""
"6136","Blueberries - Frozen","Altenwerth, Considine and Corkery","null","2019","5","24.0000","360.00","8","0","107.77","252.23","null","70.06389",""
"6137","Blueberries - Frozen","Altenwerth, Considine and Corkery","null","2019","6","10.0000","150.00","5","0","44.90","105.10","null","70.06667",""
"6138","Coffee - Espresso","Altenwerth, Considine and Corkery","null","null","null","null","null","null","null","null","null","null","null",""
"6139","Coffee - Espresso","Altenwerth, Considine and Corkery","null","2019","1","16.0000","288.00","7","0","88.26","199.74","null","69.35417",""
"6140","Trout - Hot Smkd, Dbl Fillet","Altenwerth, Considine and Corkery","null","null","null","null","null","null","null","null","null","null","null",""
"6141","Trout - Hot Smkd, Dbl Fillet","Altenwerth, Considine and Corkery","null","null","null","null","null","null","null","null","null","null","null",""
"6142","Trout - Hot Smkd, Dbl Fillet","Altenwerth, Considine and Corkery","null","2019","2","13.0000","232.92","8","0","71.70","161.22","null","69.21690",""
"6143","Trout - Hot Smkd, Dbl Fillet","Altenwerth, Considine and Corkery","null","null","null","null","null","null","null","null","null","null","null",""
"6144","Trout - Hot Smkd, Dbl Fillet","Altenwerth, Considine and Corkery","null","2019","3","18.0000","324.00","9","0","99.27","224.73","null","69.36111",""
"6145","Trout - Hot Smkd, Dbl Fillet","Altenwerth, Considine and Corkery","null","2019","4","16.0000","288.00","9","0","88.25","199.75","null","69.35764",""
"6146","Trout - Hot Smkd, Dbl Fillet","Altenwerth, Considine and Corkery","null","2019","5","12.0000","216.00","7","0","66.20","149.80","null","69.35185",""
"6147","Trout - Hot Smkd, Dbl Fillet","Altenwerth, Considine and Corkery","null","2019","6","10.0000","180.00","6","0","55.16","124.84","null","69.35556",""
"6148","Wine - Prem Select Charddonany","Altenwerth, Considine and Corkery","null","null","null","null","null","null","null","null","null","null","null",""
"6149","Wine - Prem Select Charddonany","Altenwerth, Considine and Corkery","null","2019","1","8.0000","172.00","5","0","74.91","97.09","null","56.44767",""
"6150","Juice - Apple, 1.36l","Altenwerth, Considine and Corkery","null","null","null","null","null","null","null","null","null","null","null",""
"6151","Juice - Apple, 1.36l","Altenwerth, Considine and Corkery","null","null","null","null","null","null","null","null","null","null","null",""
"6152","Juice - Apple, 1.36l","Altenwerth, Considine and Corkery","null","2019","2","13.0000","281.25","8","0","121.74","159.51","null","56.71467",""
"6153","Juice - Apple, 1.36l","Altenwerth, Considine and Corkery","null","null","null","null","null","null","null","null","null","null","null",""
"6154","Juice - Apple, 1.36l","Altenwerth, Considine and Corkery","null","2019","3","18.0000","387.00","9","0","168.57","218.43","null","56.44186",""
"6155","Juice - Apple, 1.36l","Altenwerth, Considine and Corkery","null","2019","4","17.0000","365.50","9","0","159.20","206.30","null","56.44323",""
"6156","Juice - Apple, 1.36l","Altenwerth, Considine and Corkery","null","2019","5","15.0000","322.50","7","0","140.47","182.03","null","56.44341",""
"6157","Juice - Apple, 1.36l","Altenwerth, Considine and Corkery","null","2019","6","11.0000","236.85","7","0","102.99","133.86","null","56.51678",""
"6158","Wine - Semi Dry Riesling Vineland","Altenwerth, Considine and Corkery","null","null","null","null","null","null","null","null","null","null","null",""
"6159","Wine - Semi Dry Riesling Vineland","Altenwerth, Considine and Corkery","null","2019","1","13.0000","234.00","7","0","91.18","142.82","null","61.03419",""
"6160","Wine - Sawmill Creek Autumn","Altenwerth, Considine and Corkery","null","null","null","null","null","null","null","null","null","null","null",""
"6161","Wine - Sawmill Creek Autumn","Altenwerth, Considine and Corkery","null","null","null","null","null","null","null","null","null","null","null",""
"6162","Wine - Sawmill Creek Autumn","Altenwerth, Considine and Corkery","null","2019","2","13.0000","234.00","8","0","91.19","142.81","null","61.02991",""
"6163","Wine - Sawmill Creek Autumn","Altenwerth, Considine and Corkery","null","null","null","null","null","null","null","null","null","null","null",""
"6164","Wine - Sawmill Creek Autumn","Altenwerth, Considine and Corkery","null","2019","3","16.0000","288.00","9","0","112.23","175.77","null","61.03125",""
"6165","Wine - Sawmill Creek Autumn","Altenwerth, Considine and Corkery","null","2019","4","15.0000","270.00","9","0","105.21","164.79","null","61.03333",""
"6166","Wine - Sawmill Creek Autumn","Altenwerth, Considine and Corkery","null","2019","5","12.0000","216.00","8","0","84.15","131.85","null","61.04167",""
"6167","Wine - Sawmill Creek Autumn","Altenwerth, Considine and Corkery","null","2019","6","10.0000","180.00","5","0","70.14","109.86","null","61.03333",""
"6168","Icecream Cone - Areo Chocolate","Altenwerth, Considine and Corkery","null","null","null","null","null","null","null","null","null","null","null",""
"6169","Icecream Cone - Areo Chocolate","Altenwerth, Considine and Corkery","null","2019","1","21.0000","522.00","7","0","141.54","380.46","null","72.88506",""
"6170","Cheese - Camembert","Altenwerth, Considine and Corkery","null","null","null","null","null","null","null","null","null","null","null",""
"6171","Cheese - Camembert","Altenwerth, Considine and Corkery","null","null","null","null","null","null","null","null","null","null","null",""
"6172","Cheese - Camembert","Altenwerth, Considine and Corkery","null","2019","2","18.0000","474.57","9","0","121.32","353.25","null","74.43581",""
"6173","Cheese - Camembert","Altenwerth, Considine and Corkery","null","null","null","null","null","null","null","null","null","null","null",""
"6174","Cheese - Camembert","Altenwerth, Considine and Corkery","null","2019","3","17.0000","408.00","8","0","114.58","293.42","null","71.91667",""
"6175","Cheese - Camembert","Altenwerth, Considine and Corkery","null","2019","4","17.0000","408.00","9","0","114.58","293.42","null","71.91667",""
"6176","Cheese - Camembert","Altenwerth, Considine and Corkery","null","2019","5","10.0000","240.00","6","0","67.40","172.60","null","71.91667",""
"6177","Cheese - Camembert","Altenwerth, Considine and Corkery","null","2019","6","6.0000","144.00","5","0","40.44","103.56","null","71.91667",""
"6178","Bread Country Roll","Altenwerth, Considine and Corkery","null","null","null","null","null","null","null","null","null","null","null",""
"6179","Bread Country Roll","Altenwerth, Considine and Corkery","null","2019","1","17.0000","422.00","7","0","211.88","210.12","null","49.79147",""
"6180","Juice - Apple Cider","Altenwerth, Considine and Corkery","null","null","null","null","null","null","null","null","null","null","null",""
"6181","Juice - Apple Cider","Altenwerth, Considine and Corkery","null","null","null","null","null","null","null","null","null","null","null",""
"6182","Juice - Apple Cider","Altenwerth, Considine and Corkery","null","2019","2","15.0000","403.10","9","0","186.97","216.13","null","53.61697",""
"6183","Juice - Apple Cider","Altenwerth, Considine and Corkery","null","null","null","null","null","null","null","null","null","null","null",""
"6184","Juice - Apple Cider","Altenwerth, Considine and Corkery","null","2019","3","17.0000","399.50","9","0","211.90","187.60","null","46.95870",""
"6185","Juice - Apple Cider","Altenwerth, Considine and Corkery","null","2019","4","15.0000","352.50","8","0","186.97","165.53","null","46.95887",""
"6186","Juice - Apple Cider","Altenwerth, Considine and Corkery","null","2019","5","15.0000","365.15","8","0","186.95","178.20","null","48.80186",""
"6187","Juice - Apple Cider","Altenwerth, Considine and Corkery","null","2019","6","9.0000","211.50","5","0","112.18","99.32","null","46.95981",""
"6188","Pepper - Red Thai","Altenwerth, Considine and Corkery","null","null","null","null","null","null","null","null","null","null","null",""
"6189","Pepper - Red Thai","Altenwerth, Considine and Corkery","null","2019","1","7.0000","122.00","7","0","38.64","83.36","null","68.32787",""
"6190","Macaroons - Two Bite Choc","Altenwerth, Considine and Corkery","null","null","null","null","null","null","null","null","null","null","null",""
"6191","Macaroons - Two Bite Choc","Altenwerth, Considine and Corkery","null","null","null","null","null","null","null","null","null","null","null",""
"6192","Macaroons - Two Bite Choc","Altenwerth, Considine and Corkery","null","2019","2","5.0000","89.00","4","0","27.59","61.41","null","69.00000",""
"6193","Macaroons - Two Bite Choc","Altenwerth, Considine and Corkery","null","null","null","null","null","null","null","null","null","null","null",""
"6194","Macaroons - Two Bite Choc","Altenwerth, Considine and Corkery","null","2019","3","8.0000","136.00","8","0","44.16","91.84","null","67.52941",""
"6195","Macaroons - Two Bite Choc","Altenwerth, Considine and Corkery","null","2019","4","5.0000","87.25","5","0","27.60","59.65","null","68.36676",""
"6196","Macaroons - Two Bite Choc","Altenwerth, Considine and Corkery","null","2019","5","3.0000","53.25","3","0","16.56","36.69","null","68.90141",""
"6197","Macaroons - Two Bite Choc","Altenwerth, Considine and Corkery","null","2019","6","2.0000","35.50","2","0","11.04","24.46","null","68.90141",""
"6198","Macaroons - Two Bite Choc","Altenwerth, Considine and Corkery","null","null","null","null","null","null","null","null","null","null","null",""
"6199","null","null","Customer Total:","null","null","null","24,854.63","null","null","10,923.71","null","null","null",""
"6200","Macaroons - Two Bite Choc","Altenwerth, Considine and Corkery","null","null","null","null","null","null","null","null","null","null","null",""
"6201","Macaroons - Two Bite Choc","Kertzmann, Johnson and Abshire","null","null","null","null","null","null","null","null","null","null","null",""
"6202","Cheese - St. Paulin","Kertzmann, Johnson and Abshire","null","null","null","null","null","null","null","null","null","null","null",""
"6203","Cheese - St. Paulin","Kertzmann, Johnson and Abshire","null","2019","1","3.0000","34.50","1","0","10.23","24.27","null","70.34783",""
"6204","Chicken - Breast, 5 - 7 Oz","Kertzmann, Johnson and Abshire","null","null","null","null","null","null","null","null","null","null","null",""
"6205","Chicken - Breast, 5 - 7 Oz","Kertzmann, Johnson and Abshire","null","null","null","null","null","null","null","null","null","null","null",""
"6206","Chicken - Breast, 5 - 7 Oz","Kertzmann, Johnson and Abshire","null","2019","2","4.0000","55.68","2","0","13.64","42.04","null","75.50287",""
"6207","Chicken - Breast, 5 - 7 Oz","Kertzmann, Johnson and Abshire","null","null","null","null","null","null","null","null","null","null","null",""
"6208","Chicken - Breast, 5 - 7 Oz","Kertzmann, Johnson and Abshire","null","2019","4","1.0000","20.50","1","0","3.41","17.09","null","83.36585",""
"6209","Chicken - Breast, 5 - 7 Oz","Kertzmann, Johnson and Abshire","null","2019","5","5.0000","89.34","3","0","17.05","72.29","null","80.91560",""
"6210","Chicken - Breast, 5 - 7 Oz","Kertzmann, Johnson and Abshire","null","2019","6","3.0000","61.50","2","0","10.23","51.27","null","83.36585",""
"6211","Octopus","Kertzmann, Johnson and Abshire","null","null","null","null","null","null","null","null","null","null","null",""
"6212","Octopus","Kertzmann, Johnson and Abshire","null","2019","1","8.0000","87.25","4","0","47.81","39.44","null","45.20344",""
"6213","V8 - Vegetable Cocktail","Kertzmann, Johnson and Abshire","null","null","null","null","null","null","null","null","null","null","null",""
"6214","V8 - Vegetable Cocktail","Kertzmann, Johnson and Abshire","null","null","null","null","null","null","null","null","null","null","null",""
"6215","V8 - Vegetable Cocktail","Kertzmann, Johnson and Abshire","null","2019","2","6.0000","73.52","3","0","35.85","37.67","null","51.23776",""
"6216","V8 - Vegetable Cocktail","Kertzmann, Johnson and Abshire","null","null","null","null","null","null","null","null","null","null","null",""
"6217","V8 - Vegetable Cocktail","Kertzmann, Johnson and Abshire","null","2019","3","8.0000","96.76","4","0","47.80","48.96","null","50.59942",""
"6218","V8 - Vegetable Cocktail","Kertzmann, Johnson and Abshire","null","2019","4","6.0000","76.00","3","0","35.85","40.15","null","52.82895",""
"6219","V8 - Vegetable Cocktail","Kertzmann, Johnson and Abshire","null","2019","5","8.0000","104.00","4","0","47.80","56.20","null","54.03846",""
"6220","V8 - Vegetable Cocktail","Kertzmann, Johnson and Abshire","null","2019","6","8.0000","104.00","3","0","47.80","56.20","null","54.03846",""
"6221","Cape Capensis - Fillet","Kertzmann, Johnson and Abshire","null","null","null","null","null","null","null","null","null","null","null",""
"6222","Cape Capensis - Fillet","Kertzmann, Johnson and Abshire","null","2019","1","2.0000","22.50","1","0","19.57","2.93","null","13.02222",""
"6223","Roe - White Fish","Kertzmann, Johnson and Abshire","null","null","null","null","null","null","null","null","null","null","null",""
"6224","Roe - White Fish","Kertzmann, Johnson and Abshire","null","null","null","null","null","null","null","null","null","null","null",""
"6225","Roe - White Fish","Kertzmann, Johnson and Abshire","null","2019","2","2.0000","24.76","1","0","19.60","5.16","null","20.84006",""
"6226","Roe - White Fish","Kertzmann, Johnson and Abshire","null","null","null","null","null","null","null","null","null","null","null",""
"6227","Skirt - 29 Foot","Kertzmann, Johnson and Abshire","null","null","null","null","null","null","null","null","null","null","null",""
"6228","Skirt - 29 Foot","Kertzmann, Johnson and Abshire","null","2019","1","9.0000","112.75","4","0","40.41","72.34","null","64.15965",""
"6229","Blueberries - Frozen","Kertzmann, Johnson and Abshire","null","null","null","null","null","null","null","null","null","null","null",""
"6230","Blueberries - Frozen","Kertzmann, Johnson and Abshire","null","null","null","null","null","null","null","null","null","null","null",""
"6231","Blueberries - Frozen","Kertzmann, Johnson and Abshire","null","2019","2","3.0000","42.90","1","0","13.47","29.43","null","68.60140",""
"6232","Blueberries - Frozen","Kertzmann, Johnson and Abshire","null","null","null","null","null","null","null","null","null","null","null",""
"6233","Blueberries - Frozen","Kertzmann, Johnson and Abshire","null","2019","3","9.0000","123.10","4","0","40.41","82.69","null","67.17303",""
"6234","Blueberries - Frozen","Kertzmann, Johnson and Abshire","null","2019","4","6.0000","85.00","3","0","26.94","58.06","null","68.30588",""
"6235","Blueberries - Frozen","Kertzmann, Johnson and Abshire","null","2019","5","6.0000","87.00","3","0","26.94","60.06","null","69.03448",""
"6236","Blueberries - Frozen","Kertzmann, Johnson and Abshire","null","2019","6","8.0000","116.00","3","0","35.93","80.07","null","69.02586",""
"6237","Wine - Prem Select Charddonany","Kertzmann, Johnson and Abshire","null","null","null","null","null","null","null","null","null","null","null",""
"6238","Wine - Prem Select Charddonany","Kertzmann, Johnson and Abshire","null","2019","1","3.0000","55.40","2","0","28.09","27.31","null","49.29603",""
"6239","Juice - Apple, 1.36l","Kertzmann, Johnson and Abshire","null","null","null","null","null","null","null","null","null","null","null",""
"6240","Juice - Apple, 1.36l","Kertzmann, Johnson and Abshire","null","null","null","null","null","null","null","null","null","null","null",""
"6241","Juice - Apple, 1.36l","Kertzmann, Johnson and Abshire","null","2019","3","8.0000","160.70","4","0","74.92","85.78","null","53.37897",""
"6242","Juice - Apple, 1.36l","Kertzmann, Johnson and Abshire","null","null","null","null","null","null","null","null","null","null","null",""
"6243","Juice - Apple, 1.36l","Kertzmann, Johnson and Abshire","null","2019","4","3.0000","61.50","2","0","28.09","33.41","null","54.32520",""
"6244","Juice - Apple, 1.36l","Kertzmann, Johnson and Abshire","null","2019","5","6.0000","123.00","4","0","56.18","66.82","null","54.32520",""
"6245","Juice - Apple, 1.36l","Kertzmann, Johnson and Abshire","null","2019","6","1.0000","20.50","1","0","9.36","11.14","null","54.34146",""
"6246","Wine - Semi Dry Riesling Vineland","Kertzmann, Johnson and Abshire","null","null","null","null","null","null","null","null","null","null","null",""
"6247","Wine - Semi Dry Riesling Vineland","Kertzmann, Johnson and Abshire","null","2019","1","7.0000","110.25","3","0","49.10","61.15","null","55.46485",""
"6248","Wine - Sawmill Creek Autumn","Kertzmann, Johnson and Abshire","null","null","null","null","null","null","null","null","null","null","null",""
"6249","Wine - Sawmill Creek Autumn","Kertzmann, Johnson and Abshire","null","null","null","null","null","null","null","null","null","null","null",""
"6250","Wine - Sawmill Creek Autumn","Kertzmann, Johnson and Abshire","null","2019","2","5.0000","82.50","3","0","35.07","47.43","null","57.49091",""
"6251","Wine - Sawmill Creek Autumn","Kertzmann, Johnson and Abshire","null","null","null","null","null","null","null","null","null","null","null",""
"6252","Wine - Sawmill Creek Autumn","Kertzmann, Johnson and Abshire","null","2019","3","7.0000","115.50","4","0","49.10","66.40","null","57.48918",""
"6253","Wine - Sawmill Creek Autumn","Kertzmann, Johnson and Abshire","null","2019","4","5.0000","82.50","3","0","35.07","47.43","null","57.49091",""
"6254","Wine - Sawmill Creek Autumn","Kertzmann, Johnson and Abshire","null","2019","5","3.0000","49.50","3","0","21.03","28.47","null","57.51515",""
"6255","Wine - Sawmill Creek Autumn","Kertzmann, Johnson and Abshire","null","2019","6","4.0000","66.00","3","0","28.05","37.95","null","57.50000",""
"6256","Icecream Cone - Areo Chocolate","Kertzmann, Johnson and Abshire","null","null","null","null","null","null","null","null","null","null","null",""
"6257","Icecream Cone - Areo Chocolate","Kertzmann, Johnson and Abshire","null","2019","1","9.0000","196.50","4","0","60.66","135.84","null","69.12977",""
"6258","Cheese - Camembert","Kertzmann, Johnson and Abshire","null","null","null","null","null","null","null","null","null","null","null",""
"6259","Cheese - Camembert","Kertzmann, Johnson and Abshire","null","null","null","null","null","null","null","null","null","null","null",""
"6260","Cheese - Camembert","Kertzmann, Johnson and Abshire","null","2019","2","8.0000","210.40","3","0","53.92","156.48","null","74.37262",""
"6261","Cheese - Camembert","Kertzmann, Johnson and Abshire","null","null","null","null","null","null","null","null","null","null","null",""
"6262","Cheese - Camembert","Kertzmann, Johnson and Abshire","null","2019","3","6.0000","150.98","4","0","40.44","110.54","null","73.21500",""
"6263","Cheese - Camembert","Kertzmann, Johnson and Abshire","null","2019","4","6.0000","139.50","3","0","40.44","99.06","null","71.01075",""
"6264","Cheese - Camembert","Kertzmann, Johnson and Abshire","null","2019","5","6.0000","135.00","3","0","40.44","94.56","null","70.04444",""
"6265","Cheese - Camembert","Kertzmann, Johnson and Abshire","null","2019","6","3.0000","67.50","2","0","20.22","47.28","null","70.04444",""
"6266","Bread Country Roll","Kertzmann, Johnson and Abshire","null","null","null","null","null","null","null","null","null","null","null",""
"6267","Bread Country Roll","Kertzmann, Johnson and Abshire","null","2019","1","9.0000","194.25","4","0","112.18","82.07","null","42.24968",""
"6268","Juice - Apple Cider","Kertzmann, Johnson and Abshire","null","null","null","null","null","null","null","null","null","null","null",""
"6269","Juice - Apple Cider","Kertzmann, Johnson and Abshire","null","null","null","null","null","null","null","null","null","null","null",""
"6270","Juice - Apple Cider","Kertzmann, Johnson and Abshire","null","2019","2","7.0000","215.85","3","0","87.25","128.60","null","59.57841",""
"6271","Juice - Apple Cider","Kertzmann, Johnson and Abshire","null","null","null","null","null","null","null","null","null","null","null",""
"6272","Juice - Apple Cider","Kertzmann, Johnson and Abshire","null","2019","3","4.0000","111.90","3","0","49.85","62.05","null","55.45130",""
"6273","Juice - Apple Cider","Kertzmann, Johnson and Abshire","null","2019","4","4.0000","88.75","3","0","49.85","38.90","null","43.83099",""
"6274","Juice - Apple Cider","Kertzmann, Johnson and Abshire","null","2019","5","7.0000","147.00","4","0","87.25","59.75","null","40.64626",""
"6275","Juice - Apple Cider","Kertzmann, Johnson and Abshire","null","2019","6","3.0000","63.00","2","0","37.39","25.61","null","40.65079",""
"6276","Cherries - Fresh","Kertzmann, Johnson and Abshire","null","null","null","null","null","null","null","null","null","null","null",""
"6277","Cherries - Fresh","Kertzmann, Johnson and Abshire","null","2019","3","1.0000","15.13","1","0","3.12","12.01","null","79.37872",""
"6278","Sea Bass - Fillets","Kertzmann, Johnson and Abshire","null","null","null","null","null","null","null","null","null","null","null",""
"6279","Sea Bass - Fillets","Kertzmann, Johnson and Abshire","null","null","null","null","null","null","null","null","null","null","null",""
"6280","Sage Derby","Kertzmann, Johnson and Abshire","null","null","null","null","null","null","null","null","null","null","null",""
"6281","Sage Derby","Kertzmann, Johnson and Abshire","null","2019","3","1.0000","40.15","1","0","18.73","21.42","null","53.34994",""
"6282","Cheese - Camembert","Kertzmann, Johnson and Abshire","null","null","null","null","null","null","null","null","null","null","null",""
"6283","Cheese - Camembert","Kertzmann, Johnson and Abshire","null","null","null","null","null","null","null","null","null","null","null",""
"6284","Soup - French Can Pea","Kertzmann, Johnson and Abshire","null","null","null","null","null","null","null","null","null","null","null",""
"6285","Soup - French Can Pea","Kertzmann, Johnson and Abshire","null","2019","3","2.0000","47.86","1","0","27.95","19.91","null","41.60050",""
"6286","Ice Cream Bar - Hagen Daz","Kertzmann, Johnson and Abshire","null","null","null","null","null","null","null","null","null","null","null",""
"6287","Ice Cream Bar - Hagen Daz","Kertzmann, Johnson and Abshire","null","null","null","null","null","null","null","null","null","null","null",""
"6288","Ice Cream Bar - Hagen Daz","Kertzmann, Johnson and Abshire","null","null","null","null","null","null","null","null","null","null","null",""
"6289","null","null","Customer Total:","null","null","null","4,168.18","null","null","1,684.49","null","null","null",""
"6290","Ice Cream Bar - Hagen Daz","Kertzmann, Johnson and Abshire","null","null","null","null","null","null","null","null","null","null","null",""
"6291","Ice Cream Bar - Hagen Daz","Williamson-Fritsch","null","null","null","null","null","null","null","null","null","null","null",""
"6292","Black Currants","Williamson-Fritsch","null","null","null","null","null","null","null","null","null","null","null",""
"6293","Black Currants","Williamson-Fritsch","null","2019","1","2.0000","37.50","1","0","28.36","9.14","null","24.37333",""
"6294","Juice - Ocean Spray Cranberry","Williamson-Fritsch","null","null","null","null","null","null","null","null","null","null","null",""
"6295","Juice - Ocean Spray Cranberry","Williamson-Fritsch","null","null","null","null","null","null","null","null","null","null","null",""
"6296","Muffin Orange Individual","Williamson-Fritsch","null","null","null","null","null","null","null","null","null","null","null",""
"6297","Muffin Orange Individual","Williamson-Fritsch","null","2019","2","3.0000","41.64","1","0","15.30","26.34","null","63.25648",""
"6298","Beef - Tenderloin - Aa","Williamson-Fritsch","null","null","null","null","null","null","null","null","null","null","null",""
"6299","Beef - Tenderloin - Aa","Williamson-Fritsch","null","null","null","null","null","null","null","null","null","null","null",""
"6300","Wine - Riesling Alsace Ac 2001","Williamson-Fritsch","null","null","null","null","null","null","null","null","null","null","null",""
"6301","Wine - Riesling Alsace Ac 2001","Williamson-Fritsch","null","2019","1","7.0000","89.00","3","0","31.36","57.64","null","64.76404",""
"6302","Paste - Black Olive","Williamson-Fritsch","null","null","null","null","null","null","null","null","null","null","null",""
"6303","Paste - Black Olive","Williamson-Fritsch","null","null","null","null","null","null","null","null","null","null","null",""
"6304","Paste - Black Olive","Williamson-Fritsch","null","2019","4","3.0000","49.50","1","0","13.44","36.06","null","72.84848",""
"6305","Paste - Black Olive","Williamson-Fritsch","null","null","null","null","null","null","null","null","null","null","null",""
"6306","Spice - Onion Powder Granulated","Williamson-Fritsch","null","null","null","null","null","null","null","null","null","null","null",""
"6307","Spice - Onion Powder Granulated","Williamson-Fritsch","null","2019","1","5.0000","70.00","4","0","27.60","42.40","null","60.57143",""
"6308","Wine - Cava Aria Estate Brut","Williamson-Fritsch","null","null","null","null","null","null","null","null","null","null","null",""
"6309","Wine - Cava Aria Estate Brut","Williamson-Fritsch","null","null","null","null","null","null","null","null","null","null","null",""
"6310","Wine - Cava Aria Estate Brut","Williamson-Fritsch","null","2019","2","1.0000","14.70","1","0","5.52","9.18","null","62.44898",""
"6311","Wine - Cava Aria Estate Brut","Williamson-Fritsch","null","null","null","null","null","null","null","null","null","null","null",""
"6312","Wine - Cava Aria Estate Brut","Williamson-Fritsch","null","2019","4","2.0000","33.00","1","0","11.04","21.96","null","66.54545",""
"6313","Cheese - St. Paulin","Williamson-Fritsch","null","null","null","null","null","null","null","null","null","null","null",""
"6314","Cheese - St. Paulin","Williamson-Fritsch","null","2019","1","6.0000","88.00","3","0","20.46","67.54","null","76.75000",""
"6315","Chicken - Breast, 5 - 7 Oz","Williamson-Fritsch","null","null","null","null","null","null","null","null","null","null","null",""
"6316","Chicken - Breast, 5 - 7 Oz","Williamson-Fritsch","null","null","null","null","null","null","null","null","null","null","null",""
"6317","Beef - Ground Lean Fresh","Williamson-Fritsch","null","null","null","null","null","null","null","null","null","null","null",""
"6318","Beef - Ground Lean Fresh","Williamson-Fritsch","null","2019","1","12.0000","250.50","4","0","170.72","79.78","null","31.84830",""
"6319","Muffin Puck Ww Carrot","Williamson-Fritsch","null","null","null","null","null","null","null","null","null","null","null",""
"6320","Muffin Puck Ww Carrot","Williamson-Fritsch","null","null","null","null","null","null","null","null","null","null","null",""
"6321","Muffin Puck Ww Carrot","Williamson-Fritsch","null","2019","2","13.0000","284.05","2","0","185.23","98.82","null","34.78965",""
"6322","Muffin Puck Ww Carrot","Williamson-Fritsch","null","null","null","null","null","null","null","null","null","null","null",""
"6323","Wine - Shiraz South Eastern","Williamson-Fritsch","null","null","null","null","null","null","null","null","null","null","null",""
"6324","Wine - Shiraz South Eastern","Williamson-Fritsch","null","2019","4","3.0000","50.40","1","0","17.28","33.12","null","65.71429",""
"6325","Juice - Lemon","Williamson-Fritsch","null","null","null","null","null","null","null","null","null","null","null",""
"6326","Juice - Lemon","Williamson-Fritsch","null","null","null","null","null","null","null","null","null","null","null",""
"6327","Octopus","Williamson-Fritsch","null","null","null","null","null","null","null","null","null","null","null",""
"6328","Octopus","Williamson-Fritsch","null","2019","1","10.0000","133.00","4","0","59.76","73.24","null","55.06767",""
"6329","V8 - Vegetable Cocktail","Williamson-Fritsch","null","null","null","null","null","null","null","null","null","null","null",""
"6330","V8 - Vegetable Cocktail","Williamson-Fritsch","null","null","null","null","null","null","null","null","null","null","null",""
"6331","Skirt - 29 Foot","Williamson-Fritsch","null","null","null","null","null","null","null","null","null","null","null",""
"6332","Skirt - 29 Foot","Williamson-Fritsch","null","2019","1","2.0000","27.50","1","0","8.98","18.52","null","67.34545",""
"6333","Blueberries - Frozen","Williamson-Fritsch","null","null","null","null","null","null","null","null","null","null","null",""
"6334","Blueberries - Frozen","Williamson-Fritsch","null","null","null","null","null","null","null","null","null","null","null",""
"6335","Coffee - Espresso","Williamson-Fritsch","null","null","null","null","null","null","null","null","null","null","null",""
"6336","Coffee - Espresso","Williamson-Fritsch","null","2019","1","2.0000","36.00","1","0","11.03","24.97","null","69.36111",""
"6337","Trout - Hot Smkd, Dbl Fillet","Williamson-Fritsch","null","null","null","null","null","null","null","null","null","null","null",""
"6338","Trout - Hot Smkd, Dbl Fillet","Williamson-Fritsch","null","null","null","null","null","null","null","null","null","null","null",""
"6339","Wine - Dubouef Macon - Villages","Williamson-Fritsch","null","null","null","null","null","null","null","null","null","null","null",""
"6340","Wine - Dubouef Macon - Villages","Williamson-Fritsch","null","2019","1","8.0000","116.00","4","0","44.12","71.88","null","61.96552",""
"6341","White Baguette","Williamson-Fritsch","null","null","null","null","null","null","null","null","null","null","null",""
"6342","White Baguette","Williamson-Fritsch","null","null","null","null","null","null","null","null","null","null","null",""
"6343","White Baguette","Williamson-Fritsch","null","2019","2","3.0000","44.10","2","0","16.55","27.55","null","62.47166",""
"6344","White Baguette","Williamson-Fritsch","null","null","null","null","null","null","null","null","null","null","null",""
"6345","White Baguette","Williamson-Fritsch","null","2019","4","2.0000","35.40","1","0","11.03","24.37","null","68.84181",""
"6346","Wine - Prem Select Charddonany","Williamson-Fritsch","null","null","null","null","null","null","null","null","null","null","null",""
"6347","Wine - Prem Select Charddonany","Williamson-Fritsch","null","2019","1","2.0000","43.00","1","0","18.73","24.27","null","56.44186",""
"6348","Juice - Apple, 1.36l","Williamson-Fritsch","null","null","null","null","null","null","null","null","null","null","null",""
"6349","Juice - Apple, 1.36l","Williamson-Fritsch","null","null","null","null","null","null","null","null","null","null","null",""
"6350","Juice - Apple, 1.36l","Williamson-Fritsch","null","2019","2","3.0000","65.55","2","0","28.09","37.46","null","57.14722",""
"6351","Juice - Apple, 1.36l","Williamson-Fritsch","null","null","null","null","null","null","null","null","null","null","null",""
"6352","Wine - Semi Dry Riesling Vineland","Williamson-Fritsch","null","null","null","null","null","null","null","null","null","null","null",""
"6353","Wine - Semi Dry Riesling Vineland","Williamson-Fritsch","null","2019","1","14.0000","246.00","4","0","98.18","147.82","null","60.08943",""
"6354","Wine - Sawmill Creek Autumn","Williamson-Fritsch","null","null","null","null","null","null","null","null","null","null","null",""
"6355","Wine - Sawmill Creek Autumn","Williamson-Fritsch","null","null","null","null","null","null","null","null","null","null","null",""
"6356","Wine - Sawmill Creek Autumn","Williamson-Fritsch","null","2019","2","5.0000","90.00","1","0","35.06","54.94","null","61.04444",""
"6357","Wine - Sawmill Creek Autumn","Williamson-Fritsch","null","null","null","null","null","null","null","null","null","null","null",""
"6358","Wine - Sawmill Creek Autumn","Williamson-Fritsch","null","2019","4","4.0000","97.00","1","0","28.05","68.95","null","71.08247",""
"6359","Icecream Cone - Areo Chocolate","Williamson-Fritsch","null","null","null","null","null","null","null","null","null","null","null",""
"6360","Icecream Cone - Areo Chocolate","Williamson-Fritsch","null","2019","1","46.0000","1,156.50","5","0","310.04","846.46","null","73.19153",""
"6361","Cheese - Camembert","Williamson-Fritsch","null","null","null","null","null","null","null","null","null","null","null",""
"6362","Cheese - Camembert","Williamson-Fritsch","null","null","null","null","null","null","null","null","null","null","null",""
"6363","Cheese - Camembert","Williamson-Fritsch","null","2019","2","10.0000","287.30","1","0","67.40","219.90","null","76.54020",""
"6364","Cheese - Camembert","Williamson-Fritsch","null","null","null","null","null","null","null","null","null","null","null",""
"6365","Cheese - Camembert","Williamson-Fritsch","null","2019","4","6.0000","217.50","1","0","40.44","177.06","null","81.40690",""
"6366","Bread Bowl Plain","Williamson-Fritsch","null","null","null","null","null","null","null","null","null","null","null",""
"6367","Bread Bowl Plain","Williamson-Fritsch","null","2019","2","1.0000","16.08","1","0","5.33","10.75","null","66.85323",""
"6368","Cinnamon - Ground","Williamson-Fritsch","null","null","null","null","null","null","null","null","null","null","null",""
"6369","Cinnamon - Ground","Williamson-Fritsch","null","null","null","null","null","null","null","null","null","null","null",""
"6370","Cookie Dough - Oatmeal Rasin","Williamson-Fritsch","null","null","null","null","null","null","null","null","null","null","null",""
"6371","Cookie Dough - Oatmeal Rasin","Williamson-Fritsch","null","2019","2","1.0000","14.70","1","0","2.45","12.25","null","83.33333",""
"6372","Mayonnaise - Individual Pkg","Williamson-Fritsch","null","null","null","null","null","null","null","null","null","null","null",""
"6373","Mayonnaise - Individual Pkg","Williamson-Fritsch","null","null","null","null","null","null","null","null","null","null","null",""
"6374","Cherries - Fresh","Williamson-Fritsch","null","null","null","null","null","null","null","null","null","null","null",""
"6375","Cherries - Fresh","Williamson-Fritsch","null","2019","1","1.0000","31.50","1","0","3.12","28.38","null","90.09524",""
"6376","Sea Bass - Fillets","Williamson-Fritsch","null","null","null","null","null","null","null","null","null","null","null",""
"6377","Sea Bass - Fillets","Williamson-Fritsch","null","null","null","null","null","null","null","null","null","null","null",""
"6378","Sea Bass - Fillets","Williamson-Fritsch","null","2019","2","1.0000","16.63","1","0","3.12","13.51","null","81.23873",""
"6379","Sea Bass - Fillets","Williamson-Fritsch","null","null","null","null","null","null","null","null","null","null","null",""
"6380","Ginger - Crystalized","Williamson-Fritsch","null","null","null","null","null","null","null","null","null","null","null",""
"6381","Ginger - Crystalized","Williamson-Fritsch","null","2019","2","1.0000","38.50","1","0","18.33","20.17","null","52.38961",""
"6382","Raisin - Dark","Williamson-Fritsch","null","null","null","null","null","null","null","null","null","null","null",""
"6383","Raisin - Dark","Williamson-Fritsch","null","null","null","null","null","null","null","null","null","null","null",""
"6384","Sugar - Sweet N Low, Individual","Williamson-Fritsch","null","null","null","null","null","null","null","null","null","null","null",""
"6385","Sugar - Sweet N Low, Individual","Williamson-Fritsch","null","2019","1","1.0000","27.35","1","0","9.88","17.47","null","63.87569",""
"6386","Onions - Vidalia","Williamson-Fritsch","null","null","null","null","null","null","null","null","null","null","null",""
"6387","Onions - Vidalia","Williamson-Fritsch","null","null","null","null","null","null","null","null","null","null","null",""
"6388","Onions - Vidalia","Williamson-Fritsch","null","2019","2","1.0000","35.60","1","0","9.88","25.72","null","72.24719",""
"6389","Onions - Vidalia","Williamson-Fritsch","null","null","null","null","null","null","null","null","null","null","null",""
"6390","Sage Derby","Williamson-Fritsch","null","null","null","null","null","null","null","null","null","null","null",""
"6391","Sage Derby","Williamson-Fritsch","null","2019","2","1.0000","41.65","1","0","18.73","22.92","null","55.03001",""
"6392","Cheese - Camembert","Williamson-Fritsch","null","null","null","null","null","null","null","null","null","null","null",""
"6393","Cheese - Camembert","Williamson-Fritsch","null","null","null","null","null","null","null","null","null","null","null",""
"6394","Cheese - Oka","Williamson-Fritsch","null","null","null","null","null","null","null","null","null","null","null",""
"6395","Cheese - Oka","Williamson-Fritsch","null","2019","2","1.0000","96.50","1","0","42.10","54.40","null","56.37306",""
"6396","Truffle Shells - White Chocolate","Williamson-Fritsch","null","null","null","null","null","null","null","null","null","null","null",""
"6397","Truffle Shells - White Chocolate","Williamson-Fritsch","null","null","null","null","null","null","null","null","null","null","null",""
"6398","Truffle Shells - White Chocolate","Williamson-Fritsch","null","null","null","null","null","null","null","null","null","null","null",""
"6399","null","null","Customer Total:","null","null","null","3,921.65","null","null","1,416.71","null","null","null",""
"6400","Truffle Shells - White Chocolate","Williamson-Fritsch","null","null","null","null","null","null","null","null","null","null","null",""
"6401","Truffle Shells - White Chocolate","Swaniawski, Gleichner and Conn","null","null","null","null","null","null","null","null","null","null","null",""
"6402","Wine - Wyndham Estate Bin 777","Swaniawski, Gleichner and Conn","null","null","null","null","null","null","null","null","null","null","null",""
"6403","Wine - Wyndham Estate Bin 777","Swaniawski, Gleichner and Conn","null","2019","4","1.0000","15.00","1","0","5.39","9.61","null","64.06667",""
"6404","Cafe Royale","Swaniawski, Gleichner and Conn","null","null","null","null","null","null","null","null","null","null","null",""
"6405","Cafe Royale","Swaniawski, Gleichner and Conn","null","null","null","null","null","null","null","null","null","null","null",""
"6406","Cut Wakame - Hanawakaba","Swaniawski, Gleichner and Conn","null","null","null","null","null","null","null","null","null","null","null",""
"6407","Cut Wakame - Hanawakaba","Swaniawski, Gleichner and Conn","null","2019","5","4.0000","50.00","2","0","23.86","26.14","null","52.28000",""
"6408","Fresh White Jumbo Mushroom 6x228g/cs","Swaniawski, Gleichner and Conn","null","null","null","null","null","null","null","null","null","null","null",""
"6409","Fresh White Jumbo Mushroom 6x228g/cs","Swaniawski, Gleichner and Conn","null","null","null","null","null","null","null","null","null","null","null",""
"6410","Coriander - Ground","Swaniawski, Gleichner and Conn","null","null","null","null","null","null","null","null","null","null","null",""
"6411","Coriander - Ground","Swaniawski, Gleichner and Conn","null","2019","1","17.0000","161.90","4","0","165.92","-4.02","null","-2.48301",""
"6412","Pork - Ground","Swaniawski, Gleichner and Conn","null","null","null","null","null","null","null","null","null","null","null",""
"6413","Pork - Ground","Swaniawski, Gleichner and Conn","null","null","null","null","null","null","null","null","null","null","null",""
"6414","Pork - Ground","Swaniawski, Gleichner and Conn","null","2019","2","10.0000","133.21","3","0","97.60","35.61","null","26.73223",""
"6415","Pork - Ground","Swaniawski, Gleichner and Conn","null","null","null","null","null","null","null","null","null","null","null",""
"6416","Pork - Ground","Swaniawski, Gleichner and Conn","null","2019","3","12.0000","109.20","3","0","117.12","-7.92","null","-7.25275",""
"6417","Pork - Ground","Swaniawski, Gleichner and Conn","null","2019","4","8.0000","122.00","2","0","78.08","43.92","null","36.00000",""
"6418","Pork - Ground","Swaniawski, Gleichner and Conn","null","2019","5","15.0000","228.75","3","0","146.40","82.35","null","36.00000",""
"6419","Pork - Ground","Swaniawski, Gleichner and Conn","null","2019","6","13.0000","198.25","4","0","126.88","71.37","null","36.00000",""
"6420","Spice - Onion Powder Granulated","Swaniawski, Gleichner and Conn","null","null","null","null","null","null","null","null","null","null","null",""
"6421","Spice - Onion Powder Granulated","Swaniawski, Gleichner and Conn","null","2019","1","4.0000","43.10","3","0","22.08","21.02","null","48.77030",""
"6422","Wine - Cava Aria Estate Brut","Swaniawski, Gleichner and Conn","null","null","null","null","null","null","null","null","null","null","null",""
"6423","Wine - Cava Aria Estate Brut","Swaniawski, Gleichner and Conn","null","null","null","null","null","null","null","null","null","null","null",""
"6424","Wine - Cava Aria Estate Brut","Swaniawski, Gleichner and Conn","null","2019","2","4.0000","49.80","3","0","22.08","27.72","null","55.66265",""
"6425","Wine - Cava Aria Estate Brut","Swaniawski, Gleichner and Conn","null","null","null","null","null","null","null","null","null","null","null",""
"6426","Wine - Cava Aria Estate Brut","Swaniawski, Gleichner and Conn","null","2019","3","2.0000","20.40","1","0","11.04","9.36","null","45.88235",""
"6427","Wine - Cava Aria Estate Brut","Swaniawski, Gleichner and Conn","null","2019","4","2.0000","26.50","1","0","11.04","15.46","null","58.33962",""
"6428","Wine - Cava Aria Estate Brut","Swaniawski, Gleichner and Conn","null","2019","6","3.0000","39.75","3","0","16.56","23.19","null","58.33962",""
"6429","Pears - Bartlett","Swaniawski, Gleichner and Conn","null","null","null","null","null","null","null","null","null","null","null",""
"6430","Pears - Bartlett","Swaniawski, Gleichner and Conn","null","2019","1","17.0000","484.45","4","0","254.03","230.42","null","47.56322",""
"6431","Garbage Bag - Clear","Swaniawski, Gleichner and Conn","null","null","null","null","null","null","null","null","null","null","null",""
"6432","Garbage Bag - Clear","Swaniawski, Gleichner and Conn","null","null","null","null","null","null","null","null","null","null","null",""
"6433","Garbage Bag - Clear","Swaniawski, Gleichner and Conn","null","2019","2","10.0000","264.20","3","0","149.42","114.78","null","43.44436",""
"6434","Garbage Bag - Clear","Swaniawski, Gleichner and Conn","null","null","null","null","null","null","null","null","null","null","null",""
"6435","Garbage Bag - Clear","Swaniawski, Gleichner and Conn","null","2019","3","14.0000","371.00","3","0","209.19","161.81","null","43.61456",""
"6436","Garbage Bag - Clear","Swaniawski, Gleichner and Conn","null","2019","4","9.0000","317.25","2","0","134.48","182.77","null","57.61072",""
"6437","Garbage Bag - Clear","Swaniawski, Gleichner and Conn","null","2019","5","13.0000","458.25","3","0","194.25","264.00","null","57.61047",""
"6438","Garbage Bag - Clear","Swaniawski, Gleichner and Conn","null","2019","6","12.0000","423.00","3","0","179.31","243.69","null","57.60993",""
"6439","Cheese - St. Paulin","Swaniawski, Gleichner and Conn","null","null","null","null","null","null","null","null","null","null","null",""
"6440","Cheese - St. Paulin","Swaniawski, Gleichner and Conn","null","2019","1","6.0000","75.00","3","0","20.46","54.54","null","72.72000",""
"6441","Chicken - Breast, 5 - 7 Oz","Swaniawski, Gleichner and Conn","null","null","null","null","null","null","null","null","null","null","null",""
"6442","Chicken - Breast, 5 - 7 Oz","Swaniawski, Gleichner and Conn","null","null","null","null","null","null","null","null","null","null","null",""
"6443","Chicken - Breast, 5 - 7 Oz","Swaniawski, Gleichner and Conn","null","2019","2","2.0000","27.84","1","0","6.82","21.02","null","75.50287",""
"6444","Chicken - Breast, 5 - 7 Oz","Swaniawski, Gleichner and Conn","null","null","null","null","null","null","null","null","null","null","null",""
"6445","Chicken - Breast, 5 - 7 Oz","Swaniawski, Gleichner and Conn","null","2019","3","7.0000","97.44","3","0","23.87","73.57","null","75.50287",""
"6446","Chicken - Breast, 5 - 7 Oz","Swaniawski, Gleichner and Conn","null","2019","4","4.0000","55.84","2","0","13.64","42.20","null","75.57307",""
"6447","Chicken - Breast, 5 - 7 Oz","Swaniawski, Gleichner and Conn","null","2019","5","6.0000","83.52","3","0","20.46","63.06","null","75.50287",""
"6448","Chicken - Breast, 5 - 7 Oz","Swaniawski, Gleichner and Conn","null","2019","6","5.0000","69.60","3","0","17.05","52.55","null","75.50287",""
"6449","Icecream Cone - Areo Chocolate","Swaniawski, Gleichner and Conn","null","null","null","null","null","null","null","null","null","null","null",""
"6450","Icecream Cone - Areo Chocolate","Swaniawski, Gleichner and Conn","null","2019","1","6.0000","148.50","3","0","40.44","108.06","null","72.76768",""
"6451","Cheese - Camembert","Swaniawski, Gleichner and Conn","null","null","null","null","null","null","null","null","null","null","null",""
"6452","Cheese - Camembert","Swaniawski, Gleichner and Conn","null","null","null","null","null","null","null","null","null","null","null",""
"6453","Cheese - Camembert","Swaniawski, Gleichner and Conn","null","2019","2","7.0000","190.61","3","0","47.18","143.43","null","75.24789",""
"6454","Cheese - Camembert","Swaniawski, Gleichner and Conn","null","null","null","null","null","null","null","null","null","null","null",""
"6455","Cheese - Camembert","Swaniawski, Gleichner and Conn","null","2019","3","4.0000","108.92","2","0","26.96","81.96","null","75.24789",""
"6456","Cheese - Camembert","Swaniawski, Gleichner and Conn","null","2019","4","4.0000","99.46","2","0","26.96","72.50","null","72.89363",""
"6457","Cheese - Camembert","Swaniawski, Gleichner and Conn","null","2019","5","6.0000","163.38","3","0","40.44","122.94","null","75.24789",""
"6458","Cheese - Camembert","Swaniawski, Gleichner and Conn","null","2019","6","6.0000","163.38","4","0","40.44","122.94","null","75.24789",""
"6459","Bread Country Roll","Swaniawski, Gleichner and Conn","null","null","null","null","null","null","null","null","null","null","null",""
"6460","Bread Country Roll","Swaniawski, Gleichner and Conn","null","2019","1","6.0000","154.00","3","0","74.78","79.22","null","51.44156",""
"6461","Juice - Apple Cider","Swaniawski, Gleichner and Conn","null","null","null","null","null","null","null","null","null","null","null",""
"6462","Juice - Apple Cider","Swaniawski, Gleichner and Conn","null","null","null","null","null","null","null","null","null","null","null",""
"6463","Juice - Apple Cider","Swaniawski, Gleichner and Conn","null","2019","2","7.0000","242.55","3","0","87.25","155.30","null","64.02804",""
"6464","Juice - Apple Cider","Swaniawski, Gleichner and Conn","null","null","null","null","null","null","null","null","null","null","null",""
"6465","Juice - Apple Cider","Swaniawski, Gleichner and Conn","null","2019","3","4.0000","138.60","2","0","49.86","88.74","null","64.02597",""
"6466","Juice - Apple Cider","Swaniawski, Gleichner and Conn","null","2019","4","4.0000","111.30","2","0","49.86","61.44","null","55.20216",""
"6467","Juice - Apple Cider","Swaniawski, Gleichner and Conn","null","2019","5","6.0000","207.90","3","0","74.79","133.11","null","64.02597",""
"6468","Juice - Apple Cider","Swaniawski, Gleichner and Conn","null","2019","6","7.0000","242.55","4","0","87.24","155.31","null","64.03216",""
"6469","Juice - Apple Cider","Swaniawski, Gleichner and Conn","null","null","null","null","null","null","null","null","null","null","null",""
"6470","null","null","Customer Total:","null","null","null","5,896.40","null","null","2,713.23","null","null","null",""
"6471","Juice - Apple Cider","Swaniawski, Gleichner and Conn","null","null","null","null","null","null","null","null","null","null","null",""
"6472","Juice - Apple Cider","Sipes Inc","null","null","null","null","null","null","null","null","null","null","null",""
"6473","Basil - Primerba, Paste","Sipes Inc","null","null","null","null","null","null","null","null","null","null","null",""
"6474","Basil - Primerba, Paste","Sipes Inc","null","2019","6","2.0000","0.00","0","1","13.43","12.43","null","48.06651",""
"6475","Salsify, Organic","Sipes Inc","null","null","null","null","null","null","null","null","null","null","null",""
"6476","Salsify, Organic","Sipes Inc","null","null","null","null","null","null","null","null","null","null","null",""
"6477","Beef - Ground Lean Fresh","Sipes Inc","null","null","null","null","null","null","null","null","null","null","null",""
"6478","Beef - Ground Lean Fresh","Sipes Inc","null","2019","6","0.0000","40.70","1","1","0.09","-0.09","null","0.00000",""
"6479","Muffin Puck Ww Carrot","Sipes Inc","null","null","null","null","null","null","null","null","null","null","null",""
"6480","Muffin Puck Ww Carrot","Sipes Inc","null","null","null","null","null","null","null","null","null","null","null",""
"6481","Cheese - Fontina","Sipes Inc","null","null","null","null","null","null","null","null","null","null","null",""
"6482","Cheese - Fontina","Sipes Inc","null","2019","6","2.0000","28.00","1","0","23.50","4.50","null","16.07143",""
"6483","Sausage - Andouille","Sipes Inc","null","null","null","null","null","null","null","null","null","null","null",""
"6484","Sausage - Andouille","Sipes Inc","null","null","null","null","null","null","null","null","null","null","null",""
"6485","Octopus","Sipes Inc","null","null","null","null","null","null","null","null","null","null","null",""
"6486","Octopus","Sipes Inc","null","2019","6","1.0000","12.38","1","0","5.98","6.40","null","51.69628",""
"6487","V8 - Vegetable Cocktail","Sipes Inc","null","null","null","null","null","null","null","null","null","null","null",""
"6488","V8 - Vegetable Cocktail","Sipes Inc","null","null","null","null","null","null","null","null","null","null","null",""
"6489","Cape Capensis - Fillet","Sipes Inc","null","null","null","null","null","null","null","null","null","null","null",""
"6490","Cape Capensis - Fillet","Sipes Inc","null","2019","6","1.0000","12.38","1","0","9.80","2.58","null","20.84006",""
"6491","Roe - White Fish","Sipes Inc","null","null","null","null","null","null","null","null","null","null","null",""
"6492","Roe - White Fish","Sipes Inc","null","null","null","null","null","null","null","null","null","null","null",""
"6493","Yukon Jack","Sipes Inc","null","null","null","null","null","null","null","null","null","null","null",""
"6494","Yukon Jack","Sipes Inc","null","2019","6","2.0000","27.40","1","0","18.38","9.02","null","32.91971",""
"6495","ORGANIC Jumbo Cremini 5lbs","Sipes Inc","null","null","null","null","null","null","null","null","null","null","null",""
"6496","ORGANIC Jumbo Cremini 5lbs","Sipes Inc","null","null","null","null","null","null","null","null","null","null","null",""
"6497","Skirt - 29 Foot","Sipes Inc","null","null","null","null","null","null","null","null","null","null","null",""
"6498","Skirt - 29 Foot","Sipes Inc","null","2019","6","1.0000","14.30","1","0","4.49","9.81","null","68.60140",""
"6499","Blueberries - Frozen","Sipes Inc","null","null","null","null","null","null","null","null","null","null","null",""
"6500","Blueberries - Frozen","Sipes Inc","null","null","null","null","null","null","null","null","null","null","null",""
"6501","Beef - Baby, Liver","Sipes Inc","null","null","null","null","null","null","null","null","null","null","null",""
"6502","Beef - Baby, Liver","Sipes Inc","null","2019","6","1.0000","20.00","1","0","9.14","10.86","null","54.30000",""
"6503","Muffin - Mix - Creme Brule 15l","Sipes Inc","null","null","null","null","null","null","null","null","null","null","null",""
"6504","Muffin - Mix - Creme Brule 15l","Sipes Inc","null","null","null","null","null","null","null","null","null","null","null",""
"6505","Wine - Dubouef Macon - Villages","Sipes Inc","null","null","null","null","null","null","null","null","null","null","null",""
"6506","Wine - Dubouef Macon - Villages","Sipes Inc","null","2019","6","1.0000","13.75","1","0","5.52","8.23","null","59.85455",""
"6507","White Baguette","Sipes Inc","null","null","null","null","null","null","null","null","null","null","null",""
"6508","White Baguette","Sipes Inc","null","null","null","null","null","null","null","null","null","null","null",""
"6509","Wine - Prem Select Charddonany","Sipes Inc","null","null","null","null","null","null","null","null","null","null","null",""
"6510","Wine - Prem Select Charddonany","Sipes Inc","null","2019","6","1.0000","20.50","1","0","9.36","11.14","null","54.34146",""
"6511","Juice - Apple, 1.36l","Sipes Inc","null","null","null","null","null","null","null","null","null","null","null",""
"6512","Juice - Apple, 1.36l","Sipes Inc","null","null","null","null","null","null","null","null","null","null","null",""
"6513","Wine - Semi Dry Riesling Vineland","Sipes Inc","null","null","null","null","null","null","null","null","null","null","null",""
"6514","Wine - Semi Dry Riesling Vineland","Sipes Inc","null","2019","6","1.0000","16.50","1","0","7.01","9.49","null","57.51515",""
"6515","Wine - Sawmill Creek Autumn","Sipes Inc","null","null","null","null","null","null","null","null","null","null","null",""
"6516","Wine - Sawmill Creek Autumn","Sipes Inc","null","null","null","null","null","null","null","null","null","null","null",""
"6517","Icecream Cone - Areo Chocolate","Sipes Inc","null","null","null","null","null","null","null","null","null","null","null",""
"6518","Icecream Cone - Areo Chocolate","Sipes Inc","null","2019","6","1.0000","22.50","1","0","6.74","15.76","null","70.04444",""
"6519","Cheese - Camembert","Sipes Inc","null","null","null","null","null","null","null","null","null","null","null",""
"6520","Cheese - Camembert","Sipes Inc","null","null","null","null","null","null","null","null","null","null","null",""
"6521","Bread Country Roll","Sipes Inc","null","null","null","null","null","null","null","null","null","null","null",""
"6522","Bread Country Roll","Sipes Inc","null","2019","6","1.0000","21.00","1","0","12.46","8.54","null","40.66667",""
"6523","Juice - Apple Cider","Sipes Inc","null","null","null","null","null","null","null","null","null","null","null",""
"6524","Juice - Apple Cider","Sipes Inc","null","null","null","null","null","null","null","null","null","null","null",""
"6525","Bread Bowl Plain","Sipes Inc","null","null","null","null","null","null","null","null","null","null","null",""
"6526","Bread Bowl Plain","Sipes Inc","null","2019","6","1.0000","14.58","1","0","5.29","9.29","null","63.71742",""
"6527","Cinnamon - Ground","Sipes Inc","null","null","null","null","null","null","null","null","null","null","null",""
"6528","Cinnamon - Ground","Sipes Inc","null","null","null","null","null","null","null","null","null","null","null",""
"6529","Cookie Dough - Oatmeal Rasin","Sipes Inc","null","null","null","null","null","null","null","null","null","null","null",""
"6530","Cookie Dough - Oatmeal Rasin","Sipes Inc","null","2019","6","1.0000","13.20","1","0","2.45","10.75","null","81.43939",""
"6531","Mayonnaise - Individual Pkg","Sipes Inc","null","null","null","null","null","null","null","null","null","null","null",""
"6532","Mayonnaise - Individual Pkg","Sipes Inc","null","null","null","null","null","null","null","null","null","null","null",""
"6533","Cherries - Fresh","Sipes Inc","null","null","null","null","null","null","null","null","null","null","null",""
"6534","Cherries - Fresh","Sipes Inc","null","2019","6","1.0000","15.13","1","0","3.12","12.01","null","79.37872",""
"6535","Sea Bass - Fillets","Sipes Inc","null","null","null","null","null","null","null","null","null","null","null",""
"6536","Sea Bass - Fillets","Sipes Inc","null","null","null","null","null","null","null","null","null","null","null",""
"6537","Sea Bass - Fillets","Sipes Inc","null","null","null","null","null","null","null","null","null","null","null",""
"6538","null","null","Customer Total:","null","null","null","292.32","null","null","136.76","null","null","null",""
"6539","Sea Bass - Fillets","Sipes Inc","null","null","null","null","null","null","null","null","null","null","null",""
"6540","Sea Bass - Fillets","Hayes, Raynor and Waters","null","null","null","null","null","null","null","null","null","null","null",""
"6541","Chambord Royal","Hayes, Raynor and Waters","null","null","null","null","null","null","null","null","null","null","null",""
"6542","Chambord Royal","Hayes, Raynor and Waters","null","2019","3","4.0000","68.20","1","0","35.29","32.91","null","48.25513",""
"6543","Fresh White Medium Mushroom 5lbs/cs","Hayes, Raynor and Waters","null","null","null","null","null","null","null","null","null","null","null",""
"6544","Fresh White Medium Mushroom 5lbs/cs","Hayes, Raynor and Waters","null","null","null","null","null","null","null","null","null","null","null",""
"6545","Tomatoes - Heirloom","Hayes, Raynor and Waters","null","null","null","null","null","null","null","null","null","null","null",""
"6546","Tomatoes - Heirloom","Hayes, Raynor and Waters","null","2019","3","2.0000","31.00","1","0","19.12","11.88","null","38.32258",""
"6547","Wine - Red, Metus Rose","Hayes, Raynor and Waters","null","null","null","null","null","null","null","null","null","null","null",""
"6548","Wine - Red, Metus Rose","Hayes, Raynor and Waters","null","null","null","null","null","null","null","null","null","null","null",""
"6549","Heavy Duty Dust Pan","Hayes, Raynor and Waters","null","null","null","null","null","null","null","null","null","null","null",""
"6550","Heavy Duty Dust Pan","Hayes, Raynor and Waters","null","2019","1","8.0000","116.00","3","0","88.05","27.95","null","24.09483",""
"6551","Bread - English Muffin","Hayes, Raynor and Waters","null","null","null","null","null","null","null","null","null","null","null",""
"6552","Bread - English Muffin","Hayes, Raynor and Waters","null","null","null","null","null","null","null","null","null","null","null",""
"6553","Bread - English Muffin","Hayes, Raynor and Waters","null","2019","2","8.0000","136.40","2","0","89.58","46.82","null","34.32551",""
"6554","Bread - English Muffin","Hayes, Raynor and Waters","null","null","null","null","null","null","null","null","null","null","null",""
"6555","Bread - English Muffin","Hayes, Raynor and Waters","null","2019","3","2.0000","51.15","2","1","22.56","11.54","null","33.84164",""
"6556","Bread - English Muffin","Hayes, Raynor and Waters","null","2019","4","5.0000","85.25","2","0","56.84","28.41","null","33.32551",""
"6557","Bread - English Muffin","Hayes, Raynor and Waters","null","2019","5","4.0000","68.20","2","0","45.81","22.39","null","32.82991",""
"6558","Bread - English Muffin","Hayes, Raynor and Waters","null","2019","6","4.0000","85.25","2","1","45.89","22.31","null","32.71261",""
"6559","Basil - Primerba, Paste","Hayes, Raynor and Waters","null","null","null","null","null","null","null","null","null","null","null",""
"6560","Basil - Primerba, Paste","Hayes, Raynor and Waters","null","2019","1","5.0000","57.25","4","0","33.53","23.72","null","41.43231",""
"6561","Salsify, Organic","Hayes, Raynor and Waters","null","null","null","null","null","null","null","null","null","null","null",""
"6562","Salsify, Organic","Hayes, Raynor and Waters","null","null","null","null","null","null","null","null","null","null","null",""
"6563","Salsify, Organic","Hayes, Raynor and Waters","null","2019","2","4.0000","51.72","2","0","26.82","24.90","null","48.14385",""
"6564","Salsify, Organic","Hayes, Raynor and Waters","null","null","null","null","null","null","null","null","null","null","null",""
"6565","Salsify, Organic","Hayes, Raynor and Waters","null","2019","3","1.0000","21.50","2","1","6.71","4.04","null","37.58140",""
"6566","Salsify, Organic","Hayes, Raynor and Waters","null","2019","4","3.0000","60.50","3","2","20.47","18.53","null","47.51282",""
"6567","Salsify, Organic","Hayes, Raynor and Waters","null","2019","5","4.0000","52.00","3","0","26.83","25.17","null","48.40385",""
"6568","Salsify, Organic","Hayes, Raynor and Waters","null","2019","6","1.0000","26.00","2","1","7.07","5.93","null","45.61538",""
"6569","Cheese - Fontina","Hayes, Raynor and Waters","null","null","null","null","null","null","null","null","null","null","null",""
"6570","Cheese - Fontina","Hayes, Raynor and Waters","null","2019","4","2.0000","28.00","1","0","23.49","4.51","null","16.10714",""
"6571","Sausage - Andouille","Hayes, Raynor and Waters","null","null","null","null","null","null","null","null","null","null","null",""
"6572","Sausage - Andouille","Hayes, Raynor and Waters","null","null","null","null","null","null","null","null","null","null","null",""
"6573","Octopus","Hayes, Raynor and Waters","null","null","null","null","null","null","null","null","null","null","null",""
"6574","Octopus","Hayes, Raynor and Waters","null","2019","1","2.0000","22.25","3","0","11.96","10.29","null","46.24719",""
"6575","V8 - Vegetable Cocktail","Hayes, Raynor and Waters","null","null","null","null","null","null","null","null","null","null","null",""
"6576","V8 - Vegetable Cocktail","Hayes, Raynor and Waters","null","null","null","null","null","null","null","null","null","null","null",""
"6577","V8 - Vegetable Cocktail","Hayes, Raynor and Waters","null","2019","2","2.0000","24.76","2","0","11.96","12.80","null","51.69628",""
"6578","V8 - Vegetable Cocktail","Hayes, Raynor and Waters","null","null","null","null","null","null","null","null","null","null","null",""
"6579","V8 - Vegetable Cocktail","Hayes, Raynor and Waters","null","2019","3","2.0000","20.50","2","0","11.96","8.54","null","41.65854",""
"6580","V8 - Vegetable Cocktail","Hayes, Raynor and Waters","null","2019","4","3.0000","60.25","4","1","19.44","15.81","null","44.85106",""
"6581","V8 - Vegetable Cocktail","Hayes, Raynor and Waters","null","2019","5","2.0000","25.00","2","0","11.96","13.04","null","52.16000",""
"6582","V8 - Vegetable Cocktail","Hayes, Raynor and Waters","null","2019","6","1.0000","12.50","1","0","5.98","6.52","null","52.16000",""
"6583","Flour - Bran, Red","Hayes, Raynor and Waters","null","null","null","null","null","null","null","null","null","null","null",""
"6584","Flour - Bran, Red","Hayes, Raynor and Waters","null","2019","1","7.0000","119.00","3","0","89.75","29.25","null","24.57983",""
"6585","Artichokes - Jerusalem","Hayes, Raynor and Waters","null","null","null","null","null","null","null","null","null","null","null",""
"6586","Artichokes - Jerusalem","Hayes, Raynor and Waters","null","null","null","null","null","null","null","null","null","null","null",""
"6587","Artichokes - Jerusalem","Hayes, Raynor and Waters","null","2019","2","8.0000","154.00","2","0","101.32","52.68","null","34.20779",""
"6588","Artichokes - Jerusalem","Hayes, Raynor and Waters","null","null","null","null","null","null","null","null","null","null","null",""
"6589","Artichokes - Jerusalem","Hayes, Raynor and Waters","null","2019","3","2.0000","57.75","2","1","25.14","13.36","null","34.70130",""
"6590","Artichokes - Jerusalem","Hayes, Raynor and Waters","null","2019","4","3.0000","57.75","2","0","37.53","20.22","null","35.01299",""
"6591","Artichokes - Jerusalem","Hayes, Raynor and Waters","null","2019","5","3.0000","57.75","2","0","37.37","20.38","null","35.29004",""
"6592","Artichokes - Jerusalem","Hayes, Raynor and Waters","null","2019","6","4.0000","77.00","2","0","49.80","27.20","null","35.32468",""
"6593","Cape Capensis - Fillet","Hayes, Raynor and Waters","null","null","null","null","null","null","null","null","null","null","null",""
"6594","Cape Capensis - Fillet","Hayes, Raynor and Waters","null","2019","1","2.0000","33.75","4","1","19.80","2.70","null","12.00000",""
"6595","Roe - White Fish","Hayes, Raynor and Waters","null","null","null","null","null","null","null","null","null","null","null",""
"6596","Roe - White Fish","Hayes, Raynor and Waters","null","null","null","null","null","null","null","null","null","null","null",""
"6597","Roe - White Fish","Hayes, Raynor and Waters","null","2019","2","1.0000","12.38","1","0","9.80","2.58","null","20.84006",""
"6598","Roe - White Fish","Hayes, Raynor and Waters","null","null","null","null","null","null","null","null","null","null","null",""
"6599","Roe - White Fish","Hayes, Raynor and Waters","null","2019","3","1.0000","23.63","2","1","9.74","2.64","null","21.32472",""
"6600","Roe - White Fish","Hayes, Raynor and Waters","null","2019","4","3.0000","37.25","3","0","29.11","8.14","null","21.85235",""
"6601","Roe - White Fish","Hayes, Raynor and Waters","null","2019","5","1.0000","39.00","2","1","9.55","3.45","null","26.53846",""
"6602","Roe - White Fish","Hayes, Raynor and Waters","null","2019","6","2.0000","26.00","2","0","19.60","6.40","null","24.61538",""
"6603","Yukon Jack","Hayes, Raynor and Waters","null","null","null","null","null","null","null","null","null","null","null",""
"6604","Yukon Jack","Hayes, Raynor and Waters","null","2019","4","2.0000","27.40","1","0","18.38","9.02","null","32.91971",""
"6605","ORGANIC Jumbo Cremini 5lbs","Hayes, Raynor and Waters","null","null","null","null","null","null","null","null","null","null","null",""
"6606","ORGANIC Jumbo Cremini 5lbs","Hayes, Raynor and Waters","null","null","null","null","null","null","null","null","null","null","null",""
"6607","Skirt - 29 Foot","Hayes, Raynor and Waters","null","null","null","null","null","null","null","null","null","null","null",""
"6608","Skirt - 29 Foot","Hayes, Raynor and Waters","null","2019","1","3.0000","37.00","4","0","13.47","23.53","null","63.59459",""
"6609","Blueberries - Frozen","Hayes, Raynor and Waters","null","null","null","null","null","null","null","null","null","null","null",""
"6610","Blueberries - Frozen","Hayes, Raynor and Waters","null","null","null","null","null","null","null","null","null","null","null",""
"6611","Blueberries - Frozen","Hayes, Raynor and Waters","null","2019","2","2.0000","28.60","2","0","8.98","19.62","null","68.60140",""
"6612","Blueberries - Frozen","Hayes, Raynor and Waters","null","null","null","null","null","null","null","null","null","null","null",""
"6613","Blueberries - Frozen","Hayes, Raynor and Waters","null","2019","3","3.0000","37.80","3","0","13.47","24.33","null","64.36508",""
"6614","Blueberries - Frozen","Hayes, Raynor and Waters","null","2019","4","3.0000","69.75","4","1","14.08","26.67","null","65.44785",""
"6615","Blueberries - Frozen","Hayes, Raynor and Waters","null","2019","5","2.0000","29.00","2","0","8.98","20.02","null","69.03448",""
"6616","Blueberries - Frozen","Hayes, Raynor and Waters","null","2019","6","2.0000","29.00","2","0","8.98","20.02","null","69.03448",""
"6617","Steam Pan - Half Size Deep","Hayes, Raynor and Waters","null","null","null","null","null","null","null","null","null","null","null",""
"6618","Steam Pan - Half Size Deep","Hayes, Raynor and Waters","null","2019","6","1.0000","16.25","1","0","7.06","9.19","null","56.55385",""
"6619","ORGANIC Portabellini 6x227g","Hayes, Raynor and Waters","null","null","null","null","null","null","null","null","null","null","null",""
"6620","ORGANIC Portabellini 6x227g","Hayes, Raynor and Waters","null","null","null","null","null","null","null","null","null","null","null",""
"6621","Beef - Baby, Liver","Hayes, Raynor and Waters","null","null","null","null","null","null","null","null","null","null","null",""
"6622","Beef - Baby, Liver","Hayes, Raynor and Waters","null","2019","5","4.0000","80.00","2","0","36.55","43.45","null","54.31250",""
"6623","Muffin - Mix - Creme Brule 15l","Hayes, Raynor and Waters","null","null","null","null","null","null","null","null","null","null","null",""
"6624","Muffin - Mix - Creme Brule 15l","Hayes, Raynor and Waters","null","null","null","null","null","null","null","null","null","null","null",""
"6625","Muffin - Mix - Creme Brule 15l","Hayes, Raynor and Waters","null","2019","6","-1.0000","20.00","1","1","-9.13","-10.87","null","54.35000",""
"6626","Muffin - Mix - Creme Brule 15l","Hayes, Raynor and Waters","null","null","null","null","null","null","null","null","null","null","null",""
"6627","Wine - Dubouef Macon - Villages","Hayes, Raynor and Waters","null","null","null","null","null","null","null","null","null","null","null",""
"6628","Wine - Dubouef Macon - Villages","Hayes, Raynor and Waters","null","2019","1","0.0000","0.00","1","0","0.00","0.00","null","0.00000",""
"6629","White Baguette","Hayes, Raynor and Waters","null","null","null","null","null","null","null","null","null","null","null",""
"6630","White Baguette","Hayes, Raynor and Waters","null","null","null","null","null","null","null","null","null","null","null",""
"6631","White Baguette","Hayes, Raynor and Waters","null","2019","3","1.0000","11.50","1","0","5.52","5.98","null","52.00000",""
"6632","White Baguette","Hayes, Raynor and Waters","null","null","null","null","null","null","null","null","null","null","null",""
"6633","White Baguette","Hayes, Raynor and Waters","null","2019","4","3.0000","41.25","3","0","16.56","24.69","null","59.85455",""
"6634","White Baguette","Hayes, Raynor and Waters","null","2019","5","2.0000","27.50","2","0","11.04","16.46","null","59.85455",""
"6635","White Baguette","Hayes, Raynor and Waters","null","2019","6","1.0000","13.75","1","0","5.52","8.23","null","59.85455",""
"6636","Wine - Prem Select Charddonany","Hayes, Raynor and Waters","null","null","null","null","null","null","null","null","null","null","null",""
"6637","Wine - Prem Select Charddonany","Hayes, Raynor and Waters","null","2019","1","2.0000","53.10","3","1","19.10","16.30","null","46.04520",""
"6638","Juice - Apple, 1.36l","Hayes, Raynor and Waters","null","null","null","null","null","null","null","null","null","null","null",""
"6639","Juice - Apple, 1.36l","Hayes, Raynor and Waters","null","null","null","null","null","null","null","null","null","null","null",""
"6640","Juice - Apple, 1.36l","Hayes, Raynor and Waters","null","2019","2","2.0000","40.70","2","0","18.72","21.98","null","54.00491",""
"6641","Juice - Apple, 1.36l","Hayes, Raynor and Waters","null","null","null","null","null","null","null","null","null","null","null",""
"6642","Juice - Apple, 1.36l","Hayes, Raynor and Waters","null","2019","3","2.0000","35.40","2","0","18.72","16.68","null","47.11864",""
"6643","Juice - Apple, 1.36l","Hayes, Raynor and Waters","null","2019","4","3.0000","82.00","4","1","28.46","33.04","null","53.72358",""
"6644","Juice - Apple, 1.36l","Hayes, Raynor and Waters","null","2019","5","2.0000","41.00","2","0","18.72","22.28","null","54.34146",""
"6645","Juice - Apple, 1.36l","Hayes, Raynor and Waters","null","2019","6","1.0000","20.50","1","0","9.36","11.14","null","54.34146",""
"6646","Wine - Semi Dry Riesling Vineland","Hayes, Raynor and Waters","null","null","null","null","null","null","null","null","null","null","null",""
"6647","Wine - Semi Dry Riesling Vineland","Hayes, Raynor and Waters","null","2019","1","2.0000","31.25","3","0","14.02","17.23","null","55.13600",""
"6648","Wine - Sawmill Creek Autumn","Hayes, Raynor and Waters","null","null","null","null","null","null","null","null","null","null","null",""
"6649","Wine - Sawmill Creek Autumn","Hayes, Raynor and Waters","null","null","null","null","null","null","null","null","null","null","null",""
"6650","Wine - Sawmill Creek Autumn","Hayes, Raynor and Waters","null","2019","2","1.0000","16.50","1","0","7.01","9.49","null","57.51515",""
"6651","Wine - Sawmill Creek Autumn","Hayes, Raynor and Waters","null","null","null","null","null","null","null","null","null","null","null",""
"6652","Wine - Sawmill Creek Autumn","Hayes, Raynor and Waters","null","2019","3","1.0000","14.75","1","0","7.01","7.74","null","52.47458",""
"6653","Wine - Sawmill Creek Autumn","Hayes, Raynor and Waters","null","2019","4","1.0000","47.75","2","1","8.02","6.73","null","45.62712",""
"6654","Icecream Cone - Areo Chocolate","Hayes, Raynor and Waters","null","null","null","null","null","null","null","null","null","null","null",""
"6655","Icecream Cone - Areo Chocolate","Hayes, Raynor and Waters","null","2019","1","3.0000","83.25","4","1","17.85","45.90","null","72.00000",""
"6656","Cheese - Camembert","Hayes, Raynor and Waters","null","null","null","null","null","null","null","null","null","null","null",""
"6657","Cheese - Camembert","Hayes, Raynor and Waters","null","null","null","null","null","null","null","null","null","null","null",""
"6658","Cheese - Camembert","Hayes, Raynor and Waters","null","2019","2","2.0000","54.46","2","0","13.48","40.98","null","75.24789",""
"6659","Cheese - Camembert","Hayes, Raynor and Waters","null","null","null","null","null","null","null","null","null","null","null",""
"6660","Cheese - Camembert","Hayes, Raynor and Waters","null","2019","3","4.0000","93.46","3","0","26.96","66.50","null","71.15343",""
"6661","Cheese - Camembert","Hayes, Raynor and Waters","null","2019","4","3.0000","109.50","4","1","15.49","49.01","null","75.98450",""
"6662","Cheese - Camembert","Hayes, Raynor and Waters","null","2019","5","4.0000","90.00","2","0","26.96","63.04","null","70.04444",""
"6663","Cheese - Camembert","Hayes, Raynor and Waters","null","2019","6","1.0000","22.50","1","0","6.74","15.76","null","70.04444",""
"6664","Bread Country Roll","Hayes, Raynor and Waters","null","null","null","null","null","null","null","null","null","null","null",""
"6665","Bread Country Roll","Hayes, Raynor and Waters","null","2019","1","3.0000","80.50","4","1","38.32","23.93","null","38.44177",""
"6666","Juice - Apple Cider","Hayes, Raynor and Waters","null","null","null","null","null","null","null","null","null","null","null",""
"6667","Juice - Apple Cider","Hayes, Raynor and Waters","null","null","null","null","null","null","null","null","null","null","null",""
"6668","Juice - Apple Cider","Hayes, Raynor and Waters","null","2019","2","2.0000","69.30","2","0","24.92","44.38","null","64.04040",""
"6669","Juice - Apple Cider","Hayes, Raynor and Waters","null","null","null","null","null","null","null","null","null","null","null",""
"6670","Juice - Apple Cider","Hayes, Raynor and Waters","null","2019","3","4.0000","105.80","3","0","49.85","55.95","null","52.88280",""
"6671","Juice - Apple Cider","Hayes, Raynor and Waters","null","2019","4","3.0000","81.25","4","1","38.32","21.93","null","36.39834",""
"6672","Juice - Apple Cider","Hayes, Raynor and Waters","null","2019","5","3.0000","76.65","2","0","37.39","39.26","null","51.21983",""
"6673","Juice - Apple Cider","Hayes, Raynor and Waters","null","2019","6","3.0000","63.00","2","0","37.39","25.61","null","40.65079",""
"6674","Lettuce - Green Leaf","Hayes, Raynor and Waters","null","null","null","null","null","null","null","null","null","null","null",""
"6675","Lettuce - Green Leaf","Hayes, Raynor and Waters","null","2019","3","0.0000","46.75","1","1","-0.17","0.17","null","0.00000",""
"6676","Ecolab - Balanced Fusion","Hayes, Raynor and Waters","null","null","null","null","null","null","null","null","null","null","null",""
"6677","Ecolab - Balanced Fusion","Hayes, Raynor and Waters","null","null","null","null","null","null","null","null","null","null","null",""
"6678","Sugar - Sweet N Low, Individual","Hayes, Raynor and Waters","null","null","null","null","null","null","null","null","null","null","null",""
"6679","Sugar - Sweet N Low, Individual","Hayes, Raynor and Waters","null","2019","3","1.0000","34.10","1","0","9.88","24.22","null","71.02639",""
"6680","Onions - Vidalia","Hayes, Raynor and Waters","null","null","null","null","null","null","null","null","null","null","null",""
"6681","Onions - Vidalia","Hayes, Raynor and Waters","null","null","null","null","null","null","null","null","null","null","null",""
"6682","Pears - Bartlett","Hayes, Raynor and Waters","null","null","null","null","null","null","null","null","null","null","null",""
"6683","Pears - Bartlett","Hayes, Raynor and Waters","null","2019","3","0.0000","34.75","1","1","0.00","0.00","null","0.00000",""
"6684","Food Colouring - Orange","Hayes, Raynor and Waters","null","null","null","null","null","null","null","null","null","null","null",""
"6685","Food Colouring - Orange","Hayes, Raynor and Waters","null","null","null","null","null","null","null","null","null","null","null",""
"6686","Soup - French Can Pea","Hayes, Raynor and Waters","null","null","null","null","null","null","null","null","null","null","null",""
"6687","Soup - French Can Pea","Hayes, Raynor and Waters","null","2019","3","1.0000","23.93","1","0","13.98","9.95","null","41.57961",""
"6688","Ice Cream Bar - Hagen Daz","Hayes, Raynor and Waters","null","null","null","null","null","null","null","null","null","null","null",""
"6689","Ice Cream Bar - Hagen Daz","Hayes, Raynor and Waters","null","null","null","null","null","null","null","null","null","null","null",""
"6690","Ice Cream Bar - Hagen Daz","Hayes, Raynor and Waters","null","null","null","null","null","null","null","null","null","null","null",""
"6691","null","null","Customer Total:","null","null","null","3,719.89","null","null","1,725.79","null","null","null",""
"6692","Ice Cream Bar - Hagen Daz","Hayes, Raynor and Waters","null","null","null","null","null","null","null","null","null","null","null",""
"6693","Ice Cream Bar - Hagen Daz","Runolfsdottir, O'Connell and Terry","null","null","null","null","null","null","null","null","null","null","null",""
"6694","Muffin Orange Individual","Runolfsdottir, O'Connell and Terry","null","null","null","null","null","null","null","null","null","null","null",""
"6695","Muffin Orange Individual","Runolfsdottir, O'Connell and Terry","null","2019","4","3.0000","37.50","1","0","15.30","22.20","null","59.20000",""
"6696","Beef - Tenderloin - Aa","Runolfsdottir, O'Connell and Terry","null","null","null","null","null","null","null","null","null","null","null",""
"6697","Beef - Tenderloin - Aa","Runolfsdottir, O'Connell and Terry","null","null","null","null","null","null","null","null","null","null","null",""
"6698","Wine - Riesling Alsace Ac 2001","Runolfsdottir, O'Connell and Terry","null","null","null","null","null","null","null","null","null","null","null",""
"6699","Wine - Riesling Alsace Ac 2001","Runolfsdottir, O'Connell and Terry","null","2019","3","3.0000","39.75","1","0","13.44","26.31","null","66.18868",""
"6700","Paste - Black Olive","Runolfsdottir, O'Connell and Terry","null","null","null","null","null","null","null","null","null","null","null",""
"6701","Paste - Black Olive","Runolfsdottir, O'Connell and Terry","null","null","null","null","null","null","null","null","null","null","null",""
"6702","Paste - Black Olive","Runolfsdottir, O'Connell and Terry","null","2019","4","3.0000","39.75","1","0","13.44","26.31","null","66.18868",""
"6703","Paste - Black Olive","Runolfsdottir, O'Connell and Terry","null","null","null","null","null","null","null","null","null","null","null",""
"6704","Wine - Alsace Gewurztraminer","Runolfsdottir, O'Connell and Terry","null","null","null","null","null","null","null","null","null","null","null",""
"6705","Wine - Alsace Gewurztraminer","Runolfsdottir, O'Connell and Terry","null","2019","3","2.0000","35.50","1","0","18.27","17.23","null","48.53521",""
"6706","Wine - Kwv Chenin Blanc South","Runolfsdottir, O'Connell and Terry","null","null","null","null","null","null","null","null","null","null","null",""
"6707","Wine - Kwv Chenin Blanc South","Runolfsdottir, O'Connell and Terry","null","null","null","null","null","null","null","null","null","null","null",""
"6708","Wine - Dubouef Macon - Villages","Runolfsdottir, O'Connell and Terry","null","null","null","null","null","null","null","null","null","null","null",""
"6709","Wine - Dubouef Macon - Villages","Runolfsdottir, O'Connell and Terry","null","2019","3","2.0000","27.50","1","0","11.03","16.47","null","59.89091",""
"6710","White Baguette","Runolfsdottir, O'Connell and Terry","null","null","null","null","null","null","null","null","null","null","null",""
"6711","White Baguette","Runolfsdottir, O'Connell and Terry","null","null","null","null","null","null","null","null","null","null","null",""
"6712","Wine - Prem Select Charddonany","Runolfsdottir, O'Connell and Terry","null","null","null","null","null","null","null","null","null","null","null",""
"6713","Wine - Prem Select Charddonany","Runolfsdottir, O'Connell and Terry","null","2019","3","2.0000","41.00","1","0","18.73","22.27","null","54.31707",""
"6714","Juice - Apple, 1.36l","Runolfsdottir, O'Connell and Terry","null","null","null","null","null","null","null","null","null","null","null",""
"6715","Juice - Apple, 1.36l","Runolfsdottir, O'Connell and Terry","null","null","null","null","null","null","null","null","null","null","null",""
"6716","Juice - Apple, 1.36l","Runolfsdottir, O'Connell and Terry","null","2019","4","3.0000","61.50","1","0","28.09","33.41","null","54.32520",""
"6717","Juice - Apple, 1.36l","Runolfsdottir, O'Connell and Terry","null","null","null","null","null","null","null","null","null","null","null",""
"6718","Wine - Semi Dry Riesling Vineland","Runolfsdottir, O'Connell and Terry","null","null","null","null","null","null","null","null","null","null","null",""
"6719","Wine - Semi Dry Riesling Vineland","Runolfsdottir, O'Connell and Terry","null","2019","3","2.0000","33.00","1","0","14.03","18.97","null","57.48485",""
"6720","Wine - Sawmill Creek Autumn","Runolfsdottir, O'Connell and Terry","null","null","null","null","null","null","null","null","null","null","null",""
"6721","Wine - Sawmill Creek Autumn","Runolfsdottir, O'Connell and Terry","null","null","null","null","null","null","null","null","null","null","null",""
"6722","Wine - Sawmill Creek Autumn","Runolfsdottir, O'Connell and Terry","null","2019","4","1.0000","16.50","1","0","7.01","9.49","null","57.51515",""
"6723","Wine - Sawmill Creek Autumn","Runolfsdottir, O'Connell and Terry","null","null","null","null","null","null","null","null","null","null","null",""
"6724","Icecream Cone - Areo Chocolate","Runolfsdottir, O'Connell and Terry","null","null","null","null","null","null","null","null","null","null","null",""
"6725","Icecream Cone - Areo Chocolate","Runolfsdottir, O'Connell and Terry","null","2019","3","2.0000","49.50","1","0","13.48","36.02","null","72.76768",""
"6726","Cheese - Camembert","Runolfsdottir, O'Connell and Terry","null","null","null","null","null","null","null","null","null","null","null",""
"6727","Cheese - Camembert","Runolfsdottir, O'Connell and Terry","null","null","null","null","null","null","null","null","null","null","null",""
"6728","Cheese - Camembert","Runolfsdottir, O'Connell and Terry","null","2019","4","3.0000","74.25","1","0","20.22","54.03","null","72.76768",""
"6729","Cheese - Camembert","Runolfsdottir, O'Connell and Terry","null","null","null","null","null","null","null","null","null","null","null",""
"6730","Bread Country Roll","Runolfsdottir, O'Connell and Terry","null","null","null","null","null","null","null","null","null","null","null",""
"6731","Bread Country Roll","Runolfsdottir, O'Connell and Terry","null","2019","3","2.0000","51.50","1","0","24.93","26.57","null","51.59223",""
"6732","Juice - Apple Cider","Runolfsdottir, O'Connell and Terry","null","null","null","null","null","null","null","null","null","null","null",""
"6733","Juice - Apple Cider","Runolfsdottir, O'Connell and Terry","null","null","null","null","null","null","null","null","null","null","null",""
"6734","Juice - Apple Cider","Runolfsdottir, O'Connell and Terry","null","2019","4","2.0000","51.50","1","0","24.93","26.57","null","51.59223",""
"6735","Juice - Apple Cider","Runolfsdottir, O'Connell and Terry","null","null","null","null","null","null","null","null","null","null","null",""
"6736","Juice - Apple Cider","Runolfsdottir, O'Connell and Terry","null","null","null","null","null","null","null","null","null","null","null",""
"6737","null","null","Customer Total:","null","null","null","558.75","null","null","222.90","null","null","null",""
"6738","Juice - Apple Cider","Runolfsdottir, O'Connell and Terry","null","null","null","null","null","null","null","null","null","null","null",""
"6739","Juice - Apple Cider","Jenkins, Lindgren and Ritchie","null","null","null","null","null","null","null","null","null","null","null",""
"6740","Chambord Royal","Jenkins, Lindgren and Ritchie","null","null","null","null","null","null","null","null","null","null","null",""
"6741","Chambord Royal","Jenkins, Lindgren and Ritchie","null","2019","1","7.0000","157.70","3","1","64.44","39.51","null","38.00866",""
"6742","Fresh White Medium Mushroom 5lbs/cs","Jenkins, Lindgren and Ritchie","null","null","null","null","null","null","null","null","null","null","null",""
"6743","Fresh White Medium Mushroom 5lbs/cs","Jenkins, Lindgren and Ritchie","null","null","null","null","null","null","null","null","null","null","null",""
"6744","Fresh White Medium Mushroom 5lbs/cs","Jenkins, Lindgren and Ritchie","null","2019","2","11.0000","143.45","3","0","97.05","46.40","null","32.34577",""
"6745","Fresh White Medium Mushroom 5lbs/cs","Jenkins, Lindgren and Ritchie","null","null","null","null","null","null","null","null","null","null","null",""
"6746","Black Currants","Jenkins, Lindgren and Ritchie","null","null","null","null","null","null","null","null","null","null","null",""
"6747","Black Currants","Jenkins, Lindgren and Ritchie","null","2019","1","6.0000","99.00","4","0","85.08","13.92","null","14.06061",""
"6748","Juice - Ocean Spray Cranberry","Jenkins, Lindgren and Ritchie","null","null","null","null","null","null","null","null","null","null","null",""
"6749","Juice - Ocean Spray Cranberry","Jenkins, Lindgren and Ritchie","null","null","null","null","null","null","null","null","null","null","null",""
"6750","Juice - Ocean Spray Cranberry","Jenkins, Lindgren and Ritchie","null","2019","2","6.0000","115.80","4","0","85.08","30.72","null","26.52850",""
"6751","Juice - Ocean Spray Cranberry","Jenkins, Lindgren and Ritchie","null","null","null","null","null","null","null","null","null","null","null",""
"6752","Juice - Ocean Spray Cranberry","Jenkins, Lindgren and Ritchie","null","2019","3","4.0000","60.00","3","0","56.72","3.28","null","5.46667",""
"6753","Muffin Orange Individual","Jenkins, Lindgren and Ritchie","null","null","null","null","null","null","null","null","null","null","null",""
"6754","Muffin Orange Individual","Jenkins, Lindgren and Ritchie","null","2019","1","7.0000","72.00","4","0","35.70","36.30","null","50.41667",""
"6755","Beef - Tenderloin - Aa","Jenkins, Lindgren and Ritchie","null","null","null","null","null","null","null","null","null","null","null",""
"6756","Beef - Tenderloin - Aa","Jenkins, Lindgren and Ritchie","null","null","null","null","null","null","null","null","null","null","null",""
"6757","Beef - Tenderloin - Aa","Jenkins, Lindgren and Ritchie","null","2019","2","6.0000","60.76","4","0","30.60","30.16","null","49.63792",""
"6758","Beef - Tenderloin - Aa","Jenkins, Lindgren and Ritchie","null","null","null","null","null","null","null","null","null","null","null",""
"6759","Beef - Tenderloin - Aa","Jenkins, Lindgren and Ritchie","null","2019","3","6.0000","54.00","3","0","30.60","23.40","null","43.33333",""
"6760","Beef - Tenderloin - Aa","Jenkins, Lindgren and Ritchie","null","2019","4","2.0000","25.00","1","0","10.20","14.80","null","59.20000",""
"6761","Tomatoes - Heirloom","Jenkins, Lindgren and Ritchie","null","null","null","null","null","null","null","null","null","null","null",""
"6762","Tomatoes - Heirloom","Jenkins, Lindgren and Ritchie","null","2019","1","9.0000","121.05","3","0","84.77","36.28","null","29.97109",""
"6763","Wine - Red, Metus Rose","Jenkins, Lindgren and Ritchie","null","null","null","null","null","null","null","null","null","null","null",""
"6764","Wine - Red, Metus Rose","Jenkins, Lindgren and Ritchie","null","null","null","null","null","null","null","null","null","null","null",""
"6765","Wine - Red, Metus Rose","Jenkins, Lindgren and Ritchie","null","2019","2","11.0000","143.90","3","0","105.44","38.46","null","26.72689",""
"6766","Wine - Red, Metus Rose","Jenkins, Lindgren and Ritchie","null","null","null","null","null","null","null","null","null","null","null",""
"6767","Coriander - Ground","Jenkins, Lindgren and Ritchie","null","null","null","null","null","null","null","null","null","null","null",""
"6768","Coriander - Ground","Jenkins, Lindgren and Ritchie","null","2019","1","7.0000","74.50","4","0","68.32","6.18","null","8.29530",""
"6769","Pork - Ground","Jenkins, Lindgren and Ritchie","null","null","null","null","null","null","null","null","null","null","null",""
"6770","Pork - Ground","Jenkins, Lindgren and Ritchie","null","null","null","null","null","null","null","null","null","null","null",""
"6771","Pork - Ground","Jenkins, Lindgren and Ritchie","null","2019","2","7.0000","85.39","4","0","68.32","17.07","null","19.99063",""
"6772","Pork - Ground","Jenkins, Lindgren and Ritchie","null","null","null","null","null","null","null","null","null","null","null",""
"6773","Pork - Ground","Jenkins, Lindgren and Ritchie","null","2019","3","5.0000","50.00","3","0","48.80","1.20","null","2.40000",""
"6774","Pork - Ground","Jenkins, Lindgren and Ritchie","null","2019","4","2.0000","30.50","1","0","19.52","10.98","null","36.00000",""
"6775","Wine - Riesling Alsace Ac 2001","Jenkins, Lindgren and Ritchie","null","null","null","null","null","null","null","null","null","null","null",""
"6776","Wine - Riesling Alsace Ac 2001","Jenkins, Lindgren and Ritchie","null","2019","1","7.0000","79.50","4","0","31.36","48.14","null","60.55346",""
"6777","Paste - Black Olive","Jenkins, Lindgren and Ritchie","null","null","null","null","null","null","null","null","null","null","null",""
"6778","Paste - Black Olive","Jenkins, Lindgren and Ritchie","null","null","null","null","null","null","null","null","null","null","null",""
"6779","Paste - Black Olive","Jenkins, Lindgren and Ritchie","null","2019","2","6.0000","81.60","4","1","31.36","37.04","null","54.15205",""
"6780","Paste - Black Olive","Jenkins, Lindgren and Ritchie","null","null","null","null","null","null","null","null","null","null","null",""
"6781","Paste - Black Olive","Jenkins, Lindgren and Ritchie","null","2019","3","3.0000","31.50","2","0","13.44","18.06","null","57.33333",""
"6782","Paste - Black Olive","Jenkins, Lindgren and Ritchie","null","2019","4","2.0000","26.50","1","0","8.96","17.54","null","66.18868",""
"6783","Kippers - Smoked","Jenkins, Lindgren and Ritchie","null","null","null","null","null","null","null","null","null","null","null",""
"6784","Kippers - Smoked","Jenkins, Lindgren and Ritchie","null","2019","1","5.0000","105.05","4","0","72.50","32.55","null","30.98525",""
"6785","Fresh Portabella - 5lbs","Jenkins, Lindgren and Ritchie","null","null","null","null","null","null","null","null","null","null","null",""
"6786","Fresh Portabella - 5lbs","Jenkins, Lindgren and Ritchie","null","null","null","null","null","null","null","null","null","null","null",""
"6787","Fresh Portabella - 5lbs","Jenkins, Lindgren and Ritchie","null","2019","2","4.0000","84.70","3","0","58.45","26.25","null","30.99174",""
"6788","Fresh Portabella - 5lbs","Jenkins, Lindgren and Ritchie","null","null","null","null","null","null","null","null","null","null","null",""
"6789","Fresh Portabella - 5lbs","Jenkins, Lindgren and Ritchie","null","2019","4","1.0000","22.00","1","0","14.57","7.43","null","33.77273",""
"6790","Wine - Alsace Gewurztraminer","Jenkins, Lindgren and Ritchie","null","null","null","null","null","null","null","null","null","null","null",""
"6791","Wine - Alsace Gewurztraminer","Jenkins, Lindgren and Ritchie","null","2019","3","2.0000","29.60","1","0","18.27","11.33","null","38.27703",""
"6792","Wine - Kwv Chenin Blanc South","Jenkins, Lindgren and Ritchie","null","null","null","null","null","null","null","null","null","null","null",""
"6793","Wine - Kwv Chenin Blanc South","Jenkins, Lindgren and Ritchie","null","null","null","null","null","null","null","null","null","null","null",""
"6794","Sugar - Palm","Jenkins, Lindgren and Ritchie","null","null","null","null","null","null","null","null","null","null","null",""
"6795","Sugar - Palm","Jenkins, Lindgren and Ritchie","null","2019","1","3.0000","89.10","3","0","48.95","40.15","null","45.06173",""
"6796","Tarragon - Fresh","Jenkins, Lindgren and Ritchie","null","null","null","null","null","null","null","null","null","null","null",""
"6797","Tarragon - Fresh","Jenkins, Lindgren and Ritchie","null","null","null","null","null","null","null","null","null","null","null",""
"6798","Tarragon - Fresh","Jenkins, Lindgren and Ritchie","null","2019","2","1.0000","27.50","1","0","17.42","10.08","null","36.65455",""
"6799","Tarragon - Fresh","Jenkins, Lindgren and Ritchie","null","null","null","null","null","null","null","null","null","null","null",""
"6800","Tarragon - Fresh","Jenkins, Lindgren and Ritchie","null","2019","4","1.0000","28.50","1","0","18.09","10.41","null","36.52632",""
"6801","Pears - Bartlett","Jenkins, Lindgren and Ritchie","null","null","null","null","null","null","null","null","null","null","null",""
"6802","Pears - Bartlett","Jenkins, Lindgren and Ritchie","null","2019","1","4.0000","127.70","4","0","59.76","67.94","null","53.20282",""
"6803","Garbage Bag - Clear","Jenkins, Lindgren and Ritchie","null","null","null","null","null","null","null","null","null","null","null",""
"6804","Garbage Bag - Clear","Jenkins, Lindgren and Ritchie","null","null","null","null","null","null","null","null","null","null","null",""
"6805","Garbage Bag - Clear","Jenkins, Lindgren and Ritchie","null","2019","4","1.0000","35.25","1","0","14.94","20.31","null","57.61702",""
"6806","Garbage Bag - Clear","Jenkins, Lindgren and Ritchie","null","null","null","null","null","null","null","null","null","null","null",""
"6807","Beef - Bones, Marrow","Jenkins, Lindgren and Ritchie","null","null","null","null","null","null","null","null","null","null","null",""
"6808","Beef - Bones, Marrow","Jenkins, Lindgren and Ritchie","null","2019","2","2.0000","135.52","2","0","61.48","74.04","null","54.63400",""
"6809","Lamb - Ground","Jenkins, Lindgren and Ritchie","null","null","null","null","null","null","null","null","null","null","null",""
"6810","Lamb - Ground","Jenkins, Lindgren and Ritchie","null","null","null","null","null","null","null","null","null","null","null",""
"6811","Lamb - Ground","Jenkins, Lindgren and Ritchie","null","2019","3","2.0000","135.52","2","0","65.00","70.52","null","52.03660",""
"6812","Lamb - Ground","Jenkins, Lindgren and Ritchie","null","null","null","null","null","null","null","null","null","null","null",""
"6813","Beef - Ground Lean Fresh","Jenkins, Lindgren and Ritchie","null","null","null","null","null","null","null","null","null","null","null",""
"6814","Beef - Ground Lean Fresh","Jenkins, Lindgren and Ritchie","null","2019","1","4.0000","75.00","4","0","56.90","18.10","null","24.13333",""
"6815","Muffin Puck Ww Carrot","Jenkins, Lindgren and Ritchie","null","null","null","null","null","null","null","null","null","null","null",""
"6816","Muffin Puck Ww Carrot","Jenkins, Lindgren and Ritchie","null","null","null","null","null","null","null","null","null","null","null",""
"6817","Muffin Puck Ww Carrot","Jenkins, Lindgren and Ritchie","null","2019","2","4.0000","78.55","3","0","56.99","21.56","null","27.44749",""
"6818","Muffin Puck Ww Carrot","Jenkins, Lindgren and Ritchie","null","null","null","null","null","null","null","null","null","null","null",""
"6819","Muffin Puck Ww Carrot","Jenkins, Lindgren and Ritchie","null","2019","3","2.0000","35.00","2","0","28.33","6.67","null","19.05714",""
"6820","Muffin Puck Ww Carrot","Jenkins, Lindgren and Ritchie","null","2019","4","1.0000","20.25","1","0","14.18","6.07","null","29.97531",""
"6821","Cheese - Fontina","Jenkins, Lindgren and Ritchie","null","null","null","null","null","null","null","null","null","null","null",""
"6822","Cheese - Fontina","Jenkins, Lindgren and Ritchie","null","2019","1","1.0000","29.25","2","1","13.86","0.14","null","1.00000",""
"6823","Sausage - Andouille","Jenkins, Lindgren and Ritchie","null","null","null","null","null","null","null","null","null","null","null",""
"6824","Sausage - Andouille","Jenkins, Lindgren and Ritchie","null","null","null","null","null","null","null","null","null","null","null",""
"6825","Octopus","Jenkins, Lindgren and Ritchie","null","null","null","null","null","null","null","null","null","null","null",""
"6826","Octopus","Jenkins, Lindgren and Ritchie","null","2019","1","5.0000","54.75","4","0","29.89","24.86","null","45.40639",""
"6827","V8 - Vegetable Cocktail","Jenkins, Lindgren and Ritchie","null","null","null","null","null","null","null","null","null","null","null",""
"6828","V8 - Vegetable Cocktail","Jenkins, Lindgren and Ritchie","null","null","null","null","null","null","null","null","null","null","null",""
"6829","V8 - Vegetable Cocktail","Jenkins, Lindgren and Ritchie","null","2019","2","2.0000","22.63","2","0","11.96","10.67","null","47.14980",""
"6830","V8 - Vegetable Cocktail","Jenkins, Lindgren and Ritchie","null","null","null","null","null","null","null","null","null","null","null",""
"6831","V8 - Vegetable Cocktail","Jenkins, Lindgren and Ritchie","null","2019","3","4.0000","41.00","3","0","23.91","17.09","null","41.68293",""
"6832","V8 - Vegetable Cocktail","Jenkins, Lindgren and Ritchie","null","2019","4","2.0000","25.00","1","0","11.95","13.05","null","52.20000",""
"6833","Flour - Bran, Red","Jenkins, Lindgren and Ritchie","null","null","null","null","null","null","null","null","null","null","null",""
"6834","Flour - Bran, Red","Jenkins, Lindgren and Ritchie","null","2019","1","3.0000","46.50","2","0","38.54","7.96","null","17.11828",""
"6835","Artichokes - Jerusalem","Jenkins, Lindgren and Ritchie","null","null","null","null","null","null","null","null","null","null","null",""
"6836","Artichokes - Jerusalem","Jenkins, Lindgren and Ritchie","null","null","null","null","null","null","null","null","null","null","null",""
"6837","Artichokes - Jerusalem","Jenkins, Lindgren and Ritchie","null","2019","2","6.0000","97.50","3","0","76.10","21.40","null","21.94872",""
"6838","Artichokes - Jerusalem","Jenkins, Lindgren and Ritchie","null","null","null","null","null","null","null","null","null","null","null",""
"6839","Cape Capensis - Fillet","Jenkins, Lindgren and Ritchie","null","null","null","null","null","null","null","null","null","null","null",""
"6840","Cape Capensis - Fillet","Jenkins, Lindgren and Ritchie","null","2019","1","4.0000","46.50","4","0","39.16","7.34","null","15.78495",""
"6841","Roe - White Fish","Jenkins, Lindgren and Ritchie","null","null","null","null","null","null","null","null","null","null","null",""
"6842","Roe - White Fish","Jenkins, Lindgren and Ritchie","null","null","null","null","null","null","null","null","null","null","null",""
"6843","Roe - White Fish","Jenkins, Lindgren and Ritchie","null","2019","2","4.0000","47.26","4","0","39.20","8.06","null","17.05459",""
"6844","Roe - White Fish","Jenkins, Lindgren and Ritchie","null","null","null","null","null","null","null","null","null","null","null",""
"6845","Roe - White Fish","Jenkins, Lindgren and Ritchie","null","2019","3","6.0000","67.50","3","0","58.68","8.82","null","13.06667",""
"6846","Roe - White Fish","Jenkins, Lindgren and Ritchie","null","2019","4","2.0000","26.00","1","0","19.60","6.40","null","24.61538",""
"6847","Skirt - 29 Foot","Jenkins, Lindgren and Ritchie","null","null","null","null","null","null","null","null","null","null","null",""
"6848","Skirt - 29 Foot","Jenkins, Lindgren and Ritchie","null","2019","1","5.0000","62.25","4","0","22.45","39.80","null","63.93574",""
"6849","Blueberries - Frozen","Jenkins, Lindgren and Ritchie","null","null","null","null","null","null","null","null","null","null","null",""
"6850","Blueberries - Frozen","Jenkins, Lindgren and Ritchie","null","null","null","null","null","null","null","null","null","null","null",""
"6851","Blueberries - Frozen","Jenkins, Lindgren and Ritchie","null","2019","2","3.0000","37.80","3","0","13.47","24.33","null","64.36508",""
"6852","Blueberries - Frozen","Jenkins, Lindgren and Ritchie","null","null","null","null","null","null","null","null","null","null","null",""
"6853","Blueberries - Frozen","Jenkins, Lindgren and Ritchie","null","2019","3","4.0000","47.00","3","0","17.96","29.04","null","61.78723",""
"6854","Blueberries - Frozen","Jenkins, Lindgren and Ritchie","null","2019","4","2.0000","29.00","1","0","8.98","20.02","null","69.03448",""
"6855","Sugar - Sweet N Low, Individual","Jenkins, Lindgren and Ritchie","null","null","null","null","null","null","null","null","null","null","null",""
"6856","Sugar - Sweet N Low, Individual","Jenkins, Lindgren and Ritchie","null","2019","3","1.0000","34.10","1","0","9.88","24.22","null","71.02639",""
"6857","Onions - Vidalia","Jenkins, Lindgren and Ritchie","null","null","null","null","null","null","null","null","null","null","null",""
"6858","Onions - Vidalia","Jenkins, Lindgren and Ritchie","null","null","null","null","null","null","null","null","null","null","null",""
"6859","Wine La Vielle Ferme Cote Du","Jenkins, Lindgren and Ritchie","null","null","null","null","null","null","null","null","null","null","null",""
"6860","Wine La Vielle Ferme Cote Du","Jenkins, Lindgren and Ritchie","null","2019","2","1.0000","102.50","1","0","107.53","-5.03","null","-4.90732",""
"6861","Olives - Kalamata","Jenkins, Lindgren and Ritchie","null","null","null","null","null","null","null","null","null","null","null",""
"6862","Olives - Kalamata","Jenkins, Lindgren and Ritchie","null","null","null","null","null","null","null","null","null","null","null",""
"6863","Soup - French Can Pea","Jenkins, Lindgren and Ritchie","null","null","null","null","null","null","null","null","null","null","null",""
"6864","Soup - French Can Pea","Jenkins, Lindgren and Ritchie","null","2019","2","1.0000","23.93","1","0","13.98","9.95","null","41.57961",""
"6865","Ice Cream Bar - Hagen Daz","Jenkins, Lindgren and Ritchie","null","null","null","null","null","null","null","null","null","null","null",""
"6866","Ice Cream Bar - Hagen Daz","Jenkins, Lindgren and Ritchie","null","null","null","null","null","null","null","null","null","null","null",""
"6867","Ice Cream Bar - Hagen Daz","Jenkins, Lindgren and Ritchie","null","null","null","null","null","null","null","null","null","null","null",""
"6868","null","null","Customer Total:","null","null","null","3,381.86","null","null","2,138.69","null","null","null",""
"6869","Ice Cream Bar - Hagen Daz","Jenkins, Lindgren and Ritchie","null","null","null","null","null","null","null","null","null","null","null",""
"6870","Ice Cream Bar - Hagen Daz","Predovic-Christiansen","null","null","null","null","null","null","null","null","null","null","null",""
"6871","Wine - Muscadet Sur Lie","Predovic-Christiansen","null","null","null","null","null","null","null","null","null","null","null",""
"6872","Wine - Muscadet Sur Lie","Predovic-Christiansen","null","2019","6","1.0000","15.50","1","0","8.30","7.20","null","46.45161",""
"6873","Pork - Ham, Virginia","Predovic-Christiansen","null","null","null","null","null","null","null","null","null","null","null",""
"6874","Pork - Ham, Virginia","Predovic-Christiansen","null","null","null","null","null","null","null","null","null","null","null",""
"6875","Kohlrabi","Predovic-Christiansen","null","null","null","null","null","null","null","null","null","null","null",""
"6876","Kohlrabi","Predovic-Christiansen","null","2019","6","1.0000","11.50","1","0","4.13","7.37","null","64.08696",""
"6877","Puree - Guava","Predovic-Christiansen","null","null","null","null","null","null","null","null","null","null","null",""
"6878","Puree - Guava","Predovic-Christiansen","null","null","null","null","null","null","null","null","null","null","null",""
"6879","Beef - Ground Lean Fresh","Predovic-Christiansen","null","null","null","null","null","null","null","null","null","null","null",""
"6880","Beef - Ground Lean Fresh","Predovic-Christiansen","null","2019","5","1.0000","20.25","1","0","13.53","6.72","null","33.18519",""
"6881","Muffin Puck Ww Carrot","Predovic-Christiansen","null","null","null","null","null","null","null","null","null","null","null",""
"6882","Muffin Puck Ww Carrot","Predovic-Christiansen","null","null","null","null","null","null","null","null","null","null","null",""
"6883","Muffin Puck Ww Carrot","Predovic-Christiansen","null","2019","6","2.0000","45.50","2","0","28.30","17.20","null","37.80220",""
"6884","Muffin Puck Ww Carrot","Predovic-Christiansen","null","null","null","null","null","null","null","null","null","null","null",""
"6885","Cape Capensis - Fillet","Predovic-Christiansen","null","null","null","null","null","null","null","null","null","null","null",""
"6886","Cape Capensis - Fillet","Predovic-Christiansen","null","2019","5","1.0000","13.00","1","0","9.80","3.20","null","24.61538",""
"6887","Roe - White Fish","Predovic-Christiansen","null","null","null","null","null","null","null","null","null","null","null",""
"6888","Roe - White Fish","Predovic-Christiansen","null","null","null","null","null","null","null","null","null","null","null",""
"6889","Coffee - Espresso","Predovic-Christiansen","null","null","null","null","null","null","null","null","null","null","null",""
"6890","Coffee - Espresso","Predovic-Christiansen","null","2019","5","1.0000","16.50","1","0","5.52","10.98","null","66.54545",""
"6891","Trout - Hot Smkd, Dbl Fillet","Predovic-Christiansen","null","null","null","null","null","null","null","null","null","null","null",""
"6892","Trout - Hot Smkd, Dbl Fillet","Predovic-Christiansen","null","null","null","null","null","null","null","null","null","null","null",""
"6893","Trout - Hot Smkd, Dbl Fillet","Predovic-Christiansen","null","2019","6","2.0000","33.00","2","0","11.04","21.96","null","66.54545",""
"6894","Trout - Hot Smkd, Dbl Fillet","Predovic-Christiansen","null","null","null","null","null","null","null","null","null","null","null",""
"6895","Squash - Sunburst","Predovic-Christiansen","null","null","null","null","null","null","null","null","null","null","null",""
"6896","Squash - Sunburst","Predovic-Christiansen","null","2019","5","1.0000","26.50","1","0","10.34","16.16","null","60.98113",""
"6897","Chocolate - Milk","Predovic-Christiansen","null","null","null","null","null","null","null","null","null","null","null",""
"6898","Chocolate - Milk","Predovic-Christiansen","null","null","null","null","null","null","null","null","null","null","null",""
"6899","Chocolate - Milk","Predovic-Christiansen","null","2019","6","2.0000","53.00","2","0","20.68","32.32","null","60.98113",""
"6900","Chocolate - Milk","Predovic-Christiansen","null","null","null","null","null","null","null","null","null","null","null",""
"6901","Butter Balls Salted","Predovic-Christiansen","null","null","null","null","null","null","null","null","null","null","null",""
"6902","Butter Balls Salted","Predovic-Christiansen","null","2019","5","1.0000","26.00","1","0","9.92","16.08","null","61.84615",""
"6903","Cup - 4oz Translucent","Predovic-Christiansen","null","null","null","null","null","null","null","null","null","null","null",""
"6904","Cup - 4oz Translucent","Predovic-Christiansen","null","null","null","null","null","null","null","null","null","null","null",""
"6905","Cup - 4oz Translucent","Predovic-Christiansen","null","2019","6","2.0000","52.00","2","0","19.84","32.16","null","61.84615",""
"6906","Cup - 4oz Translucent","Predovic-Christiansen","null","null","null","null","null","null","null","null","null","null","null",""
"6907","Caviar - Salmon","Predovic-Christiansen","null","null","null","null","null","null","null","null","null","null","null",""
"6908","Caviar - Salmon","Predovic-Christiansen","null","2019","5","1.0000","27.00","1","0","11.15","15.85","null","58.70370",""
"6909","Asparagus - Mexican","Predovic-Christiansen","null","null","null","null","null","null","null","null","null","null","null",""
"6910","Asparagus - Mexican","Predovic-Christiansen","null","null","null","null","null","null","null","null","null","null","null",""
"6911","Asparagus - Mexican","Predovic-Christiansen","null","2019","6","2.0000","54.00","2","0","22.30","31.70","null","58.70370",""
"6912","Asparagus - Mexican","Predovic-Christiansen","null","null","null","null","null","null","null","null","null","null","null",""
"6913","Wine - Semi Dry Riesling Vineland","Predovic-Christiansen","null","null","null","null","null","null","null","null","null","null","null",""
"6914","Wine - Semi Dry Riesling Vineland","Predovic-Christiansen","null","2019","5","1.0000","16.50","1","0","7.01","9.49","null","57.51515",""
"6915","Wine - Sawmill Creek Autumn","Predovic-Christiansen","null","null","null","null","null","null","null","null","null","null","null",""
"6916","Wine - Sawmill Creek Autumn","Predovic-Christiansen","null","null","null","null","null","null","null","null","null","null","null",""
"6917","Wine - Sawmill Creek Autumn","Predovic-Christiansen","null","2019","6","2.0000","33.00","2","0","14.02","18.98","null","57.51515",""
"6918","Wine - Sawmill Creek Autumn","Predovic-Christiansen","null","null","null","null","null","null","null","null","null","null","null",""
"6919","Icecream Cone - Areo Chocolate","Predovic-Christiansen","null","null","null","null","null","null","null","null","null","null","null",""
"6920","Icecream Cone - Areo Chocolate","Predovic-Christiansen","null","2019","5","1.0000","22.50","1","0","6.74","15.76","null","70.04444",""
"6921","Cheese - Camembert","Predovic-Christiansen","null","null","null","null","null","null","null","null","null","null","null",""
"6922","Cheese - Camembert","Predovic-Christiansen","null","null","null","null","null","null","null","null","null","null","null",""
"6923","Bread Country Roll","Predovic-Christiansen","null","null","null","null","null","null","null","null","null","null","null",""
"6924","Bread Country Roll","Predovic-Christiansen","null","2019","5","1.0000","21.00","1","0","12.46","8.54","null","40.66667",""
"6925","Juice - Apple Cider","Predovic-Christiansen","null","null","null","null","null","null","null","null","null","null","null",""
"6926","Juice - Apple Cider","Predovic-Christiansen","null","null","null","null","null","null","null","null","null","null","null",""
"6927","Juice - Apple Cider","Predovic-Christiansen","null","2019","6","2.0000","42.00","2","0","24.92","17.08","null","40.66667",""
"6928","Juice - Apple Cider","Predovic-Christiansen","null","null","null","null","null","null","null","null","null","null","null",""
"6929","Pepper - Red Thai","Predovic-Christiansen","null","null","null","null","null","null","null","null","null","null","null",""
"6930","Pepper - Red Thai","Predovic-Christiansen","null","2019","6","2.0000","35.00","2","0","11.04","23.96","null","68.45714",""
"6931","Macaroons - Two Bite Choc","Predovic-Christiansen","null","null","null","null","null","null","null","null","null","null","null",""
"6932","Macaroons - Two Bite Choc","Predovic-Christiansen","null","null","null","null","null","null","null","null","null","null","null",""
"6933","Longos - Chicken Caeser Salad","Predovic-Christiansen","null","null","null","null","null","null","null","null","null","null","null",""
"6934","Longos - Chicken Caeser Salad","Predovic-Christiansen","null","2019","6","2.0000","33.50","2","0","20.36","13.14","null","39.22388",""
"6935","Lettuce - Treviso","Predovic-Christiansen","null","null","null","null","null","null","null","null","null","null","null",""
"6936","Lettuce - Treviso","Predovic-Christiansen","null","null","null","null","null","null","null","null","null","null","null",""
"6937","Flower - Carnations","Predovic-Christiansen","null","null","null","null","null","null","null","null","null","null","null",""
"6938","Flower - Carnations","Predovic-Christiansen","null","2019","5","1.0000","25.25","1","0","22.40","2.85","null","11.28713",""
"6939","Fresh Fiddleheads 6x8oz/cs","Predovic-Christiansen","null","null","null","null","null","null","null","null","null","null","null",""
"6940","Fresh Fiddleheads 6x8oz/cs","Predovic-Christiansen","null","null","null","null","null","null","null","null","null","null","null",""
"6941","Fresh Fiddleheads 6x8oz/cs","Predovic-Christiansen","null","null","null","null","null","null","null","null","null","null","null",""
"6942","null","null","Customer Total:","null","null","null","622.50","null","null","293.80","null","null","null",""
"6943","Fresh Fiddleheads 6x8oz/cs","Predovic-Christiansen","null","null","null","null","null","null","null","null","null","null","null",""
"6944","Fresh Fiddleheads 6x8oz/cs","Gerlach and Sons","null","null","null","null","null","null","null","null","null","null","null",""
"6945","Pepper - Jalapeno","Gerlach and Sons","null","null","null","null","null","null","null","null","null","null","null",""
"6946","Pepper - Jalapeno","Gerlach and Sons","null","2019","6","2.0000","19.00","1","0","11.60","7.40","null","38.94737",""
"6947","Thyme - Fresh","Gerlach and Sons","null","null","null","null","null","null","null","null","null","null","null",""
"6948","Thyme - Fresh","Gerlach and Sons","null","null","null","null","null","null","null","null","null","null","null",""
"6949","Thyme - Fresh","Gerlach and Sons","null","null","null","null","null","null","null","null","null","null","null",""
"6950","null","null","Customer Total:","null","null","null","19.00","null","null","11.60","null","null","null",""
"6951","Thyme - Fresh","Gerlach and Sons","null","null","null","null","null","null","null","null","null","null","null",""
"6952","Thyme - Fresh","Schuppe, Hand and Kutch","null","null","null","null","null","null","null","null","null","null","null",""
"6953","Rum - Mount Gay Eclipes","Schuppe, Hand and Kutch","null","null","null","null","null","null","null","null","null","null","null",""
"6954","Rum - Mount Gay Eclipes","Schuppe, Hand and Kutch","null","2019","1","5.0000","105.00","1","0","85.67","19.33","null","18.40952",""
"6955","Wine - George Duboeuf Rose","Schuppe, Hand and Kutch","null","null","null","null","null","null","null","null","null","null","null",""
"6956","Wine - George Duboeuf Rose","Schuppe, Hand and Kutch","null","null","null","null","null","null","null","null","null","null","null",""
"6957","Wine - George Duboeuf Rose","Schuppe, Hand and Kutch","null","null","null","null","null","null","null","null","null","null","null",""
"6958","null","null","Customer Total:","null","null","null","105.00","null","null","85.67","null","null","null",""
"6959","Wine - George Duboeuf Rose","Schuppe, Hand and Kutch","null","null","null","null","null","null","null","null","null","null","null",""
"6960","Wine - George Duboeuf Rose","Kemmer and Sons","null","null","null","null","null","null","null","null","null","null","null",""
"6961","Octopus","Kemmer and Sons","null","null","null","null","null","null","null","null","null","null","null",""
"6962","Octopus","Kemmer and Sons","null","2019","2","10.0000","225.50","1","0","164.57","60.93","null","27.01996",""
"6963","Veal - Ground","Kemmer and Sons","null","null","null","null","null","null","null","null","null","null","null",""
"6964","Veal - Ground","Kemmer and Sons","null","null","null","null","null","null","null","null","null","null","null",""
"6965","Tea - Earl Grey","Kemmer and Sons","null","null","null","null","null","null","null","null","null","null","null",""
"6966","Tea - Earl Grey","Kemmer and Sons","null","2019","3","8.0000","114.40","1","0","80.06","34.34","null","30.01748",""
"6967","Wine - Red, Metus Rose","Kemmer and Sons","null","null","null","null","null","null","null","null","null","null","null",""
"6968","Wine - Red, Metus Rose","Kemmer and Sons","null","null","null","null","null","null","null","null","null","null","null",""
"6969","Tomatoes - Heirloom","Kemmer and Sons","null","null","null","null","null","null","null","null","null","null","null",""
"6970","Tomatoes - Heirloom","Kemmer and Sons","null","2019","1","12.0000","352.20","2","1","112.90","61.10","null","35.11494",""
"6971","Wine - Red, Metus Rose","Kemmer and Sons","null","null","null","null","null","null","null","null","null","null","null",""
"6972","Wine - Red, Metus Rose","Kemmer and Sons","null","null","null","null","null","null","null","null","null","null","null",""
"6973","Wine - Red, Metus Rose","Kemmer and Sons","null","2019","2","58.0000","899.00","5","0","557.33","341.67","null","38.00556",""
"6974","Wine - Red, Metus Rose","Kemmer and Sons","null","null","null","null","null","null","null","null","null","null","null",""
"6975","Wine - Red, Metus Rose","Kemmer and Sons","null","2019","3","30.0000","465.00","2","0","288.65","176.35","null","37.92473",""
"6976","Dc - Sakura Fu","Kemmer and Sons","null","null","null","null","null","null","null","null","null","null","null",""
"6977","Dc - Sakura Fu","Kemmer and Sons","null","2019","1","20.0000","455.00","1","0","341.56","113.44","null","24.93187",""
"6978","Filling - Mince Meat","Kemmer and Sons","null","null","null","null","null","null","null","null","null","null","null",""
"6979","Filling - Mince Meat","Kemmer and Sons","null","null","null","null","null","null","null","null","null","null","null",""
"6980","Filling - Mince Meat","Kemmer and Sons","null","2019","2","10.0000","310.00","1","0","172.96","137.04","null","44.20645",""
"6981","Filling - Mince Meat","Kemmer and Sons","null","null","null","null","null","null","null","null","null","null","null",""
"6982","Trout - Rainbow, Frozen","Kemmer and Sons","null","null","null","null","null","null","null","null","null","null","null",""
"6983","Trout - Rainbow, Frozen","Kemmer and Sons","null","2019","1","16.0000","402.00","3","1","156.54","79.46","null","33.66949",""
"6984","Fresh Jumbo Cremini 5#/cs","Kemmer and Sons","null","null","null","null","null","null","null","null","null","null","null",""
"6985","Fresh Jumbo Cremini 5#/cs","Kemmer and Sons","null","null","null","null","null","null","null","null","null","null","null",""
"6986","Fresh Jumbo Cremini 5#/cs","Kemmer and Sons","null","2019","2","30.0000","442.50","4","0","294.50","148.00","null","33.44633",""
"6987","Fresh Jumbo Cremini 5#/cs","Kemmer and Sons","null","null","null","null","null","null","null","null","null","null","null",""
"6988","Fresh Jumbo Cremini 5#/cs","Kemmer and Sons","null","2019","3","6.0000","96.00","1","0","58.78","37.22","null","38.77083",""
"6989","Sugar - Palm","Kemmer and Sons","null","null","null","null","null","null","null","null","null","null","null",""
"6990","Sugar - Palm","Kemmer and Sons","null","2019","2","10.0000","308.00","1","0","177.50","130.50","null","42.37013",""
"6991","Tarragon - Fresh","Kemmer and Sons","null","null","null","null","null","null","null","null","null","null","null",""
"6992","Tarragon - Fresh","Kemmer and Sons","null","null","null","null","null","null","null","null","null","null","null",""
"6993","Soupcontfoam16oz 116con","Kemmer and Sons","null","null","null","null","null","null","null","null","null","null","null",""
"6994","Soupcontfoam16oz 116con","Kemmer and Sons","null","2019","2","6.0000","211.50","2","0","103.76","107.74","null","50.94090",""
"6995","Lime Cordial - Roses","Kemmer and Sons","null","null","null","null","null","null","null","null","null","null","null",""
"6996","Lime Cordial - Roses","Kemmer and Sons","null","null","null","null","null","null","null","null","null","null","null",""
"6997","Lime Cordial - Roses","Kemmer and Sons","null","2019","3","4.0000","141.00","1","0","69.96","71.04","null","50.38298",""
"6998","Lime Cordial - Roses","Kemmer and Sons","null","null","null","null","null","null","null","null","null","null","null",""
"6999","Hand Towel","Kemmer and Sons","null","null","null","null","null","null","null","null","null","null","null",""
"7000","Hand Towel","Kemmer and Sons","null","2019","2","6.0000","133.50","1","0","164.83","-31.33","null","-23.46816",""
"7001","Bulgar","Kemmer and Sons","null","null","null","null","null","null","null","null","null","null","null",""
"7002","Bulgar","Kemmer and Sons","null","null","null","null","null","null","null","null","null","null","null",""
"7003","Bulgar","Kemmer and Sons","null","2019","3","10.0000","480.00","3","0","300.40","179.60","null","37.41667",""
"7004","Bulgar","Kemmer and Sons","null","null","null","null","null","null","null","null","null","null","null",""
"7005","Flour - Buckwheat, Dark","Kemmer and Sons","null","null","null","null","null","null","null","null","null","null","null",""
"7006","Flour - Buckwheat, Dark","Kemmer and Sons","null","2019","2","2.0000","64.00","1","0","57.77","6.23","null","9.73438",""
"7007","Fiddlehead - Frozen","Kemmer and Sons","null","null","null","null","null","null","null","null","null","null","null",""
"7008","Fiddlehead - Frozen","Kemmer and Sons","null","null","null","null","null","null","null","null","null","null","null",""
"7009","Fiddlehead - Frozen","Kemmer and Sons","null","2019","3","5.0000","225.00","3","0","146.70","78.30","null","34.80000",""
"7010","Fiddlehead - Frozen","Kemmer and Sons","null","null","null","null","null","null","null","null","null","null","null",""
"7011","Cake - Pancake","Kemmer and Sons","null","null","null","null","null","null","null","null","null","null","null",""
"7012","Cake - Pancake","Kemmer and Sons","null","2019","1","11.0000","691.25","3","0","498.47","192.78","null","27.88861",""
"7013","Squid - Breaded","Kemmer and Sons","null","null","null","null","null","null","null","null","null","null","null",""
"7014","Squid - Breaded","Kemmer and Sons","null","null","null","null","null","null","null","null","null","null","null",""
"7015","Squid - Breaded","Kemmer and Sons","null","2019","2","13.0000","955.50","3","0","590.00","365.50","null","38.25222",""
"7016","Squid - Breaded","Kemmer and Sons","null","null","null","null","null","null","null","null","null","null","null",""
"7017","Squid - Breaded","Kemmer and Sons","null","2019","6","5.0000","367.50","1","0","226.87","140.63","null","38.26667",""
"7018","Squid - Breaded","Kemmer and Sons","null","null","null","null","null","null","null","null","null","null","null",""
"7019","null","null","Customer Total:","null","null","null","7,338.85","null","null","4,564.11","null","null","null",""
"7020","Squid - Breaded","Kemmer and Sons","null","null","null","null","null","null","null","null","null","null","null",""
"7021","Squid - Breaded","Cummings-Emmerich","null","null","null","null","null","null","null","null","null","null","null",""
"7022","Pomegranates","Cummings-Emmerich","null","null","null","null","null","null","null","null","null","null","null",""
"7023","Pomegranates","Cummings-Emmerich","null","2019","6","20.0000","240.00","1","0","264.68","-24.68","null","-10.28333",""
"7024","Bread - Malt","Cummings-Emmerich","null","null","null","null","null","null","null","null","null","null","null",""
"7025","Bread - Malt","Cummings-Emmerich","null","null","null","null","null","null","null","null","null","null","null",""
"7026","Bread - Malt","Cummings-Emmerich","null","null","null","null","null","null","null","null","null","null","null",""
"7027","null","null","Customer Total:","null","null","null","240.00","null","null","264.68","null","null","null",""
"7028","Bread - Malt","Cummings-Emmerich","null","null","null","null","null","null","null","null","null","null","null",""
"7029","Bread - Malt","O'Hara-DuBuque","null","null","null","null","null","null","null","null","null","null","null",""
"7030","Rum - Mount Gay Eclipes","O'Hara-DuBuque","null","null","null","null","null","null","null","null","null","null","null",""
"7031","Rum - Mount Gay Eclipes","O'Hara-DuBuque","null","2019","2","1.0000","21.00","1","0","17.06","3.94","null","18.76190",""
"7032","Wine - George Duboeuf Rose","O'Hara-DuBuque","null","null","null","null","null","null","null","null","null","null","null",""
"7033","Wine - George Duboeuf Rose","O'Hara-DuBuque","null","null","null","null","null","null","null","null","null","null","null",""
"7034","Wine - George Duboeuf Rose","O'Hara-DuBuque","null","2019","3","1.0000","21.50","1","0","17.17","4.33","null","20.13953",""
"7035","Wine - George Duboeuf Rose","O'Hara-DuBuque","null","null","null","null","null","null","null","null","null","null","null",""
"7036","Wine - George Duboeuf Rose","O'Hara-DuBuque","null","2019","4","1.0000","21.00","1","0","17.19","3.81","null","18.14286",""
"7037","Wine - George Duboeuf Rose","O'Hara-DuBuque","null","2019","5","2.0000","42.00","2","0","34.68","7.32","null","17.42857",""
"7038","Wine - George Duboeuf Rose","O'Hara-DuBuque","null","2019","6","4.0000","71.00","2","0","69.23","1.77","null","2.49296",""
"7039","Rabbit - Saddles","O'Hara-DuBuque","null","null","null","null","null","null","null","null","null","null","null",""
"7040","Rabbit - Saddles","O'Hara-DuBuque","null","2019","1","4.0000","58.00","2","0","44.10","13.90","null","23.96552",""
"7041","Beef - Bresaola","O'Hara-DuBuque","null","null","null","null","null","null","null","null","null","null","null",""
"7042","Beef - Bresaola","O'Hara-DuBuque","null","null","null","null","null","null","null","null","null","null","null",""
"7043","Beef - Bresaola","O'Hara-DuBuque","null","2019","2","1.0000","14.50","1","0","11.00","3.50","null","24.13793",""
"7044","Beef - Bresaola","O'Hara-DuBuque","null","null","null","null","null","null","null","null","null","null","null",""
"7045","Beef - Bresaola","O'Hara-DuBuque","null","2019","4","1.0000","14.50","1","0","11.04","3.46","null","23.86207",""
"7046","Beef - Bresaola","O'Hara-DuBuque","null","2019","6","6.0000","54.00","2","1","66.39","-7.89","null","-13.48718",""
"7047","Beef - Bresaola","O'Hara-DuBuque","null","null","null","null","null","null","null","null","null","null","null",""
"7048","null","null","Customer Total:","null","null","null","317.50","null","null","287.86","null","null","null",""
"7049","Beef - Bresaola","O'Hara-DuBuque","null","null","null","null","null","null","null","null","null","null","null",""
"7050","Beef - Bresaola","Bruen, Cassin and Pacocha","null","null","null","null","null","null","null","null","null","null","null",""
"7051","Crawfish","Bruen, Cassin and Pacocha","null","null","null","null","null","null","null","null","null","null","null",""
"7052","Crawfish","Bruen, Cassin and Pacocha","null","2019","1","1.0000","42.50","1","0","34.50","8.00","null","18.82353",""
"7053","ORGANIC Shiitake 5lbs/cs (L)","Bruen, Cassin and Pacocha","null","null","null","null","null","null","null","null","null","null","null",""
"7054","ORGANIC Shiitake 5lbs/cs (L)","Bruen, Cassin and Pacocha","null","null","null","null","null","null","null","null","null","null","null",""
"7055","Paper Cocktail Umberlla 80 - 180","Bruen, Cassin and Pacocha","null","null","null","null","null","null","null","null","null","null","null",""
"7056","Paper Cocktail Umberlla 80 - 180","Bruen, Cassin and Pacocha","null","2019","1","1.0000","5.90","1","0","5.04","0.86","null","14.57627",""
"7057","Truffle Sea Salt 1oz","Bruen, Cassin and Pacocha","null","null","null","null","null","null","null","null","null","null","null",""
"7058","Truffle Sea Salt 1oz","Bruen, Cassin and Pacocha","null","null","null","null","null","null","null","null","null","null","null",""
"7059","Cheese - Camembert","Bruen, Cassin and Pacocha","null","null","null","null","null","null","null","null","null","null","null",""
"7060","Cheese - Camembert","Bruen, Cassin and Pacocha","null","2019","1","1.0000","48.00","1","0","16.90","31.10","null","64.79167",""
"7061","Alize Red Passion","Bruen, Cassin and Pacocha","null","null","null","null","null","null","null","null","null","null","null",""
"7062","Alize Red Passion","Bruen, Cassin and Pacocha","null","null","null","null","null","null","null","null","null","null","null",""
"7063","Alize Red Passion","Bruen, Cassin and Pacocha","null","2019","3","1.0000","50.00","1","0","18.03","31.97","null","63.94000",""
"7064","Alize Red Passion","Bruen, Cassin and Pacocha","null","null","null","null","null","null","null","null","null","null","null",""
"7065","Mince Meat - Filling","Bruen, Cassin and Pacocha","null","null","null","null","null","null","null","null","null","null","null",""
"7066","Mince Meat - Filling","Bruen, Cassin and Pacocha","null","2019","3","3.0000","105.00","1","0","66.14","38.86","null","37.00952",""
"7067","Beef Wellington","Bruen, Cassin and Pacocha","null","null","null","null","null","null","null","null","null","null","null",""
"7068","Beef Wellington","Bruen, Cassin and Pacocha","null","null","null","null","null","null","null","null","null","null","null",""
"7069","Lamb - Shoulder","Bruen, Cassin and Pacocha","null","null","null","null","null","null","null","null","null","null","null",""
"7070","Lamb - Shoulder","Bruen, Cassin and Pacocha","null","2019","1","2.0000","138.00","1","0","81.67","56.33","null","40.81884",""
"7071","Onions - Dried, Chopped","Bruen, Cassin and Pacocha","null","null","null","null","null","null","null","null","null","null","null",""
"7072","Onions - Dried, Chopped","Bruen, Cassin and Pacocha","null","null","null","null","null","null","null","null","null","null","null",""
"7073","Onions - Dried, Chopped","Bruen, Cassin and Pacocha","null","2019","3","2.0000","138.00","1","0","80.83","57.17","null","41.42754",""
"7074","Onions - Dried, Chopped","Bruen, Cassin and Pacocha","null","null","null","null","null","null","null","null","null","null","null",""
"7075","Onions - Dried, Chopped","Bruen, Cassin and Pacocha","null","2019","6","3.0000","207.00","1","0","121.24","85.76","null","41.42995",""
"7076","Onions - Dried, Chopped","Bruen, Cassin and Pacocha","null","null","null","null","null","null","null","null","null","null","null",""
"7077","null","null","Customer Total:","null","null","null","734.40","null","null","424.35","null","null","null",""
"7078","Onions - Dried, Chopped","Bruen, Cassin and Pacocha","null","null","null","null","null","null","null","null","null","null","null",""
"7079","Onions - Dried, Chopped","Powlowski-Friesen","null","null","null","null","null","null","null","null","null","null","null",""
"7080","Lemonade - Pineapple Passion","Powlowski-Friesen","null","null","null","null","null","null","null","null","null","null","null",""
"7081","Lemonade - Pineapple Passion","Powlowski-Friesen","null","2019","1","2.0000","58.00","2","0","17.01","40.99","null","70.67241",""
"7082","Mushroom - Morels, Dry","Powlowski-Friesen","null","null","null","null","null","null","null","null","null","null","null",""
"7083","Mushroom - Morels, Dry","Powlowski-Friesen","null","null","null","null","null","null","null","null","null","null","null",""
"7084","Vinegar - Balsamic, White","Powlowski-Friesen","null","null","null","null","null","null","null","null","null","null","null",""
"7085","Vinegar - Balsamic, White","Powlowski-Friesen","null","2019","1","1.0000","53.00","1","0","21.13","31.87","null","60.13208",""
"7086","White (Bianco)Truffle Oil 250 ml","Powlowski-Friesen","null","null","null","null","null","null","null","null","null","null","null",""
"7087","White (Bianco)Truffle Oil 250 ml","Powlowski-Friesen","null","null","null","null","null","null","null","null","null","null","null",""
"7088","White (Bianco)Truffle Oil 250 ml","Powlowski-Friesen","null","null","null","null","null","null","null","null","null","null","null",""
"7089","null","null","Customer Total:","null","null","null","111.00","null","null","38.14","null","null","null",""
"7090","White (Bianco)Truffle Oil 250 ml","Powlowski-Friesen","null","null","null","null","null","null","null","null","null","null","null",""
"7091","White (Bianco)Truffle Oil 250 ml","Wiza-Towne","null","null","null","null","null","null","null","null","null","null","null",""
"7092","Pomegranates","Wiza-Towne","null","null","null","null","null","null","null","null","null","null","null",""
"7093","Pomegranates","Wiza-Towne","null","2019","6","20.0000","480.00","3","1","264.68","-24.68","null","-10.28333",""
"7094","Bread - Malt","Wiza-Towne","null","null","null","null","null","null","null","null","null","null","null",""
"7095","Bread - Malt","Wiza-Towne","null","null","null","null","null","null","null","null","null","null","null",""
"7096","Coconut - Shredded, Sweet","Wiza-Towne","null","null","null","null","null","null","null","null","null","null","null",""
"7097","Coconut - Shredded, Sweet","Wiza-Towne","null","2019","6","2.0000","70.20","1","0","19.53","50.67","null","72.17949",""
"7098","Nestea - Iced Tea","Wiza-Towne","null","null","null","null","null","null","null","null","null","null","null",""
"7099","Nestea - Iced Tea","Wiza-Towne","null","null","null","null","null","null","null","null","null","null","null",""
"7100","Cheese - Goat With Herbs","Wiza-Towne","null","null","null","null","null","null","null","null","null","null","null",""
"7101","Cheese - Goat With Herbs","Wiza-Towne","null","2019","4","2.0000","45.60","2","0","27.84","17.76","null","38.94737",""
"7102","Dried Portabello 1#/pp","Wiza-Towne","null","null","null","null","null","null","null","null","null","null","null",""
"7103","Dried Portabello 1#/pp","Wiza-Towne","null","null","null","null","null","null","null","null","null","null","null",""
"7104","Beans - Wax","Wiza-Towne","null","null","null","null","null","null","null","null","null","null","null",""
"7105","Beans - Wax","Wiza-Towne","null","2019","4","1.0000","16.00","1","0","6.32","9.68","null","60.50000",""
"7106","Pepper - Cubanelle","Wiza-Towne","null","null","null","null","null","null","null","null","null","null","null",""
"7107","Pepper - Cubanelle","Wiza-Towne","null","null","null","null","null","null","null","null","null","null","null",""
"7108","Lemonade - Pineapple Passion","Wiza-Towne","null","null","null","null","null","null","null","null","null","null","null",""
"7109","Lemonade - Pineapple Passion","Wiza-Towne","null","2019","4","16.0000","320.00","3","0","137.28","182.72","null","57.10000",""
"7110","Mushroom - Morels, Dry","Wiza-Towne","null","null","null","null","null","null","null","null","null","null","null",""
"7111","Mushroom - Morels, Dry","Wiza-Towne","null","null","null","null","null","null","null","null","null","null","null",""
"7112","Mushroom - Morels, Dry","Wiza-Towne","null","2019","5","4.0000","84.00","2","0","34.32","49.68","null","59.14286",""
"7113","Mushroom - Morels, Dry","Wiza-Towne","null","null","null","null","null","null","null","null","null","null","null",""
"7114","Lettuce - Green Leaf","Wiza-Towne","null","null","null","null","null","null","null","null","null","null","null",""
"7115","Lettuce - Green Leaf","Wiza-Towne","null","2019","3","1.0000","39.90","1","0","21.96","17.94","null","44.96241",""
"7116","Ecolab - Balanced Fusion","Wiza-Towne","null","null","null","null","null","null","null","null","null","null","null",""
"7117","Ecolab - Balanced Fusion","Wiza-Towne","null","null","null","null","null","null","null","null","null","null","null",""
"7118","Ecolab - Balanced Fusion","Wiza-Towne","null","2019","4","1.0000","65.00","1","0","21.73","43.27","null","66.56923",""
"7119","Ecolab - Balanced Fusion","Wiza-Towne","null","null","null","null","null","null","null","null","null","null","null",""
"7120","Lemonade - Kiwi, 591 Ml","Wiza-Towne","null","null","null","null","null","null","null","null","null","null","null",""
"7121","Lemonade - Kiwi, 591 Ml","Wiza-Towne","null","2019","5","2.0000","136.00","1","0","84.55","51.45","null","37.83088",""
"7122","Lemons","Wiza-Towne","null","null","null","null","null","null","null","null","null","null","null",""
"7123","Lemons","Wiza-Towne","null","null","null","null","null","null","null","null","null","null","null",""
"7124","Cheese - Gouda","Wiza-Towne","null","null","null","null","null","null","null","null","null","null","null",""
"7125","Cheese - Gouda","Wiza-Towne","null","2019","3","4.0000","100.00","1","0","59.67","40.33","null","40.33000",""
"7126","Wine - White, Riesling, Henry Of","Wiza-Towne","null","null","null","null","null","null","null","null","null","null","null",""
"7127","Wine - White, Riesling, Henry Of","Wiza-Towne","null","null","null","null","null","null","null","null","null","null","null",""
"7128","Wine - White, Riesling, Henry Of","Wiza-Towne","null","null","null","null","null","null","null","null","null","null","null",""
"7129","null","null","Customer Total:","null","null","null","1,356.70","null","null","677.88","null","null","null",""
"7130","Wine - White, Riesling, Henry Of","Wiza-Towne","null","null","null","null","null","null","null","null","null","null","null",""
"7131","Wine - White, Riesling, Henry Of","Turcotte-Zulauf","null","null","null","null","null","null","null","null","null","null","null",""
"7132","Rum - Mount Gay Eclipes","Turcotte-Zulauf","null","null","null","null","null","null","null","null","null","null","null",""
"7133","Rum - Mount Gay Eclipes","Turcotte-Zulauf","null","2019","1","2.0000","29.00","1","0","34.15","-5.15","null","-17.75862",""
"7134","Wine - George Duboeuf Rose","Turcotte-Zulauf","null","null","null","null","null","null","null","null","null","null","null",""
"7135","Wine - George Duboeuf Rose","Turcotte-Zulauf","null","null","null","null","null","null","null","null","null","null","null",""
"7136","Orange Roughy 4/6 Oz","Turcotte-Zulauf","null","null","null","null","null","null","null","null","null","null","null",""
"7137","Orange Roughy 4/6 Oz","Turcotte-Zulauf","null","2019","3","1.0000","17.50","1","0","15.30","2.20","null","12.57143",""
"7138","Crab - Dungeness, Whole","Turcotte-Zulauf","null","null","null","null","null","null","null","null","null","null","null",""
"7139","Crab - Dungeness, Whole","Turcotte-Zulauf","null","null","null","null","null","null","null","null","null","null","null",""
"7140","Rabbit - Saddles","Turcotte-Zulauf","null","null","null","null","null","null","null","null","null","null","null",""
"7141","Rabbit - Saddles","Turcotte-Zulauf","null","2019","1","1.0000","62.50","2","2","10.72","4.78","null","30.83871",""
"7142","Beef - Bresaola","Turcotte-Zulauf","null","null","null","null","null","null","null","null","null","null","null",""
"7143","Beef - Bresaola","Turcotte-Zulauf","null","null","null","null","null","null","null","null","null","null","null",""
"7144","Beef - Bresaola","Turcotte-Zulauf","null","2019","2","4.0000","58.00","2","0","44.28","13.72","null","23.65517",""
"7145","Beef - Bresaola","Turcotte-Zulauf","null","null","null","null","null","null","null","null","null","null","null",""
"7146","Beef - Bresaola","Turcotte-Zulauf","null","2019","3","4.0000","62.00","2","0","44.12","17.88","null","28.83871",""
"7147","Beef - Bresaola","Turcotte-Zulauf","null","2019","4","6.0000","87.00","3","0","66.24","20.76","null","23.86207",""
"7148","Beef - Bresaola","Turcotte-Zulauf","null","2019","5","6.0000","87.00","3","0","66.32","20.68","null","23.77011",""
"7149","Beef - Bresaola","Turcotte-Zulauf","null","2019","6","4.0000","58.00","2","0","44.26","13.74","null","23.68966",""
"7150","Beef - Bresaola","Turcotte-Zulauf","null","null","null","null","null","null","null","null","null","null","null",""
"7151","null","null","Customer Total:","null","null","null","461.00","null","null","325.39","null","null","null",""
"7152","Beef - Bresaola","Turcotte-Zulauf","null","null","null","null","null","null","null","null","null","null","null",""
"7153","Beef - Bresaola","Boyle Group","null","null","null","null","null","null","null","null","null","null","null",""
"7154","Rum - Mount Gay Eclipes","Boyle Group","null","null","null","null","null","null","null","null","null","null","null",""
"7155","Rum - Mount Gay Eclipes","Boyle Group","null","2019","3","1.0000","43.00","1","1","17.19","4.31","null","20.04651",""
"7156","Wine - George Duboeuf Rose","Boyle Group","null","null","null","null","null","null","null","null","null","null","null",""
"7157","Wine - George Duboeuf Rose","Boyle Group","null","null","null","null","null","null","null","null","null","null","null",""
"7158","Orange Roughy 4/6 Oz","Boyle Group","null","null","null","null","null","null","null","null","null","null","null",""
"7159","Orange Roughy 4/6 Oz","Boyle Group","null","2019","3","2.0000","36.00","2","0","30.60","5.40","null","15.00000",""
"7160","Crab - Dungeness, Whole","Boyle Group","null","null","null","null","null","null","null","null","null","null","null",""
"7161","Crab - Dungeness, Whole","Boyle Group","null","null","null","null","null","null","null","null","null","null","null",""
"7162","Rabbit - Saddles","Boyle Group","null","null","null","null","null","null","null","null","null","null","null",""
"7163","Rabbit - Saddles","Boyle Group","null","2019","1","4.0000","58.00","2","0","44.06","13.94","null","24.03448",""
"7164","Beef - Bresaola","Boyle Group","null","null","null","null","null","null","null","null","null","null","null",""
"7165","Beef - Bresaola","Boyle Group","null","null","null","null","null","null","null","null","null","null","null",""
"7166","Beef - Bresaola","Boyle Group","null","2019","2","3.0000","43.50","2","0","33.16","10.34","null","23.77011",""
"7167","Beef - Bresaola","Boyle Group","null","null","null","null","null","null","null","null","null","null","null",""
"7168","Beef - Bresaola","Boyle Group","null","2019","3","4.0000","58.00","3","0","44.14","13.86","null","23.89655",""
"7169","Beef - Bresaola","Boyle Group","null","2019","4","2.0000","29.00","1","0","22.08","6.92","null","23.86207",""
"7170","Beef - Bresaola","Boyle Group","null","2019","5","6.0000","87.00","3","0","66.30","20.70","null","23.79310",""
"7171","Beef - Bresaola","Boyle Group","null","2019","6","4.0000","58.00","2","0","44.26","13.74","null","23.68966",""
"7172","Beef - Bresaola","Boyle Group","null","null","null","null","null","null","null","null","null","null","null",""
"7173","null","null","Customer Total:","null","null","null","412.50","null","null","301.79","null","null","null",""
"7174","Beef - Bresaola","Boyle Group","null","null","null","null","null","null","null","null","null","null","null",""
"7175","Beef - Bresaola","Herman, Ziemann and Luettgen","null","null","null","null","null","null","null","null","null","null","null",""
"7176","Octopus","Herman, Ziemann and Luettgen","null","null","null","null","null","null","null","null","null","null","null",""
"7177","Octopus","Herman, Ziemann and Luettgen","null","2019","3","1.0000","20.00","1","0","16.67","3.33","null","16.65000",""
"7178","Veal - Ground","Herman, Ziemann and Luettgen","null","null","null","null","null","null","null","null","null","null","null",""
"7179","Veal - Ground","Herman, Ziemann and Luettgen","null","null","null","null","null","null","null","null","null","null","null",""
"7180","Rabbit - Saddles","Herman, Ziemann and Luettgen","null","null","null","null","null","null","null","null","null","null","null",""
"7181","Rabbit - Saddles","Herman, Ziemann and Luettgen","null","2019","1","5.0000","87.00","5","1","55.13","17.37","null","23.95862",""
"7182","Beef - Bresaola","Herman, Ziemann and Luettgen","null","null","null","null","null","null","null","null","null","null","null",""
"7183","Beef - Bresaola","Herman, Ziemann and Luettgen","null","null","null","null","null","null","null","null","null","null","null",""
"7184","Beef - Bresaola","Herman, Ziemann and Luettgen","null","2019","2","2.0000","29.00","2","0","22.13","6.87","null","23.68966",""
"7185","Beef - Bresaola","Herman, Ziemann and Luettgen","null","null","null","null","null","null","null","null","null","null","null",""
"7186","Beef - Bresaola","Herman, Ziemann and Luettgen","null","2019","3","2.0000","29.00","2","0","22.07","6.93","null","23.89655",""
"7187","Beef - Bresaola","Herman, Ziemann and Luettgen","null","2019","4","5.0000","72.50","5","0","55.20","17.30","null","23.86207",""
"7188","Beef - Bresaola","Herman, Ziemann and Luettgen","null","2019","5","1.0000","14.50","1","0","11.06","3.44","null","23.72414",""
"7189","Tomatoes - Heirloom","Herman, Ziemann and Luettgen","null","null","null","null","null","null","null","null","null","null","null",""
"7190","Tomatoes - Heirloom","Herman, Ziemann and Luettgen","null","2019","3","1.0000","15.00","1","0","9.56","5.44","null","36.26667",""
"7191","Wine - Red, Metus Rose","Herman, Ziemann and Luettgen","null","null","null","null","null","null","null","null","null","null","null",""
"7192","Wine - Red, Metus Rose","Herman, Ziemann and Luettgen","null","null","null","null","null","null","null","null","null","null","null",""
"7193","Wine - Red, Metus Rose","Herman, Ziemann and Luettgen","null","null","null","null","null","null","null","null","null","null","null",""
"7194","null","null","Customer Total:","null","null","null","267.00","null","null","191.82","null","null","null",""
"7195","Wine - Red, Metus Rose","Herman, Ziemann and Luettgen","null","null","null","null","null","null","null","null","null","null","null",""
"7196","Wine - Red, Metus Rose","Renner LLC","null","null","null","null","null","null","null","null","null","null","null",""
"7197","Rum - Mount Gay Eclipes","Renner LLC","null","null","null","null","null","null","null","null","null","null","null",""
"7198","Rum - Mount Gay Eclipes","Renner LLC","null","2019","4","1.0000","23.00","1","0","17.18","5.82","null","25.30435",""
"7199","Wine - George Duboeuf Rose","Renner LLC","null","null","null","null","null","null","null","null","null","null","null",""
"7200","Wine - George Duboeuf Rose","Renner LLC","null","null","null","null","null","null","null","null","null","null","null",""
"7201","Orange Roughy 4/6 Oz","Renner LLC","null","null","null","null","null","null","null","null","null","null","null",""
"7202","Orange Roughy 4/6 Oz","Renner LLC","null","2019","6","1.0000","18.00","1","0","15.30","2.70","null","15.00000",""
"7203","Crab - Dungeness, Whole","Renner LLC","null","null","null","null","null","null","null","null","null","null","null",""
"7204","Crab - Dungeness, Whole","Renner LLC","null","null","null","null","null","null","null","null","null","null","null",""
"7205","Rabbit - Saddles","Renner LLC","null","null","null","null","null","null","null","null","null","null","null",""
"7206","Rabbit - Saddles","Renner LLC","null","2019","1","10.0000","145.00","5","0","110.41","34.59","null","23.85517",""
"7207","Beef - Bresaola","Renner LLC","null","null","null","null","null","null","null","null","null","null","null",""
"7208","Beef - Bresaola","Renner LLC","null","null","null","null","null","null","null","null","null","null","null",""
"7209","Beef - Bresaola","Renner LLC","null","2019","2","3.0000","43.50","2","0","33.07","10.43","null","23.97701",""
"7210","Beef - Bresaola","Renner LLC","null","null","null","null","null","null","null","null","null","null","null",""
"7211","Beef - Bresaola","Renner LLC","null","2019","3","10.0000","145.00","5","0","110.36","34.64","null","23.88966",""
"7212","Beef - Bresaola","Renner LLC","null","2019","4","5.0000","72.50","3","0","55.20","17.30","null","23.86207",""
"7213","Beef - Bresaola","Renner LLC","null","2019","5","6.0000","87.00","3","0","66.26","20.74","null","23.83908",""
"7214","Beef - Bresaola","Renner LLC","null","2019","6","5.0000","72.50","3","0","55.32","17.18","null","23.69655",""
"7215","Beef - Bresaola","Renner LLC","null","null","null","null","null","null","null","null","null","null","null",""
"7216","null","null","Customer Total:","null","null","null","606.50","null","null","463.10","null","null","null",""
"7217","Beef - Bresaola","Renner LLC","null","null","null","null","null","null","null","null","null","null","null",""
"7218","Beef - Bresaola","Runolfsson Inc","null","null","null","null","null","null","null","null","null","null","null",""
"7219","Rum - Mount Gay Eclipes","Runolfsson Inc","null","null","null","null","null","null","null","null","null","null","null",""
"7220","Rum - Mount Gay Eclipes","Runolfsson Inc","null","2019","3","1.0000","21.00","1","0","17.17","3.83","null","18.23810",""
"7221","Wine - George Duboeuf Rose","Runolfsson Inc","null","null","null","null","null","null","null","null","null","null","null",""
"7222","Wine - George Duboeuf Rose","Runolfsson Inc","null","null","null","null","null","null","null","null","null","null","null",""
"7223","Rabbit - Saddles","Runolfsson Inc","null","null","null","null","null","null","null","null","null","null","null",""
"7224","Rabbit - Saddles","Runolfsson Inc","null","2019","6","3.0000","43.50","3","0","33.21","10.29","null","23.65517",""
"7225","Beef - Bresaola","Runolfsson Inc","null","null","null","null","null","null","null","null","null","null","null",""
"7226","Beef - Bresaola","Runolfsson Inc","null","null","null","null","null","null","null","null","null","null","null",""
"7227","Beef - Bresaola","Runolfsson Inc","null","null","null","null","null","null","null","null","null","null","null",""
"7228","null","null","Customer Total:","null","null","null","64.50","null","null","50.38","null","null","null",""
"7229","Beef - Bresaola","Runolfsson Inc","null","null","null","null","null","null","null","null","null","null","null",""
"7230","Beef - Bresaola","Zulauf LLC","null","null","null","null","null","null","null","null","null","null","null",""
"7231","Rabbit - Saddles","Zulauf LLC","null","null","null","null","null","null","null","null","null","null","null",""
"7232","Rabbit - Saddles","Zulauf LLC","null","2019","5","2.0000","28.50","2","0","22.10","6.40","null","22.45614",""
"7233","Beef - Bresaola","Zulauf LLC","null","null","null","null","null","null","null","null","null","null","null",""
"7234","Beef - Bresaola","Zulauf LLC","null","null","null","null","null","null","null","null","null","null","null",""
"7235","Beef - Bresaola","Zulauf LLC","null","2019","6","1.0000","14.50","1","0","11.07","3.43","null","23.65517",""
"7236","Beef - Bresaola","Zulauf LLC","null","null","null","null","null","null","null","null","null","null","null",""
"7237","Beef - Bresaola","Zulauf LLC","null","null","null","null","null","null","null","null","null","null","null",""
"7238","null","null","Customer Total:","null","null","null","43.00","null","null","33.17","null","null","null",""
"7239","Beef - Bresaola","Zulauf LLC","null","null","null","null","null","null","null","null","null","null","null",""
"7240","Beef - Bresaola","Hilll Inc","null","null","null","null","null","null","null","null","null","null","null",""
"7241","V8 Splash Strawberry Banana","Hilll Inc","null","null","null","null","null","null","null","null","null","null","null",""
"7242","V8 Splash Strawberry Banana","Hilll Inc","null","2019","5","3.0000","106.50","1","0","56.30","50.20","null","47.13615",""
"7243","Soup Knorr Chili With Beans","Hilll Inc","null","null","null","null","null","null","null","null","null","null","null",""
"7244","Soup Knorr Chili With Beans","Hilll Inc","null","null","null","null","null","null","null","null","null","null","null",""
"7245","Goldschalger","Hilll Inc","null","null","null","null","null","null","null","null","null","null","null",""
"7246","Goldschalger","Hilll Inc","null","2019","3","30.0000","450.00","1","0","189.74","260.26","null","57.83556",""
"7247","Table Cloth 91x91 Colour","Hilll Inc","null","null","null","null","null","null","null","null","null","null","null",""
"7248","Table Cloth 91x91 Colour","Hilll Inc","null","null","null","null","null","null","null","null","null","null","null",""
"7249","Table Cloth 91x91 Colour","Hilll Inc","null","2019","5","30.0000","450.00","1","0","189.74","260.26","null","57.83556",""
"7250","Table Cloth 91x91 Colour","Hilll Inc","null","null","null","null","null","null","null","null","null","null","null",""
"7251","null","null","Customer Total:","null","null","null","1,006.50","null","null","435.78","null","null","null",""
"7252","Table Cloth 91x91 Colour","Hilll Inc","null","null","null","null","null","null","null","null","null","null","null",""
"7253","Table Cloth 91x91 Colour","Veum, Grady and Koepp","null","null","null","null","null","null","null","null","null","null","null",""
"7254","Rum - Mount Gay Eclipes","Veum, Grady and Koepp","null","null","null","null","null","null","null","null","null","null","null",""
"7255","Rum - Mount Gay Eclipes","Veum, Grady and Koepp","null","2019","4","0.2000","4.00","1","0","3.44","0.56","null","14.00000",""
"7256","Wine - George Duboeuf Rose","Veum, Grady and Koepp","null","null","null","null","null","null","null","null","null","null","null",""
"7257","Wine - George Duboeuf Rose","Veum, Grady and Koepp","null","null","null","null","null","null","null","null","null","null","null",""
"7258","Tomatoes - Heirloom","Veum, Grady and Koepp","null","null","null","null","null","null","null","null","null","null","null",""
"7259","Tomatoes - Heirloom","Veum, Grady and Koepp","null","2019","2","0.2000","2.80","1","0","1.91","0.89","null","31.78571",""
"7260","Wine - Red, Metus Rose","Veum, Grady and Koepp","null","null","null","null","null","null","null","null","null","null","null",""
"7261","Wine - Red, Metus Rose","Veum, Grady and Koepp","null","null","null","null","null","null","null","null","null","null","null",""
"7262","Wine - Red, Metus Rose","Veum, Grady and Koepp","null","2019","3","0.4000","5.00","1","0","3.83","1.17","null","23.40000",""
"7263","Wine - Red, Metus Rose","Veum, Grady and Koepp","null","null","null","null","null","null","null","null","null","null","null",""
"7264","Flour - Teff","Veum, Grady and Koepp","null","null","null","null","null","null","null","null","null","null","null",""
"7265","Flour - Teff","Veum, Grady and Koepp","null","2019","1","1.0000","14.00","1","0","10.50","3.50","null","25.00000",""
"7266","Cheese - Mozzarella, Buffalo","Veum, Grady and Koepp","null","null","null","null","null","null","null","null","null","null","null",""
"7267","Cheese - Mozzarella, Buffalo","Veum, Grady and Koepp","null","null","null","null","null","null","null","null","null","null","null",""
"7268","Sugar - Palm","Veum, Grady and Koepp","null","null","null","null","null","null","null","null","null","null","null",""
"7269","Sugar - Palm","Veum, Grady and Koepp","null","2019","2","0.1000","2.00","1","0","1.78","0.22","null","11.00000",""
"7270","Tarragon - Fresh","Veum, Grady and Koepp","null","null","null","null","null","null","null","null","null","null","null",""
"7271","Tarragon - Fresh","Veum, Grady and Koepp","null","null","null","null","null","null","null","null","null","null","null",""
"7272","Tarragon - Fresh","Veum, Grady and Koepp","null","2019","3","0.4000","10.00","1","0","7.10","2.90","null","29.00000",""
"7273","Tarragon - Fresh","Veum, Grady and Koepp","null","null","null","null","null","null","null","null","null","null","null",""
"7274","Pepper - Roasted Red","Veum, Grady and Koepp","null","null","null","null","null","null","null","null","null","null","null",""
"7275","Pepper - Roasted Red","Veum, Grady and Koepp","null","2019","3","1.0000","10.33","1","0","3.22","7.11","null","68.82865",""
"7276","Iced Tea - Lemon, 460 Ml","Veum, Grady and Koepp","null","null","null","null","null","null","null","null","null","null","null",""
"7277","Iced Tea - Lemon, 460 Ml","Veum, Grady and Koepp","null","null","null","null","null","null","null","null","null","null","null",""
"7278","Island Oasis - Cappucino Mix","Veum, Grady and Koepp","null","null","null","null","null","null","null","null","null","null","null",""
"7279","Island Oasis - Cappucino Mix","Veum, Grady and Koepp","null","2019","3","0.6666","11.67","1","0","6.08","5.59","null","47.90060",""
"7280","Tomato - Tricolor Cherry","Veum, Grady and Koepp","null","null","null","null","null","null","null","null","null","null","null",""
"7281","Tomato - Tricolor Cherry","Veum, Grady and Koepp","null","null","null","null","null","null","null","null","null","null","null",""
"7282","Chocolate - Milk, Callets","Veum, Grady and Koepp","null","null","null","null","null","null","null","null","null","null","null",""
"7283","Chocolate - Milk, Callets","Veum, Grady and Koepp","null","2019","3","1.0000","19.50","1","0","12.60","6.90","null","35.38462",""
"7284","Coconut - Shredded, Sweet","Veum, Grady and Koepp","null","null","null","null","null","null","null","null","null","null","null",""
"7285","Coconut - Shredded, Sweet","Veum, Grady and Koepp","null","null","null","null","null","null","null","null","null","null","null",""
"7286","Pomegranates","Veum, Grady and Koepp","null","null","null","null","null","null","null","null","null","null","null",""
"7287","Pomegranates","Veum, Grady and Koepp","null","2019","5","11.0000","220.00","1","0","145.57","74.43","null","33.83182",""
"7288","Bread - Malt","Veum, Grady and Koepp","null","null","null","null","null","null","null","null","null","null","null",""
"7289","Bread - Malt","Veum, Grady and Koepp","null","null","null","null","null","null","null","null","null","null","null",""
"7290","Bread - Malt","Veum, Grady and Koepp","null","2019","6","30.0000","330.00","1","0","397.02","-67.02","null","-20.30909",""
"7291","Bread - Malt","Veum, Grady and Koepp","null","null","null","null","null","null","null","null","null","null","null",""
"7292","Cleaner - Comet","Veum, Grady and Koepp","null","null","null","null","null","null","null","null","null","null","null",""
"7293","Cleaner - Comet","Veum, Grady and Koepp","null","2019","6","1.0000","40.00","1","0","18.67","21.33","null","53.32500",""
"7294","Wine - Pinot Noir Latour","Veum, Grady and Koepp","null","null","null","null","null","null","null","null","null","null","null",""
"7295","Wine - Pinot Noir Latour","Veum, Grady and Koepp","null","null","null","null","null","null","null","null","null","null","null",""
"7296","Egg - Salad Premix","Veum, Grady and Koepp","null","null","null","null","null","null","null","null","null","null","null",""
"7297","Egg - Salad Premix","Veum, Grady and Koepp","null","2019","6","1.0000","32.50","1","0","31.53","0.97","null","2.98462",""
"7298","Tomatoes - Roma","Veum, Grady and Koepp","null","null","null","null","null","null","null","null","null","null","null",""
"7299","Tomatoes - Roma","Veum, Grady and Koepp","null","null","null","null","null","null","null","null","null","null","null",""
"7300","Gatorade - Xfactor Berry","Veum, Grady and Koepp","null","null","null","null","null","null","null","null","null","null","null",""
"7301","Gatorade - Xfactor Berry","Veum, Grady and Koepp","null","2019","5","1.0000","25.00","1","0","24.07","0.93","null","3.72000",""
"7302","Muffins - Assorted","Veum, Grady and Koepp","null","null","null","null","null","null","null","null","null","null","null",""
"7303","Muffins - Assorted","Veum, Grady and Koepp","null","null","null","null","null","null","null","null","null","null","null",""
"7304","Honey - Liquid","Veum, Grady and Koepp","null","null","null","null","null","null","null","null","null","null","null",""
"7305","Honey - Liquid","Veum, Grady and Koepp","null","2019","6","1.0000","11.00","1","0","9.37","1.63","null","14.81818",""
"7306","Fresh Sea Asparagus 1lb","Veum, Grady and Koepp","null","null","null","null","null","null","null","null","null","null","null",""
"7307","Fresh Sea Asparagus 1lb","Veum, Grady and Koepp","null","null","null","null","null","null","null","null","null","null","null",""
"7308","Milk - 2% 250 Ml","Veum, Grady and Koepp","null","null","null","null","null","null","null","null","null","null","null",""
"7309","Milk - 2% 250 Ml","Veum, Grady and Koepp","null","2019","3","1.0000","10.50","1","0","40.22","-29.72","null","-283.04762",""
"7310","Beer - Alexander Kieths, Pale Ale","Veum, Grady and Koepp","null","null","null","null","null","null","null","null","null","null","null",""
"7311","Beer - Alexander Kieths, Pale Ale","Veum, Grady and Koepp","null","null","null","null","null","null","null","null","null","null","null",""
"7312","Chocolate - Milk","Veum, Grady and Koepp","null","null","null","null","null","null","null","null","null","null","null",""
"7313","Chocolate - Milk","Veum, Grady and Koepp","null","2019","2","0.1250","8.70","1","0","4.71","3.99","null","45.86207",""
"7314","Fresh Shallots 8x5lbs/cs","Veum, Grady and Koepp","null","null","null","null","null","null","null","null","null","null","null",""
"7315","Fresh Shallots 8x5lbs/cs","Veum, Grady and Koepp","null","null","null","null","null","null","null","null","null","null","null",""
"7316","Pepper - Jalapeno","Veum, Grady and Koepp","null","null","null","null","null","null","null","null","null","null","null",""
"7317","Pepper - Jalapeno","Veum, Grady and Koepp","null","2019","2","1.0000","7.50","1","0","4.66","2.84","null","37.86667",""
"7318","Thyme - Fresh","Veum, Grady and Koepp","null","null","null","null","null","null","null","null","null","null","null",""
"7319","Thyme - Fresh","Veum, Grady and Koepp","null","null","null","null","null","null","null","null","null","null","null",""
"7320","Thyme - Fresh","Veum, Grady and Koepp","null","null","null","null","null","null","null","null","null","null","null",""
"7321","null","null","Customer Total:","null","null","null","764.50","null","null","726.28","null","null","null",""
"7322","Thyme - Fresh","Veum, Grady and Koepp","null","null","null","null","null","null","null","null","null","null","null",""
"7323","Thyme - Fresh","Morar Group","null","null","null","null","null","null","null","null","null","null","null",""
"7324","Tea - Earl Grey","Morar Group","null","null","null","null","null","null","null","null","null","null","null",""
"7325","Tea - Earl Grey","Morar Group","null","2019","3","2.0000","26.00","2","0","20.02","5.98","null","23.00000",""
"7326","Wine - Red, Metus Rose","Morar Group","null","null","null","null","null","null","null","null","null","null","null",""
"7327","Wine - Red, Metus Rose","Morar Group","null","null","null","null","null","null","null","null","null","null","null",""
"7328","Beef - Bresaola","Morar Group","null","null","null","null","null","null","null","null","null","null","null",""
"7329","Beef - Bresaola","Morar Group","null","2019","1","1.0000","17.50","1","0","17.55","-0.05","null","-0.28571",""
"7330","Trout - Smoked","Morar Group","null","null","null","null","null","null","null","null","null","null","null",""
"7331","Trout - Smoked","Morar Group","null","null","null","null","null","null","null","null","null","null","null",""
"7332","Trout - Smoked","Morar Group","null","2019","6","3.0000","52.50","2","0","52.65","-0.15","null","-0.28571",""
"7333","Trout - Smoked","Morar Group","null","null","null","null","null","null","null","null","null","null","null",""
"7334","Orange Roughy 4/6 Oz","Morar Group","null","null","null","null","null","null","null","null","null","null","null",""
"7335","Orange Roughy 4/6 Oz","Morar Group","null","2019","1","1.0000","18.00","1","0","15.44","2.56","null","14.22222",""
"7336","Crab - Dungeness, Whole","Morar Group","null","null","null","null","null","null","null","null","null","null","null",""
"7337","Crab - Dungeness, Whole","Morar Group","null","null","null","null","null","null","null","null","null","null","null",""
"7338","Crab - Dungeness, Whole","Morar Group","null","2019","2","3.0000","52.50","3","0","46.00","6.50","null","12.38095",""
"7339","Crab - Dungeness, Whole","Morar Group","null","null","null","null","null","null","null","null","null","null","null",""
"7340","Crab - Dungeness, Whole","Morar Group","null","2019","3","3.0000","52.50","1","0","45.91","6.59","null","12.55238",""
"7341","Crab - Dungeness, Whole","Morar Group","null","2019","6","1.0000","17.50","1","0","15.30","2.20","null","12.57143",""
"7342","Rabbit - Saddles","Morar Group","null","null","null","null","null","null","null","null","null","null","null",""
"7343","Rabbit - Saddles","Morar Group","null","2019","1","3.0000","46.50","3","0","33.15","13.35","null","28.70968",""
"7344","Beef - Bresaola","Morar Group","null","null","null","null","null","null","null","null","null","null","null",""
"7345","Beef - Bresaola","Morar Group","null","null","null","null","null","null","null","null","null","null","null",""
"7346","Beef - Bresaola","Morar Group","null","2019","2","7.0000","100.26","5","0","77.20","23.06","null","23.00020",""
"7347","Beef - Bresaola","Morar Group","null","null","null","null","null","null","null","null","null","null","null",""
"7348","Beef - Bresaola","Morar Group","null","2019","3","3.0000","43.50","2","0","33.09","10.41","null","23.93103",""
"7349","Beef - Bresaola","Morar Group","null","2019","4","5.0000","72.50","5","0","55.20","17.30","null","23.86207",""
"7350","Beef - Bresaola","Morar Group","null","2019","5","7.0000","101.50","6","0","77.35","24.15","null","23.79310",""
"7351","Beef - Bresaola","Morar Group","null","2019","6","1.0000","15.00","1","0","11.07","3.93","null","26.20000",""
"7352","Tomatoes - Heirloom","Morar Group","null","null","null","null","null","null","null","null","null","null","null",""
"7353","Tomatoes - Heirloom","Morar Group","null","2019","1","0.5000","6.60","2","0","4.71","1.89","null","28.63636",""
"7354","Wine - Red, Metus Rose","Morar Group","null","null","null","null","null","null","null","null","null","null","null",""
"7355","Wine - Red, Metus Rose","Morar Group","null","null","null","null","null","null","null","null","null","null","null",""
"7356","Kippers - Smoked","Morar Group","null","null","null","null","null","null","null","null","null","null","null",""
"7357","Kippers - Smoked","Morar Group","null","2019","1","1.1400","23.37","2","0","16.53","6.84","null","29.26829",""
"7358","Fresh Portabella - 5lbs","Morar Group","null","null","null","null","null","null","null","null","null","null","null",""
"7359","Fresh Portabella - 5lbs","Morar Group","null","null","null","null","null","null","null","null","null","null","null",""
"7360","Fresh Portabella - 5lbs","Morar Group","null","2019","6","0.2000","5.00","1","0","2.92","2.08","null","41.60000",""
"7361","Fresh Portabella - 5lbs","Morar Group","null","null","null","null","null","null","null","null","null","null","null",""
"7362","Sugar - Palm","Morar Group","null","null","null","null","null","null","null","null","null","null","null",""
"7363","Sugar - Palm","Morar Group","null","2019","1","0.1000","3.03","1","0","1.61","1.42","null","46.86469",""
"7364","Tarragon - Fresh","Morar Group","null","null","null","null","null","null","null","null","null","null","null",""
"7365","Tarragon - Fresh","Morar Group","null","null","null","null","null","null","null","null","null","null","null",""
"7366","Tarragon - Fresh","Morar Group","null","2019","2","1.0000","6.05","1","0","17.75","-11.70","null","-193.38843",""
"7367","Tarragon - Fresh","Morar Group","null","null","null","null","null","null","null","null","null","null","null",""
"7368","Soupcontfoam16oz 116con","Morar Group","null","null","null","null","null","null","null","null","null","null","null",""
"7369","Soupcontfoam16oz 116con","Morar Group","null","2019","1","0.0454","1.85","1","0","0.77","1.08","null","58.37838",""
"7370","Lime Cordial - Roses","Morar Group","null","null","null","null","null","null","null","null","null","null","null",""
"7371","Lime Cordial - Roses","Morar Group","null","null","null","null","null","null","null","null","null","null","null",""
"7372","Pears - Bartlett","Morar Group","null","null","null","null","null","null","null","null","null","null","null",""
"7373","Pears - Bartlett","Morar Group","null","2019","2","2.0000","14.30","2","0","29.88","-15.58","null","-108.95105",""
"7374","Garbage Bag - Clear","Morar Group","null","null","null","null","null","null","null","null","null","null","null",""
"7375","Garbage Bag - Clear","Morar Group","null","null","null","null","null","null","null","null","null","null","null",""
"7376","Beef - Bones, Marrow","Morar Group","null","null","null","null","null","null","null","null","null","null","null",""
"7377","Beef - Bones, Marrow","Morar Group","null","2019","1","0.0454","2.91","1","0","1.24","1.67","null","57.38832",""
"7378","Lamb - Ground","Morar Group","null","null","null","null","null","null","null","null","null","null","null",""
"7379","Lamb - Ground","Morar Group","null","null","null","null","null","null","null","null","null","null","null",""
"7380","Hand Towel","Morar Group","null","null","null","null","null","null","null","null","null","null","null",""
"7381","Hand Towel","Morar Group","null","2019","1","0.0250","1.88","1","0","0.68","1.20","null","63.82979",""
"7382","Bulgar","Morar Group","null","null","null","null","null","null","null","null","null","null","null",""
"7383","Bulgar","Morar Group","null","null","null","null","null","null","null","null","null","null","null",""
"7384","Tomatoes","Morar Group","null","null","null","null","null","null","null","null","null","null","null",""
"7385","Tomatoes","Morar Group","null","2019","4","0.3333","4.00","1","0","1.34","2.66","null","66.50000",""
"7386","Chinese Foods - Plain Fried Rice","Morar Group","null","null","null","null","null","null","null","null","null","null","null",""
"7387","Chinese Foods - Plain Fried Rice","Morar Group","null","null","null","null","null","null","null","null","null","null","null",""
"7388","Flour - Bran, Red","Morar Group","null","null","null","null","null","null","null","null","null","null","null",""
"7389","Flour - Bran, Red","Morar Group","null","2019","2","0.4000","6.20","1","0","5.04","1.16","null","18.70968",""
"7390","Artichokes - Jerusalem","Morar Group","null","null","null","null","null","null","null","null","null","null","null",""
"7391","Artichokes - Jerusalem","Morar Group","null","null","null","null","null","null","null","null","null","null","null",""
"7392","Artichokes - Jerusalem","Morar Group","null","2019","6","0.4000","6.20","1","0","4.98","1.22","null","19.67742",""
"7393","Artichokes - Jerusalem","Morar Group","null","null","null","null","null","null","null","null","null","null","null",""
"7394","Crackers - Soda / Saltins","Morar Group","null","null","null","null","null","null","null","null","null","null","null",""
"7395","Crackers - Soda / Saltins","Morar Group","null","2019","6","2.4000","19.60","2","0","39.04","-19.44","null","-99.18367",""
"7396","Pastry - Baked Cinnamon Stick","Morar Group","null","null","null","null","null","null","null","null","null","null","null",""
"7397","Pastry - Baked Cinnamon Stick","Morar Group","null","null","null","null","null","null","null","null","null","null","null",""
"7398","Caviar - Salmon","Morar Group","null","null","null","null","null","null","null","null","null","null","null",""
"7399","Caviar - Salmon","Morar Group","null","2019","3","1.0000","24.50","1","0","11.15","13.35","null","54.48980",""
"7400","Asparagus - Mexican","Morar Group","null","null","null","null","null","null","null","null","null","null","null",""
"7401","Asparagus - Mexican","Morar Group","null","null","null","null","null","null","null","null","null","null","null",""
"7402","Asparagus - Mexican","Morar Group","null","2019","4","1.3333","35.00","2","0","14.87","20.13","null","57.51429",""
"7403","Asparagus - Mexican","Morar Group","null","null","null","null","null","null","null","null","null","null","null",""
"7404","Beef - Ox Tongue","Morar Group","null","null","null","null","null","null","null","null","null","null","null",""
"7405","Beef - Ox Tongue","Morar Group","null","2019","2","2.0000","20.00","1","0","12.70","7.30","null","36.50000",""
"7406","Soup - Campbells, Butternut","Morar Group","null","null","null","null","null","null","null","null","null","null","null",""
"7407","Soup - Campbells, Butternut","Morar Group","null","null","null","null","null","null","null","null","null","null","null",""
"7408","Soup - Campbells, Butternut","Morar Group","null","2019","3","2.0000","20.50","1","0","12.70","7.80","null","38.04878",""
"7409","Soup - Campbells, Butternut","Morar Group","null","null","null","null","null","null","null","null","null","null","null",""
"7410","Pomegranates","Morar Group","null","null","null","null","null","null","null","null","null","null","null",""
"7411","Pomegranates","Morar Group","null","2019","5","5.0000","120.00","1","0","62.50","57.50","null","47.91667",""
"7412","Bread - Malt","Morar Group","null","null","null","null","null","null","null","null","null","null","null",""
"7413","Bread - Malt","Morar Group","null","null","null","null","null","null","null","null","null","null","null",""
"7414","Bread - Malt","Morar Group","null","2019","6","13.0000","166.00","3","0","172.04","-6.04","null","-3.63855",""
"7415","Bread - Malt","Morar Group","null","null","null","null","null","null","null","null","null","null","null",""
"7416","V8 - Vegetable Cocktail","Morar Group","null","null","null","null","null","null","null","null","null","null","null",""
"7417","V8 - Vegetable Cocktail","Morar Group","null","2019","1","1.0000","7.00","1","0","5.42","1.58","null","22.57143",""
"7418","Creme De Banane - Marie","Morar Group","null","null","null","null","null","null","null","null","null","null","null",""
"7419","Creme De Banane - Marie","Morar Group","null","null","null","null","null","null","null","null","null","null","null",""
"7420","Creme De Banane - Marie","Morar Group","null","2019","2","14.0000","98.00","3","0","75.74","22.26","null","22.71429",""
"7421","Creme De Banane - Marie","Morar Group","null","null","null","null","null","null","null","null","null","null","null",""
"7422","Creme De Banane - Marie","Morar Group","null","2019","3","6.0000","42.00","3","0","32.46","9.54","null","22.71429",""
"7423","Creme De Banane - Marie","Morar Group","null","2019","5","2.0000","14.00","2","0","10.82","3.18","null","22.71429",""
"7424","Creme De Banane - Marie","Morar Group","null","2019","6","4.0000","28.00","3","0","21.64","6.36","null","22.71429",""
"7425","Coconut - Shredded, Sweet","Morar Group","null","null","null","null","null","null","null","null","null","null","null",""
"7426","Coconut - Shredded, Sweet","Morar Group","null","2019","1","1.0000","35.10","1","0","9.72","25.38","null","72.30769",""
"7427","Nestea - Iced Tea","Morar Group","null","null","null","null","null","null","null","null","null","null","null",""
"7428","Nestea - Iced Tea","Morar Group","null","null","null","null","null","null","null","null","null","null","null",""
"7429","Nestea - Iced Tea","Morar Group","null","2019","2","1.0000","35.10","1","0","9.72","25.38","null","72.30769",""
"7430","Nestea - Iced Tea","Morar Group","null","null","null","null","null","null","null","null","null","null","null",""
"7431","Cheese - Goat With Herbs","Morar Group","null","null","null","null","null","null","null","null","null","null","null",""
"7432","Cheese - Goat With Herbs","Morar Group","null","2019","2","2.0000","45.60","1","0","28.40","17.20","null","37.71930",""
"7433","Dried Portabello 1#/pp","Morar Group","null","null","null","null","null","null","null","null","null","null","null",""
"7434","Dried Portabello 1#/pp","Morar Group","null","null","null","null","null","null","null","null","null","null","null",""
"7435","Beans - Wax","Morar Group","null","null","null","null","null","null","null","null","null","null","null",""
"7436","Beans - Wax","Morar Group","null","2019","1","4.0000","64.00","1","0","25.28","38.72","null","60.50000",""
"7437","Pepper - Cubanelle","Morar Group","null","null","null","null","null","null","null","null","null","null","null",""
"7438","Pepper - Cubanelle","Morar Group","null","null","null","null","null","null","null","null","null","null","null",""
"7439","Lemonade - Pineapple Passion","Morar Group","null","null","null","null","null","null","null","null","null","null","null",""
"7440","Lemonade - Pineapple Passion","Morar Group","null","2019","1","2.0000","40.00","1","0","16.93","23.07","null","57.67500",""
"7441","Mushroom - Morels, Dry","Morar Group","null","null","null","null","null","null","null","null","null","null","null",""
"7442","Mushroom - Morels, Dry","Morar Group","null","null","null","null","null","null","null","null","null","null","null",""
"7443","Sea Urchin","Morar Group","null","null","null","null","null","null","null","null","null","null","null",""
"7444","Sea Urchin","Morar Group","null","2019","5","1.0000","11.00","1","0","4.24","6.76","null","61.45455",""
"7445","Juice - V8 Splash","Morar Group","null","null","null","null","null","null","null","null","null","null","null",""
"7446","Juice - V8 Splash","Morar Group","null","null","null","null","null","null","null","null","null","null","null",""
"7447","Bagel - Sesame Seed Presliced","Morar Group","null","null","null","null","null","null","null","null","null","null","null",""
"7448","Bagel - Sesame Seed Presliced","Morar Group","null","2019","2","1.0000","19.50","1","0","9.63","9.87","null","50.61538",""
"7449","Dried Sliced Shiitake 1lb","Morar Group","null","null","null","null","null","null","null","null","null","null","null",""
"7450","Dried Sliced Shiitake 1lb","Morar Group","null","null","null","null","null","null","null","null","null","null","null",""
"7451","Lettuce - Green Leaf","Morar Group","null","null","null","null","null","null","null","null","null","null","null",""
"7452","Lettuce - Green Leaf","Morar Group","null","2019","2","1.0000","65.00","1","0","22.39","42.61","null","65.55385",""
"7453","Ecolab - Balanced Fusion","Morar Group","null","null","null","null","null","null","null","null","null","null","null",""
"7454","Ecolab - Balanced Fusion","Morar Group","null","null","null","null","null","null","null","null","null","null","null",""
"7455","Ecolab - Balanced Fusion","Morar Group","null","2019","3","1.0000","60.00","1","0","21.96","38.04","null","63.40000",""
"7456","Ecolab - Balanced Fusion","Morar Group","null","null","null","null","null","null","null","null","null","null","null",""
"7457","Hot Chocolate - Individual","Morar Group","null","null","null","null","null","null","null","null","null","null","null",""
"7458","Hot Chocolate - Individual","Morar Group","null","2019","3","1.0000","38.00","1","0","11.85","26.15","null","68.81579",""
"7459","Cucumber - Pickling Ontario","Morar Group","null","null","null","null","null","null","null","null","null","null","null",""
"7460","Cucumber - Pickling Ontario","Morar Group","null","null","null","null","null","null","null","null","null","null","null",""
"7461","V8 Splash Strawberry Banana","Morar Group","null","null","null","null","null","null","null","null","null","null","null",""
"7462","V8 Splash Strawberry Banana","Morar Group","null","2019","2","1.0000","40.00","1","0","15.79","24.21","null","60.52500",""
"7463","Soup Knorr Chili With Beans","Morar Group","null","null","null","null","null","null","null","null","null","null","null",""
"7464","Soup Knorr Chili With Beans","Morar Group","null","null","null","null","null","null","null","null","null","null","null",""
"7465","Tomatoes Tear Drop","Morar Group","null","null","null","null","null","null","null","null","null","null","null",""
"7466","Tomatoes Tear Drop","Morar Group","null","2019","3","1.0000","6.00","1","0","1.10","4.90","null","81.66667",""
"7467","Porcini Powder 40g","Morar Group","null","null","null","null","null","null","null","null","null","null","null",""
"7468","Porcini Powder 40g","Morar Group","null","null","null","null","null","null","null","null","null","null","null",""
"7469","Lemonade - Kiwi, 591 Ml","Morar Group","null","null","null","null","null","null","null","null","null","null","null",""
"7470","Lemonade - Kiwi, 591 Ml","Morar Group","null","2019","1","1.0000","67.30","1","0","48.78","18.52","null","27.51857",""
"7471","Lemons","Morar Group","null","null","null","null","null","null","null","null","null","null","null",""
"7472","Lemons","Morar Group","null","null","null","null","null","null","null","null","null","null","null",""
"7473","Lemons","Morar Group","null","2019","2","1.0000","67.30","1","0","48.78","18.52","null","27.51857",""
"7474","Lemons","Morar Group","null","null","null","null","null","null","null","null","null","null","null",""
"7475","Mcguinness - Blue Curacao","Morar Group","null","null","null","null","null","null","null","null","null","null","null",""
"7476","Mcguinness - Blue Curacao","Morar Group","null","2019","6","1.0000","36.00","1","0","25.61","10.39","null","28.86111",""
"7477","Muffin Mix - Oatmeal","Morar Group","null","null","null","null","null","null","null","null","null","null","null",""
"7478","Muffin Mix - Oatmeal","Morar Group","null","null","null","null","null","null","null","null","null","null","null",""
"7479","Juice - Apple, 341 Ml","Morar Group","null","null","null","null","null","null","null","null","null","null","null",""
"7480","Juice - Apple, 341 Ml","Morar Group","null","2019","3","1.0000","130.00","1","0","56.46","73.54","null","56.56923",""
"7481","Wine - Chardonnay Mondavi","Morar Group","null","null","null","null","null","null","null","null","null","null","null",""
"7482","Wine - Chardonnay Mondavi","Morar Group","null","null","null","null","null","null","null","null","null","null","null",""
"7483","Tofu - Soft","Morar Group","null","null","null","null","null","null","null","null","null","null","null",""
"7484","Tofu - Soft","Morar Group","null","2019","4","5.0000","490.00","1","0","374.88","115.12","null","23.49388",""
"7485","Dried Matsutake 1lb","Morar Group","null","null","null","null","null","null","null","null","null","null","null",""
"7486","Dried Matsutake 1lb","Morar Group","null","null","null","null","null","null","null","null","null","null","null",""
"7487","Pepper - Sorrano","Morar Group","null","null","null","null","null","null","null","null","null","null","null",""
"7488","Pepper - Sorrano","Morar Group","null","2019","2","3.0000","93.75","1","0","28.04","65.71","null","70.09067",""
"7489","Coffee Caramel Biscotti","Morar Group","null","null","null","null","null","null","null","null","null","null","null",""
"7490","Coffee Caramel Biscotti","Morar Group","null","null","null","null","null","null","null","null","null","null","null",""
"7491","Cleaner - Comet","Morar Group","null","null","null","null","null","null","null","null","null","null","null",""
"7492","Cleaner - Comet","Morar Group","null","2019","1","1.0000","40.00","1","0","18.67","21.33","null","53.32500",""
"7493","Wine - Pinot Noir Latour","Morar Group","null","null","null","null","null","null","null","null","null","null","null",""
"7494","Wine - Pinot Noir Latour","Morar Group","null","null","null","null","null","null","null","null","null","null","null",""
"7495","Wine - Pinot Noir Latour","Morar Group","null","2019","2","7.0000","280.00","3","0","130.68","149.32","null","53.32857",""
"7496","Wine - Pinot Noir Latour","Morar Group","null","null","null","null","null","null","null","null","null","null","null",""
"7497","Wine - Pinot Noir Latour","Morar Group","null","2019","3","7.0000","291.00","4","0","130.68","160.32","null","55.09278",""
"7498","Wine - Pinot Noir Latour","Morar Group","null","2019","4","2.0000","80.00","1","0","37.34","42.66","null","53.32500",""
"7499","Wine - Pinot Noir Latour","Morar Group","null","2019","5","5.0000","200.00","1","0","93.34","106.66","null","53.33000",""
"7500","Soup - Campbells Mac N Cheese","Morar Group","null","null","null","null","null","null","null","null","null","null","null",""
"7501","Soup - Campbells Mac N Cheese","Morar Group","null","2019","3","3.0000","75.00","2","0","27.12","47.88","null","63.84000",""
"7502","Wine - Pinot Noir Pond Haddock","Morar Group","null","null","null","null","null","null","null","null","null","null","null",""
"7503","Wine - Pinot Noir Pond Haddock","Morar Group","null","null","null","null","null","null","null","null","null","null","null",""
"7504","Wine - Pinot Noir Pond Haddock","Morar Group","null","2019","4","1.0000","25.00","1","0","9.04","15.96","null","63.84000",""
"7505","Wine - Pinot Noir Pond Haddock","Morar Group","null","null","null","null","null","null","null","null","null","null","null",""
"7506","Wine - Pinot Noir Pond Haddock","Morar Group","null","2019","5","1.0000","25.00","1","0","9.04","15.96","null","63.84000",""
"7507","Egg - Salad Premix","Morar Group","null","null","null","null","null","null","null","null","null","null","null",""
"7508","Egg - Salad Premix","Morar Group","null","2019","1","1.0000","50.00","1","0","31.52","18.48","null","36.96000",""
"7509","Tomatoes - Roma","Morar Group","null","null","null","null","null","null","null","null","null","null","null",""
"7510","Tomatoes - Roma","Morar Group","null","null","null","null","null","null","null","null","null","null","null",""
"7511","Tomatoes - Roma","Morar Group","null","2019","2","1.0000","39.00","1","0","31.52","7.48","null","19.17949",""
"7512","Tomatoes - Roma","Morar Group","null","null","null","null","null","null","null","null","null","null","null",""
"7513","Milk - 2% 250 Ml","Morar Group","null","null","null","null","null","null","null","null","null","null","null",""
"7514","Milk - 2% 250 Ml","Morar Group","null","2019","5","4.0000","30.00","1","0","170.43","-140.43","null","-468.10000",""
"7515","Beer - Alexander Kieths, Pale Ale","Morar Group","null","null","null","null","null","null","null","null","null","null","null",""
"7516","Beer - Alexander Kieths, Pale Ale","Morar Group","null","null","null","null","null","null","null","null","null","null","null",""
"7517","Pepper - Jalapeno","Morar Group","null","null","null","null","null","null","null","null","null","null","null",""
"7518","Pepper - Jalapeno","Morar Group","null","2019","5","2.0000","18.00","1","0","10.60","7.40","null","41.11111",""
"7519","Thyme - Fresh","Morar Group","null","null","null","null","null","null","null","null","null","null","null",""
"7520","Thyme - Fresh","Morar Group","null","null","null","null","null","null","null","null","null","null","null",""
"7521","Rye Special Old","Morar Group","null","null","null","null","null","null","null","null","null","null","null",""
"7522","Rye Special Old","Morar Group","null","2019","1","2.0000","44.00","1","0","27.10","16.90","null","38.40909",""
"7523","Fresh Cape Gooseberries 12 pp/cs","Morar Group","null","null","null","null","null","null","null","null","null","null","null",""
"7524","Fresh Cape Gooseberries 12 pp/cs","Morar Group","null","null","null","null","null","null","null","null","null","null","null",""
"7525","Fresh Cape Gooseberries 12 pp/cs","Morar Group","null","2019","2","3.0000","60.00","2","0","40.56","19.44","null","32.40000",""
"7526","Fresh Cape Gooseberries 12 pp/cs","Morar Group","null","null","null","null","null","null","null","null","null","null","null",""
"7527","Kahlua","Morar Group","null","null","null","null","null","null","null","null","null","null","null",""
"7528","Kahlua","Morar Group","null","2019","2","1.0000","70.00","1","0","11.75","58.25","null","83.21429",""
"7529","White Truffle Cream 180 g","Morar Group","null","null","null","null","null","null","null","null","null","null","null",""
"7530","White Truffle Cream 180 g","Morar Group","null","null","null","null","null","null","null","null","null","null","null",""
"7531","Pie Shells 10","Morar Group","null","null","null","null","null","null","null","null","null","null","null",""
"7532","Pie Shells 10","Morar Group","null","2019","1","2.0000","80.00","1","0","31.65","48.35","null","60.43750",""
"7533","Towel Dispenser","Morar Group","null","null","null","null","null","null","null","null","null","null","null",""
"7534","Towel Dispenser","Morar Group","null","null","null","null","null","null","null","null","null","null","null",""
"7535","Towel Dispenser","Morar Group","null","2019","3","3.0000","120.00","1","0","47.48","72.52","null","60.43333",""
"7536","Towel Dispenser","Morar Group","null","null","null","null","null","null","null","null","null","null","null",""
"7537","Towel Dispenser","Morar Group","null","2019","6","3.0000","210.00","2","1","47.48","57.52","null","54.78095",""
"7538","Bagel - 12 Grain Preslice","Morar Group","null","null","null","null","null","null","null","null","null","null","null",""
"7539","Bagel - 12 Grain Preslice","Morar Group","null","2019","3","1.0000","10.00","1","0","2.92","7.08","null","70.80000",""
"7540","Pop - Club Soda Can","Morar Group","null","null","null","null","null","null","null","null","null","null","null",""
"7541","Pop - Club Soda Can","Morar Group","null","null","null","null","null","null","null","null","null","null","null",""
"7542","Pop - Club Soda Can","Morar Group","null","2019","5","1.0000","10.00","1","0","2.92","7.08","null","70.80000",""
"7543","Pop - Club Soda Can","Morar Group","null","null","null","null","null","null","null","null","null","null","null",""
"7544","Vinegar - Balsamic, White","Morar Group","null","null","null","null","null","null","null","null","null","null","null",""
"7545","Vinegar - Balsamic, White","Morar Group","null","2019","5","1.0000","44.00","1","0","25.62","18.38","null","41.77273",""
"7546","White (Bianco)Truffle Oil 250 ml","Morar Group","null","null","null","null","null","null","null","null","null","null","null",""
"7547","White (Bianco)Truffle Oil 250 ml","Morar Group","null","null","null","null","null","null","null","null","null","null","null",""
"7548","White (Bianco)Truffle Oil 250 ml","Morar Group","null","null","null","null","null","null","null","null","null","null","null",""
"7549","null","null","Customer Total:","null","null","null","4,436.40","null","null","2,755.48","null","null","null",""
"7550","White (Bianco)Truffle Oil 250 ml","Morar Group","null","null","null","null","null","null","null","null","null","null","null",""
"7551","White (Bianco)Truffle Oil 250 ml","Pouros, Ziemann and Braun","null","null","null","null","null","null","null","null","null","null","null",""
"7552","Vinegar - Balsamic, White","Pouros, Ziemann and Braun","null","null","null","null","null","null","null","null","null","null","null",""
"7553","Vinegar - Balsamic, White","Pouros, Ziemann and Braun","null","2019","1","3.0000","115.50","1","0","63.39","52.11","null","45.11688",""
"7554","White (Bianco)Truffle Oil 250 ml","Pouros, Ziemann and Braun","null","null","null","null","null","null","null","null","null","null","null",""
"7555","White (Bianco)Truffle Oil 250 ml","Pouros, Ziemann and Braun","null","null","null","null","null","null","null","null","null","null","null",""
"7556","White (Bianco)Truffle Oil 250 ml","Pouros, Ziemann and Braun","null","2019","3","8.0000","312.00","1","0","204.96","107.04","null","34.30769",""
"7557","White (Bianco)Truffle Oil 250 ml","Pouros, Ziemann and Braun","null","null","null","null","null","null","null","null","null","null","null",""
"7558","White (Bianco)Truffle Oil 250 ml","Pouros, Ziemann and Braun","null","null","null","null","null","null","null","null","null","null","null",""
"7559","null","null","Customer Total:","null","null","null","427.50","null","null","268.35","null","null","null",""
"7560","Canada Dry","Jacobson, Raynor and Marvin","null","null","null","null","null","null","null","null","null","null","null",""
"7561","Canada Dry","Jacobson, Raynor and Marvin","null","null","null","null","null","null","null","null","null","null","null",""
"7562","null","null","Total Sales:","null","null","null","2,678,619.38","null","null","1,200,886.66","null","null","null",""
